s2id,iso3,label,sublabel,lat,lon,PSMA Use,Use
1069c959,NGA,RIVERS COMPLEX,PORT HARCOURT,4.762069923,7.004529117,YES,Handels all vessel classes. High reefer traffic
1069c957,NGA,RIVERS COMPLEX,PORT HARCOURT,4.764920145,7.006510738,YES,Handels all vessel classes. High reefer traffic
1069cbfd,NGA,RIVERS COMPLEX,PORT HARCOURT,4.767280589,7.008268278,YES,Handels all vessel classes. High reefer traffic
1069c955,NGA,RIVERS COMPLEX,PORT HARCOURT,4.774188138,7.003442965,YES,Handels all vessel classes. High reefer traffic
1069cbff,NGA,RIVERS COMPLEX,PORT HARCOURT,4.771766487,7.009175821,YES,Handels all vessel classes. High reefer traffic
103b8a29,NGA,LAGOS,TIN CAN ALLEY FIVE STAR TERMINAL,6.429450205,3.341035852,YES,Container terminal. May be used by reefers to containerise 
103b8a31,NGA,LAGOS,TIN CAN ALLEY TERMINAL,6.432200004,3.351623244,YES,Container terminal. May be used by reefers to containerise 
103b8ae3,NGA,LAGOS,APAPA RAIL BARGE JETTY,6.434577177,3.392696086,YES,Container terminal. May be used by reefers to containerise 
103b8a37,NGA,LAGOS,TIN CAN ALLEY TERMINAL,6.431795187,3.356026629,YES,Container terminal. May be used by reefers to containerise 
103b8a2f,NGA,LAGOS,TIN CAN ALLEY SIFAX PORT,6.431219311,3.347021563,YES,Container terminal. May be used by reefers to containerise 
103b8afd,NGA,LAGOS,APAPA MULLER JETTY ,6.436135343,3.387016974,YES,Container terminal. May be used by reefers to containerise 
103b8a27,NGA,LAGOS,NIGERDOCK,6.426708345,3.340796061,YES,"Docking area, used by many vessel types"
103b8989,NGA,LAGOS,NIGERDOCK,6.426928019,3.338205915,YES,"Docking area, used by many vessel types"
103b8b07,NGA,LAGOS,APAPA BULK TERMINAL,6.44498581,3.380382594,YES,"General cargo area, highest reefer usage "
103b8ba9,NGA,LAGOS,APAPA BULK TERMINAL,6.447755591,3.37589008,YES,"General cargo area, highest reefer usage "
103b8b01,NGA,LAGOS,APAPA BULK TERMINAL,6.443778393,3.382700167,YES,"General cargo area, highest reefer usage "
103b8b03,NGA,LAGOS,APAPA BULK TERMINAL,6.442071977,3.386829237,YES,"General cargo area, highest reefer usage "
103b8b1d,NGA,LAGOS,APAPA BULK TERMINAL,6.440184938,3.391619389,YES,"General cargo area, highest reefer usage "
103b8a49,NGA,LAGOS,NIGERIAN FLOUR MILL,6.431654422,3.360397367,YES,"General cargo area, may be used by reefers"
103b8aff,NGA,LAGOS,APAPA SUGAR REFINERY,6.437218919,3.381654259,YES,Occasional reefer visits
103b8a53,NGA,LAGOS,PURE FLOUR MILL,6.43480405,3.372609471,YES,Occasional reefer visits
103b8a55,NGA,LAGOS,STANDARD FLOUR MILL,6.436089833,3.375704817,YES,Occasional reefer visits
103c7571,NGA,LAGOS,OUTER ANCHORAGE EAST,6.383263877,3.386979877,YES,Outer anchorage 
103c756d,NGA,LAGOS,OUTER ANCHORAGE EAST,6.378332612,3.391456342,YES,Outer anchorage 
103c7575,NGA,LAGOS,OUTER ANCHORAGE EAST,6.377703952,3.382278494,YES,Outer anchorage 
103c7573,NGA,LAGOS,OUTER ANCHORAGE EAST,6.377754725,3.386823689,YES,Outer anchorage 
103c756f,NGA,LAGOS,OUTER ANCHORAGE EAST,6.382813056,3.391256176,YES,Outer anchorage 
103c7577,NGA,LAGOS,OUTER ANCHORAGE EAST,6.383447686,3.382562407,YES,Outer anchorage 
103c753d,NGA,LAGOS,OUTER ANCHORAGE EAST,6.367088136,3.401139585,YES,Outer anchorage 
103c7521,NGA,LAGOS,OUTER ANCHORAGE EAST,6.3565408,3.401714657,YES,Outer anchorage 
103c7523,NGA,LAGOS,OUTER ANCHORAGE EAST,6.361928536,3.401806688,YES,Outer anchorage 
103c0abf,NGA,LAGOS,OUTER ANCHORAGE EAST,6.377233614,3.437238203,YES,Outer anchorage 
103c7507,NGA,LAGOS,OUTER ANCHORAGE EAST,6.36279278,3.382060517,YES,Outer anchorage 
103c751b,NGA,LAGOS,OUTER ANCHORAGE EAST,6.362867978,3.391462586,YES,Outer anchorage 
103c75ab,NGA,LAGOS,OUTER ANCHORAGE EAST,6.356751094,3.376655369,YES,Outer anchorage 
103c753f,NGA,LAGOS,OUTER ANCHORAGE EAST,6.372350849,3.400884527,YES,Outer anchorage 
103c751f,NGA,LAGOS,OUTER ANCHORAGE EAST,6.356413455,3.396741529,YES,Outer anchorage 
103c766f,NGA,LAGOS,OUTER ANCHORAGE EAST,6.367501852,3.326589712,YES,Outer anchorage 
103c7671,NGA,LAGOS,OUTER ANCHORAGE EAST,6.367459666,3.330967557,YES,Outer anchorage 
103c7519,NGA,LAGOS,OUTER ANCHORAGE EAST,6.362501831,3.397112367,YES,Outer anchorage 
103c75d9,NGA,LAGOS,OUTER ANCHORAGE EAST,6.367733644,3.341123859,YES,Outer anchorage 
103c0a95,NGA,LAGOS,OUTER ANCHORAGE EAST,6.377361379,3.442480424,YES,Outer anchorage 
103c7515,NGA,LAGOS,OUTER ANCHORAGE EAST,6.372777968,3.396769473,YES,Outer anchorage 
103c7517,NGA,LAGOS,OUTER ANCHORAGE EAST,6.367166984,3.397022219,YES,Outer anchorage 
103c75df,NGA,LAGOS,OUTER ANCHORAGE EAST,6.372976953,3.341291583,YES,Outer anchorage 
103c751d,NGA,LAGOS,OUTER ANCHORAGE EAST,6.356692702,3.392229113,YES,Outer anchorage 
103c7503,NGA,LAGOS,OUTER ANCHORAGE EAST,6.355961028,3.386594127,YES,Outer anchorage 
103c7501,NGA,LAGOS,OUTER ANCHORAGE EAST,6.35692285,3.381852163,YES,Outer anchorage 
103c75a9,NGA,LAGOS,OUTER ANCHORAGE EAST,6.36178079,3.37691938,YES,Outer anchorage 
103c7677,NGA,LAGOS,OUTER ANCHORAGE EAST,6.367714256,3.336393598,YES,Outer anchorage 
103c7505,NGA,LAGOS,OUTER ANCHORAGE EAST,6.362689292,3.386583905,YES,Outer anchorage 
103c74b7,NGA,LAGOS,OUTER ANCHORAGE EAST,6.330219069,3.411776197,YES,Outer anchorage 
103c0b4b,NGA,LAGOS,OUTER ANCHORAGE EAST,6.330536133,3.42220351,YES,Outer anchorage 
103c748f,NGA,LAGOS,OUTER ANCHORAGE EAST,6.325165807,3.386854648,YES,Outer anchorage 
103c0b1b,NGA,LAGOS,OUTER ANCHORAGE EAST,6.345783568,3.447400343,YES,Outer anchorage 
103c0b4d,NGA,LAGOS,OUTER ANCHORAGE EAST,6.325197065,3.422087679,YES,Outer anchorage 
103c0b01,NGA,LAGOS,OUTER ANCHORAGE EAST,6.350408465,3.457563863,YES,Outer anchorage 
103c0b47,NGA,LAGOS,OUTER ANCHORAGE EAST,6.3297693,3.432504821,YES,Outer anchorage 
103c0bab,NGA,LAGOS,OUTER ANCHORAGE EAST,6.351129412,3.462659917,YES,Outer anchorage 
103c0b3d,NGA,LAGOS,OUTER ANCHORAGE EAST,6.34038464,3.437261235,YES,Outer anchorage 
103c0bad,NGA,LAGOS,OUTER ANCHORAGE EAST,6.350850487,3.467423289,YES,Outer anchorage 
103c7415,NGA,LAGOS,OUTER ANCHORAGE EAST,6.330643785,3.356492239,YES,Outer anchorage 
103c7419,NGA,LAGOS,OUTER ANCHORAGE EAST,6.330194478,3.346511073,YES,Outer anchorage 
103c76a3,NGA,LAGOS,OUTER ANCHORAGE EAST,6.331751732,3.331640912,YES,Outer anchorage 
103c0b1d,NGA,LAGOS,OUTER ANCHORAGE EAST,6.350775027,3.447492932,YES,Outer anchorage 
103c7465,NGA,LAGOS,OUTER ANCHORAGE EAST,6.325351732,3.371690246,YES,Outer anchorage 
103c0b03,NGA,LAGOS,OUTER ANCHORAGE EAST,6.350827224,3.452243101,YES,Outer anchorage 
103c0b15,NGA,LAGOS,OUTER ANCHORAGE EAST,6.33560962,3.442070292,YES,Outer anchorage 
103c76a1,NGA,LAGOS,OUTER ANCHORAGE EAST,6.330447545,3.336923436,YES,Outer anchorage 
103c0b49,NGA,LAGOS,OUTER ANCHORAGE EAST,6.330060109,3.427225761,YES,Outer anchorage 
103c7971,NGA,LAGOS,OUTER ANCHORAGE WEST,6.325903752,3.210822266,YES,Outer anchorage 
103c0b07,NGA,LAGOS,OUTER ANCHORAGE EAST,6.34576656,3.45709417,YES,Outer anchorage 
103c7469,NGA,LAGOS,OUTER ANCHORAGE EAST,6.330860131,3.366578189,YES,Outer anchorage 
103c74bb,NGA,LAGOS,OUTER ANCHORAGE EAST,6.325108736,3.40680288,YES,Outer anchorage 
103c7413,NGA,LAGOS,OUTER ANCHORAGE EAST,6.325307412,3.356676854,YES,Outer anchorage 
103c0b3f,NGA,LAGOS,OUTER ANCHORAGE EAST,6.335530957,3.43717404,YES,Outer anchorage 
103c74bf,NGA,LAGOS,OUTER ANCHORAGE EAST,6.329975997,3.401637468,YES,Outer anchorage 
103c76a7,NGA,LAGOS,OUTER ANCHORAGE EAST,6.325017512,3.336241863,YES,Outer anchorage 
103c0b17,NGA,LAGOS,OUTER ANCHORAGE EAST,6.340152255,3.442401254,YES,Outer anchorage 
103c0ba9,NGA,LAGOS,OUTER ANCHORAGE EAST,6.345785076,3.462488508,YES,Outer anchorage 
103c741d,NGA,LAGOS,OUTER ANCHORAGE EAST,6.325536071,3.340622719,YES,Outer anchorage 
103c0b05,NGA,LAGOS,OUTER ANCHORAGE EAST,6.345866984,3.452563666,YES,Outer anchorage 
103c746b,NGA,LAGOS,OUTER ANCHORAGE EAST,6.330344962,3.361376764,YES,Outer anchorage 
103c74b5,NGA,LAGOS,OUTER ANCHORAGE EAST,6.330006561,3.417158718,YES,Outer anchorage 
103c7493,NGA,LAGOS,OUTER ANCHORAGE EAST,6.33022619,3.391830212,YES,Outer anchorage 
103c74b9,NGA,LAGOS,OUTER ANCHORAGE EAST,6.330166917,3.406721221,YES,Outer anchorage 
103c746d,NGA,LAGOS,OUTER ANCHORAGE EAST,6.325039064,3.361444503,YES,Outer anchorage 
103c7467,NGA,LAGOS,OUTER ANCHORAGE EAST,6.330130246,3.37189542,YES,Outer anchorage 
103c741f,NGA,LAGOS,OUTER ANCHORAGE EAST,6.330653804,3.34121918,YES,Outer anchorage 
103c741b,NGA,LAGOS,OUTER ANCHORAGE EAST,6.325362086,3.346709116,YES,Outer anchorage 
103c746f,NGA,LAGOS,OUTER ANCHORAGE EAST,6.325128752,3.366740537,YES,Outer anchorage 
103c7417,NGA,LAGOS,OUTER ANCHORAGE EAST,6.330600303,3.351423809,YES,Outer anchorage 
103c7495,NGA,LAGOS,OUTER ANCHORAGE EAST,6.330205542,3.397113793,YES,Outer anchorage 
103c748d,NGA,LAGOS,OUTER ANCHORAGE EAST,6.329831302,3.386818323,YES,Outer anchorage 
103c7afd,NGA,LAGOS,OUTER ANCHORAGE WEST,6.262426834,3.220684716,YES,Outer anchorage 
103c7b9f,NGA,LAGOS,OUTER ANCHORAGE WEST,6.273389443,3.195286941,YES,Outer anchorage 
103c7b83,NGA,LAGOS,OUTER ANCHORAGE WEST,6.273956574,3.185630766,YES,Outer anchorage 
103c7ba7,NGA,LAGOS,OUTER ANCHORAGE WEST,6.273137074,3.205628468,YES,Outer anchorage 
103c7ba1,NGA,LAGOS,OUTER ANCHORAGE WEST,6.273395846,3.200278224,YES,Outer anchorage 
103c7ba9,NGA,LAGOS,OUTER ANCHORAGE WEST,6.273243507,3.210536668,YES,Outer anchorage 
103c7b77,NGA,LAGOS,OUTER ANCHORAGE WEST,6.268438898,3.190479938,YES,Outer anchorage 
103c7a55,NGA,LAGOS,OUTER ANCHORAGE WEST,6.273132679,3.220807218,YES,Outer anchorage 
103c7b0b,NGA,LAGOS,OUTER ANCHORAGE WEST,6.267843765,3.201143186,YES,Outer anchorage 
103c7a59,NGA,LAGOS,OUTER ANCHORAGE WEST,6.273270852,3.23019485,YES,Outer anchorage 
103c7aff,NGA,LAGOS,OUTER ANCHORAGE WEST,6.267402429,3.220282565,YES,Outer anchorage 
103c7b07,NGA,LAGOS,OUTER ANCHORAGE WEST,6.268260976,3.210544488,YES,Outer anchorage 
103c7bab,NGA,LAGOS,OUTER ANCHORAGE WEST,6.273141362,3.215882198,YES,Outer anchorage 
103c7a57,NGA,LAGOS,OUTER ANCHORAGE WEST,6.2733246,3.22542714,YES,Outer anchorage 
103c7a5f,NGA,LAGOS,OUTER ANCHORAGE WEST,6.272914796,3.235480309,YES,Outer anchorage 
103c7b9d,NGA,LAGOS,OUTER ANCHORAGE WEST,6.273049063,3.190584537,YES,Outer anchorage 
103c7af9,NGA,LAGOS,OUTER ANCHORAGE WEST,6.268391358,3.225139414,YES,Outer anchorage 
103c7b01,NGA,LAGOS,OUTER ANCHORAGE WEST,6.267664319,3.215658824,YES,Outer anchorage 
103c7b09,NGA,LAGOS,OUTER ANCHORAGE WEST,6.268082258,3.205544657,YES,Outer anchorage 
103c7693,NGA,LAGOS,OUTER ANCHORAGE EAST,6.341291097,3.321322426,YES,Outer anchorage 
103c74c9,NGA,LAGOS,OUTER ANCHORAGE EAST,6.33538832,3.411772914,YES,Outer anchorage 
103c0b25,NGA,LAGOS,OUTER ANCHORAGE EAST,6.345731134,3.432414207,YES,Outer anchorage 
103c74cd,NGA,LAGOS,OUTER ANCHORAGE EAST,6.340590429,3.417043537,YES,Outer anchorage 
103c7425,NGA,LAGOS,OUTER ANCHORAGE EAST,6.341632234,3.346291532,YES,Outer anchorage 
103c0b39,NGA,LAGOS,OUTER ANCHORAGE EAST,6.335571135,3.432081982,YES,Outer anchorage 
103c0b3b,NGA,LAGOS,OUTER ANCHORAGE EAST,6.340710066,3.43217297,YES,Outer anchorage 
103c7697,NGA,LAGOS,OUTER ANCHORAGE EAST,6.336410882,3.326353025,YES,Outer anchorage 
103c769b,NGA,LAGOS,OUTER ANCHORAGE EAST,6.341391993,3.331478962,YES,Outer anchorage 
103c7461,NGA,LAGOS,OUTER ANCHORAGE EAST,6.329987012,3.376134893,YES,Outer anchorage 
103c7441,NGA,LAGOS,OUTER ANCHORAGE EAST,6.335590269,3.361692445,YES,Outer anchorage 
103c7427,NGA,LAGOS,OUTER ANCHORAGE EAST,6.341291627,3.341475291,YES,Outer anchorage 
103c7695,NGA,LAGOS,OUTER ANCHORAGE EAST,6.336248724,3.32137149,YES,Outer anchorage 
103c0b27,NGA,LAGOS,OUTER ANCHORAGE EAST,6.351047123,3.43227277,YES,Outer anchorage 
103c0b35,NGA,LAGOS,OUTER ANCHORAGE EAST,6.335294494,3.42219895,YES,Outer anchorage 
103c769d,NGA,LAGOS,OUTER ANCHORAGE EAST,6.341615802,3.336456131,YES,Outer anchorage 
103c0b31,NGA,LAGOS,OUTER ANCHORAGE EAST,6.340263416,3.427596866,YES,Outer anchorage 
103c0ae3,NGA,LAGOS,OUTER ANCHORAGE EAST,6.356459851,3.447127287,YES,Outer anchorage 
103c0a57,NGA,LAGOS,OUTER ANCHORAGE EAST,6.361379967,3.462559576,YES,Outer anchorage 
103c743f,NGA,LAGOS,OUTER ANCHORAGE EAST,6.335267871,3.356787913,YES,Outer anchorage 
103c0aff,NGA,LAGOS,OUTER ANCHORAGE EAST,6.356711999,3.45731808,YES,Outer anchorage 
103c7439,NGA,LAGOS,OUTER ANCHORAGE EAST,6.341316855,3.356644313,YES,Outer anchorage 
103c7447,NGA,LAGOS,OUTER ANCHORAGE EAST,6.340794283,3.361586376,YES,Outer anchorage 
103c7489,NGA,LAGOS,OUTER ANCHORAGE EAST,6.325076088,3.381918131,YES,Outer anchorage 
103c0afb,NGA,LAGOS,OUTER ANCHORAGE EAST,6.361510388,3.452315416,YES,Outer anchorage 
103c74cb,NGA,LAGOS,OUTER ANCHORAGE EAST,6.335306519,3.417054632,YES,Outer anchorage 
103c76ed,NGA,LAGOS,OUTER ANCHORAGE EAST,6.341766416,3.316424988,YES,Outer anchorage 
103c7691,NGA,LAGOS,OUTER ANCHORAGE EAST,6.341441597,3.326241459,YES,Outer anchorage 
103c7463,NGA,LAGOS,OUTER ANCHORAGE EAST,6.325052992,3.376450867,YES,Outer anchorage 
103c0b37,NGA,LAGOS,OUTER ANCHORAGE EAST,6.335489318,3.427530951,YES,Outer anchorage 
103c0b23,NGA,LAGOS,OUTER ANCHORAGE EAST,6.346034208,3.437158188,YES,Outer anchorage 
103c0af9,NGA,LAGOS,OUTER ANCHORAGE EAST,6.361408688,3.457512606,YES,Outer anchorage 
103c743b,NGA,LAGOS,OUTER ANCHORAGE EAST,6.34098673,3.351520558,YES,Outer anchorage 
103c0a55,NGA,LAGOS,OUTER ANCHORAGE EAST,6.356141136,3.462826303,YES,Outer anchorage 
103c74c5,NGA,LAGOS,OUTER ANCHORAGE EAST,6.340749151,3.40699168,YES,Outer anchorage 
103c0ae5,NGA,LAGOS,OUTER ANCHORAGE EAST,6.361493645,3.447098045,YES,Outer anchorage 
103c7423,NGA,LAGOS,OUTER ANCHORAGE EAST,6.335610632,3.346338766,YES,Outer anchorage 
103c748b,NGA,LAGOS,OUTER ANCHORAGE EAST,6.330351931,3.38179391,YES,Outer anchorage 
103c0b2f,NGA,LAGOS,OUTER ANCHORAGE EAST,6.345742465,3.427146476,YES,Outer anchorage 
103c0b21,NGA,LAGOS,OUTER ANCHORAGE EAST,6.35106416,3.437045502,YES,Outer anchorage 
103c7699,NGA,LAGOS,OUTER ANCHORAGE EAST,6.335852036,3.331151546,YES,Outer anchorage 
103c0b33,NGA,LAGOS,OUTER ANCHORAGE EAST,6.340599749,3.42195667,YES,Outer anchorage 
103c0b19,NGA,LAGOS,OUTER ANCHORAGE EAST,6.346151987,3.44223805,YES,Outer anchorage 
103c76eb,NGA,LAGOS,OUTER ANCHORAGE EAST,6.336406544,3.316396378,YES,Outer anchorage 
103c743d,NGA,LAGOS,OUTER ANCHORAGE EAST,6.33561868,3.351581733,YES,Outer anchorage 
103c0b29,NGA,LAGOS,OUTER ANCHORAGE EAST,6.351379846,3.427498432,YES,Outer anchorage 
103c74cf,NGA,LAGOS,OUTER ANCHORAGE EAST,6.340476906,3.411696706,YES,Outer anchorage 
103c769f,NGA,LAGOS,OUTER ANCHORAGE EAST,6.335643182,3.336349882,YES,Outer anchorage 
103c74c7,NGA,LAGOS,OUTER ANCHORAGE EAST,6.335586199,3.407118569,YES,Outer anchorage 
103c0afd,NGA,LAGOS,OUTER ANCHORAGE EAST,6.356173269,3.452529023,YES,Outer anchorage 
103c7421,NGA,LAGOS,OUTER ANCHORAGE EAST,6.335495436,3.341833285,YES,Outer anchorage 
103c0a53,NGA,LAGOS,OUTER ANCHORAGE EAST,6.356657697,3.467316919,YES,Outer anchorage 
103c0b1f,NGA,LAGOS,OUTER ANCHORAGE EAST,6.350736979,3.442071466,YES,Outer anchorage 
103c7a53,NGA,LAGOS,OUTER ANCHORAGE WEST,6.278061558,3.220673277,YES,Outer anchorage 
103c7bbd,NGA,LAGOS,OUTER ANCHORAGE WEST,6.283406788,3.200534453,YES,Outer anchorage 
103c7a51,NGA,LAGOS,OUTER ANCHORAGE WEST,6.2780142,3.225718521,YES,Outer anchorage 
103c7b9b,NGA,LAGOS,OUTER ANCHORAGE WEST,6.277798854,3.190497542,YES,Outer anchorage 
103c7baf,NGA,LAGOS,OUTER ANCHORAGE WEST,6.278209374,3.210575908,YES,Outer anchorage 
103c7ba5,NGA,LAGOS,OUTER ANCHORAGE WEST,6.278327285,3.20568577,YES,Outer anchorage 
103c7b91,NGA,LAGOS,OUTER ANCHORAGE WEST,6.283688697,3.190760635,YES,Outer anchorage 
103c7a5d,NGA,LAGOS,OUTER ANCHORAGE WEST,6.278383885,3.235758301,YES,Outer anchorage 
103c7b97,NGA,LAGOS,OUTER ANCHORAGE WEST,6.283700614,3.195148457,YES,Outer anchorage 
103c7bad,NGA,LAGOS,OUTER ANCHORAGE WEST,6.278211262,3.216183299,YES,Outer anchorage 
103c7bb3,NGA,LAGOS,OUTER ANCHORAGE WEST,6.283950002,3.215642567,YES,Outer anchorage 
103c7a4d,NGA,LAGOS,OUTER ANCHORAGE WEST,6.283625387,3.220449382,YES,Outer anchorage 
103c7165,NGA,LAGOS,OUTER ANCHORAGE EAST,6.282218272,3.330957942,YES,Outer anchorage 
103c7bb1,NGA,LAGOS,OUTER ANCHORAGE WEST,6.283682482,3.210781824,YES,Outer anchorage 
103c7a43,NGA,LAGOS,OUTER ANCHORAGE WEST,6.283380234,3.235462227,YES,Outer anchorage 
103c7a4f,NGA,LAGOS,OUTER ANCHORAGE WEST,6.283607443,3.225372946,YES,Outer anchorage 
103c7b8f,NGA,LAGOS,OUTER ANCHORAGE WEST,6.283775821,3.184836104,YES,Outer anchorage 
103c716d,NGA,LAGOS,OUTER ANCHORAGE EAST,6.283617176,3.321823705,YES,Outer anchorage 
103c7ba3,NGA,LAGOS,OUTER ANCHORAGE WEST,6.277941753,3.201047193,YES,Outer anchorage 
103c7bbb,NGA,LAGOS,OUTER ANCHORAGE WEST,6.283920398,3.205716338,YES,Outer anchorage 
103c73b5,NGA,LAGOS,OUTER ANCHORAGE EAST,6.271634366,3.361069553,YES,Outer anchorage 
103c717b,NGA,LAGOS,OUTER ANCHORAGE EAST,6.277043551,3.331173191,YES,Outer anchorage 
103c7a5b,NGA,LAGOS,OUTER ANCHORAGE WEST,6.278382826,3.2308604,YES,Outer anchorage 
103c7b99,NGA,LAGOS,OUTER ANCHORAGE WEST,6.278250559,3.195000953,YES,Outer anchorage 
103c716f,NGA,LAGOS,OUTER ANCHORAGE EAST,6.28337261,3.326279173,YES,Outer anchorage 
103c7a45,NGA,LAGOS,OUTER ANCHORAGE WEST,6.28396064,3.230932942,YES,Outer anchorage 
103c7b85,NGA,LAGOS,OUTER ANCHORAGE WEST,6.278072492,3.185447427,YES,Outer anchorage 
103c7a4b,NGA,LAGOS,OUTER ANCHORAGE WEST,6.288567721,3.220851091,YES,Outer anchorage 
103c7b8d,NGA,LAGOS,OUTER ANCHORAGE WEST,6.288955631,3.186165952,YES,Outer anchorage 
103c7bb9,NGA,LAGOS,OUTER ANCHORAGE WEST,6.28860302,3.205544828,YES,Outer anchorage 
103c7bb5,NGA,LAGOS,OUTER ANCHORAGE WEST,6.289029539,3.21563989,YES,Outer anchorage 
103c7bb7,NGA,LAGOS,OUTER ANCHORAGE WEST,6.288995462,3.210397049,YES,Outer anchorage 
103c7117,NGA,LAGOS,OUTER ANCHORAGE EAST,6.288211066,3.310895135,YES,Outer anchorage 
103c7a41,NGA,LAGOS,OUTER ANCHORAGE WEST,6.288674895,3.235561113,YES,Outer anchorage 
103c7bc9,NGA,LAGOS,OUTER ANCHORAGE WEST,6.294055915,3.210450157,YES,Outer anchorage 
103c7143,NGA,LAGOS,OUTER ANCHORAGE EAST,6.293594099,3.326450989,YES,Outer anchorage 
103c7a39,NGA,LAGOS,OUTER ANCHORAGE WEST,6.293785398,3.23084363,YES,Outer anchorage 
103c713f,NGA,LAGOS,OUTER ANCHORAGE EAST,6.293447307,3.316395692,YES,Outer anchorage 
103c73c5,NGA,LAGOS,OUTER ANCHORAGE EAST,6.282781313,3.351583016,YES,Outer anchorage 
103c73b9,NGA,LAGOS,OUTER ANCHORAGE EAST,6.282412839,3.361565641,YES,Outer anchorage 
103c717d,NGA,LAGOS,OUTER ANCHORAGE EAST,6.277581012,3.335917949,YES,Outer anchorage 
103c7a15,NGA,LAGOS,OUTER ANCHORAGE WEST,6.294607351,3.239780198,YES,Outer anchorage 
103c73a7,NGA,LAGOS,OUTER ANCHORAGE EAST,6.282726977,3.37705868,YES,Outer anchorage 
103c7119,NGA,LAGOS,OUTER ANCHORAGE EAST,6.288885273,3.305908358,YES,Outer anchorage 
103c7bcb,NGA,LAGOS,OUTER ANCHORAGE WEST,6.293512123,3.215581469,YES,Outer anchorage 
103c7123,NGA,LAGOS,OUTER ANCHORAGE EAST,6.294006666,3.306417592,YES,Outer anchorage 
103c7a6b,NGA,LAGOS,OUTER ANCHORAGE WEST,6.288722374,3.240338853,YES,Outer anchorage 
103c711f,NGA,LAGOS,OUTER ANCHORAGE EAST,6.288007687,3.301479549,YES,Outer anchorage 
103c715d,NGA,LAGOS,OUTER ANCHORAGE EAST,6.29354922,3.331101117,YES,Outer anchorage 
103c7bc7,NGA,LAGOS,OUTER ANCHORAGE WEST,6.293811768,3.20584861,YES,Outer anchorage 
103c7a47,NGA,LAGOS,OUTER ANCHORAGE WEST,6.288877072,3.230395282,YES,Outer anchorage 
103c70e1,NGA,LAGOS,OUTER ANCHORAGE EAST,6.288129069,3.296507112,YES,Outer anchorage 
103c7169,NGA,LAGOS,OUTER ANCHORAGE EAST,6.288723667,3.326241181,YES,Outer anchorage 
103c716b,NGA,LAGOS,OUTER ANCHORAGE EAST,6.288290317,3.321517861,YES,Outer anchorage 
103c7163,NGA,LAGOS,OUTER ANCHORAGE EAST,6.282861071,3.337144936,YES,Outer anchorage 
103c7bed,NGA,LAGOS,OUTER ANCHORAGE WEST,6.294205557,3.190295383,YES,Outer anchorage 
103c7115,NGA,LAGOS,OUTER ANCHORAGE EAST,6.288183435,3.316087802,YES,Outer anchorage 
103c7b95,NGA,LAGOS,OUTER ANCHORAGE WEST,6.288717957,3.19538046,YES,Outer anchorage 
103c7a35,NGA,LAGOS,OUTER ANCHORAGE WEST,6.294294193,3.220631591,YES,Outer anchorage 
103c7a37,NGA,LAGOS,OUTER ANCHORAGE WEST,6.294291832,3.225898845,YES,Outer anchorage 
103c7beb,NGA,LAGOS,OUTER ANCHORAGE WEST,6.294417799,3.195132327,YES,Outer anchorage 
103c7141,NGA,LAGOS,OUTER ANCHORAGE EAST,6.294223298,3.321895917,YES,Outer anchorage 
103c73d7,NGA,LAGOS,OUTER ANCHORAGE EAST,6.27828552,3.341069177,YES,Outer anchorage 
103c73a5,NGA,LAGOS,OUTER ANCHORAGE EAST,6.282960265,3.371613142,YES,Outer anchorage 
103c7b93,NGA,LAGOS,OUTER ANCHORAGE WEST,6.288964621,3.190090254,YES,Outer anchorage 
103c73c7,NGA,LAGOS,OUTER ANCHORAGE EAST,6.282304498,3.35629912,YES,Outer anchorage 
103c70dd,NGA,LAGOS,OUTER ANCHORAGE EAST,6.29389534,3.290533973,YES,Outer anchorage 
103c73d1,NGA,LAGOS,OUTER ANCHORAGE EAST,6.277576239,3.346347414,YES,Outer anchorage 
103c713d,NGA,LAGOS,OUTER ANCHORAGE EAST,6.293207179,3.311916171,YES,Outer anchorage 
103c7bf3,NGA,LAGOS,OUTER ANCHORAGE WEST,6.293867233,3.185829913,YES,Outer anchorage 
103c73cf,NGA,LAGOS,OUTER ANCHORAGE EAST,6.277770317,3.35158708,YES,Outer anchorage 
103c7bc1,NGA,LAGOS,OUTER ANCHORAGE WEST,6.293766249,3.2012087,YES,Outer anchorage 
103c7a49,NGA,LAGOS,OUTER ANCHORAGE WEST,6.289265428,3.225539166,YES,Outer anchorage 
103c7a3f,NGA,LAGOS,OUTER ANCHORAGE WEST,6.294085532,3.235702737,YES,Outer anchorage 
103c7c0b,NGA,LAGOS,OUTER ANCHORAGE WEST,6.294035595,3.175522943,YES,Outer anchorage 
103c73d9,NGA,LAGOS,OUTER ANCHORAGE EAST,6.282842654,3.341663198,YES,Outer anchorage 
103c7bbf,NGA,LAGOS,OUTER ANCHORAGE WEST,6.289010221,3.201063685,YES,Outer anchorage 
103c73bb,NGA,LAGOS,OUTER ANCHORAGE EAST,6.282786569,3.366255577,YES,Outer anchorage 
103c73db,NGA,LAGOS,OUTER ANCHORAGE EAST,6.282454074,3.346193415,YES,Outer anchorage 
103c756b,NGA,LAGOS,OUTER ANCHORAGE EAST,6.378008584,3.396745088,YES,Outer anchorage 
103c750d,NGA,LAGOS,OUTER ANCHORAGE EAST,6.372973478,3.386599442,YES,Outer anchorage 
103c75a7,NGA,LAGOS,OUTER ANCHORAGE EAST,6.367644015,3.377596856,YES,Outer anchorage 
103c7569,NGA,LAGOS,OUTER ANCHORAGE EAST,6.382824884,3.396190229,YES,Outer anchorage 
103c75bb,NGA,LAGOS,OUTER ANCHORAGE EAST,6.366984094,3.367218685,YES,Outer anchorage 
103c750b,NGA,LAGOS,OUTER ANCHORAGE EAST,6.37292892,3.381994346,YES,Outer anchorage 
103c7511,NGA,LAGOS,OUTER ANCHORAGE EAST,6.367737408,3.391610877,YES,Outer anchorage 
103c75dd,NGA,LAGOS,OUTER ANCHORAGE EAST,6.373216101,3.346432197,YES,Outer anchorage 
103c7513,NGA,LAGOS,OUTER ANCHORAGE EAST,6.372664279,3.391570958,YES,Outer anchorage 
103c750f,NGA,LAGOS,OUTER ANCHORAGE EAST,6.367095386,3.386612781,YES,Outer anchorage 
103c7509,NGA,LAGOS,OUTER ANCHORAGE EAST,6.367387232,3.38144598,YES,Outer anchorage 
103c75c5,NGA,LAGOS,OUTER ANCHORAGE EAST,6.367516731,3.351344396,YES,Outer anchorage 
103c75a1,NGA,LAGOS,OUTER ANCHORAGE EAST,6.372661345,3.377716795,YES,Outer anchorage 
103c75db,NGA,LAGOS,OUTER ANCHORAGE EAST,6.367323137,3.34676159,YES,Outer anchorage 
103c75c3,NGA,LAGOS,OUTER ANCHORAGE EAST,6.372947555,3.351282909,YES,Outer anchorage 
103c76f1,NGA,LAGOS,OUTER ANCHORAGE EAST,6.347238826,3.310979912,YES,Outer anchorage 
103c7683,NGA,LAGOS,OUTER ANCHORAGE EAST,6.346701845,3.336255037,YES,Outer anchorage 
103c74f3,NGA,LAGOS,OUTER ANCHORAGE EAST,6.335632948,3.3871487,YES,Outer anchorage 
103c7449,NGA,LAGOS,OUTER ANCHORAGE EAST,6.346648171,3.361838638,YES,Outer anchorage 
103c768d,NGA,LAGOS,OUTER ANCHORAGE EAST,6.346792999,3.321277315,YES,Outer anchorage 
103c74c1,NGA,LAGOS,OUTER ANCHORAGE EAST,6.335580247,3.401789337,YES,Outer anchorage 
103c74d9,NGA,LAGOS,OUTER ANCHORAGE EAST,6.351362562,3.406652727,YES,Outer anchorage 
103c76f3,NGA,LAGOS,OUTER ANCHORAGE EAST,6.346983629,3.316606995,YES,Outer anchorage 
103c745d,NGA,LAGOS,OUTER ANCHORAGE EAST,6.335642911,3.371516705,YES,Outer anchorage 
103c74d1,NGA,LAGOS,OUTER ANCHORAGE EAST,6.34585908,3.41177934,YES,Outer anchorage 
103c7685,NGA,LAGOS,OUTER ANCHORAGE EAST,6.346555107,3.331432563,YES,Outer anchorage 
103c7689,NGA,LAGOS,OUTER ANCHORAGE EAST,6.351530369,3.326176664,YES,Outer anchorage 
103c76fd,NGA,LAGOS,OUTER ANCHORAGE EAST,6.347121559,3.301350576,YES,Outer anchorage 
103c74f7,NGA,LAGOS,OUTER ANCHORAGE EAST,6.34066661,3.381621209,YES,Outer anchorage 
103c742b,NGA,LAGOS,OUTER ANCHORAGE EAST,6.351696833,3.341525034,YES,Outer anchorage 
103c0ad9,NGA,LAGOS,OUTER ANCHORAGE EAST,6.355804469,3.432579357,YES,Outer anchorage 
103c7429,NGA,LAGOS,OUTER ANCHORAGE EAST,6.346394524,3.341406702,YES,Outer anchorage 
103c0aed,NGA,LAGOS,OUTER ANCHORAGE EAST,6.372492404,3.44705551,YES,Outer anchorage 
103c7681,NGA,LAGOS,OUTER ANCHORAGE EAST,6.351583424,3.336487652,YES,Outer anchorage 
103c74c3,NGA,LAGOS,OUTER ANCHORAGE EAST,6.340799549,3.402112839,YES,Outer anchorage 
103c7445,NGA,LAGOS,OUTER ANCHORAGE EAST,6.340987606,3.366726197,YES,Outer anchorage 
103c76f5,NGA,LAGOS,OUTER ANCHORAGE EAST,6.351679843,3.316121499,YES,Outer anchorage 
103c7459,NGA,LAGOS,OUTER ANCHORAGE EAST,6.340709701,3.376579101,YES,Outer anchorage 
103c74e9,NGA,LAGOS,OUTER ANCHORAGE EAST,6.3408485,3.397159353,YES,Outer anchorage 
103c0ae1,NGA,LAGOS,OUTER ANCHORAGE EAST,6.356477685,3.442384411,YES,Outer anchorage 
103c768b,NGA,LAGOS,OUTER ANCHORAGE EAST,6.351909845,3.32153875,YES,Outer anchorage 
103c768f,NGA,LAGOS,OUTER ANCHORAGE EAST,6.346686408,3.326271578,YES,Outer anchorage 
103c7437,NGA,LAGOS,OUTER ANCHORAGE EAST,6.346043672,3.356373621,YES,Outer anchorage 
103c74d5,NGA,LAGOS,OUTER ANCHORAGE EAST,6.350825552,3.416617102,YES,Outer anchorage 
103c7433,NGA,LAGOS,OUTER ANCHORAGE EAST,6.351541946,3.351798774,YES,Outer anchorage 
103c7687,NGA,LAGOS,OUTER ANCHORAGE EAST,6.351904688,3.331645103,YES,Outer anchorage 
103c745b,NGA,LAGOS,OUTER ANCHORAGE EAST,6.341192238,3.3720248,YES,Outer anchorage 
103c74eb,NGA,LAGOS,OUTER ANCHORAGE EAST,6.335376624,3.397000304,YES,Outer anchorage 
103c0a59,NGA,LAGOS,OUTER ANCHORAGE EAST,6.366607255,3.461749192,YES,Outer anchorage 
103c742f,NGA,LAGOS,OUTER ANCHORAGE EAST,6.346294716,3.346398054,YES,Outer anchorage 
103c744b,NGA,LAGOS,OUTER ANCHORAGE EAST,6.351207037,3.361874185,YES,Outer anchorage 
103c74d7,NGA,LAGOS,OUTER ANCHORAGE EAST,6.35106604,3.411772329,YES,Outer anchorage 
103c742d,NGA,LAGOS,OUTER ANCHORAGE EAST,6.351609201,3.346024589,YES,Outer anchorage 
103c74db,NGA,LAGOS,OUTER ANCHORAGE EAST,6.346266955,3.40695501,YES,Outer anchorage 
103c0adf,NGA,LAGOS,OUTER ANCHORAGE EAST,6.356134051,3.437319505,YES,Outer anchorage 
103c74ef,NGA,LAGOS,OUTER ANCHORAGE EAST,6.340634951,3.391781893,YES,Outer anchorage 
103c7431,NGA,LAGOS,OUTER ANCHORAGE EAST,6.346179413,3.35136761,YES,Outer anchorage 
103c0af1,NGA,LAGOS,OUTER ANCHORAGE EAST,6.367118411,3.451828102,YES,Outer anchorage 
103c745f,NGA,LAGOS,OUTER ANCHORAGE EAST,6.335916518,3.376933437,YES,Outer anchorage 
103c74f1,NGA,LAGOS,OUTER ANCHORAGE EAST,6.34103441,3.386854193,YES,Outer anchorage 
103c0b2d,NGA,LAGOS,OUTER ANCHORAGE EAST,6.345607099,3.422845651,YES,Outer anchorage 
103c74f5,NGA,LAGOS,OUTER ANCHORAGE EAST,6.335569678,3.381559791,YES,Outer anchorage 
103c0aef,NGA,LAGOS,OUTER ANCHORAGE EAST,6.367116589,3.447954961,YES,Outer anchorage 
103c74ed,NGA,LAGOS,OUTER ANCHORAGE EAST,6.335321418,3.391880153,YES,Outer anchorage 
103c0af7,NGA,LAGOS,OUTER ANCHORAGE EAST,6.367191092,3.457358526,YES,Outer anchorage 
103c7443,NGA,LAGOS,OUTER ANCHORAGE EAST,6.335800374,3.366494005,YES,Outer anchorage 
103c74d3,NGA,LAGOS,OUTER ANCHORAGE EAST,6.345442932,3.416874715,YES,Outer anchorage 
103c7149,NGA,LAGOS,OUTER ANCHORAGE EAST,6.304160939,3.321339484,YES,Outer anchorage 
103c7399,NGA,LAGOS,OUTER ANCHORAGE EAST,6.293361585,3.371409441,YES,Outer anchorage 
103c73e1,NGA,LAGOS,OUTER ANCHORAGE EAST,6.29328185,3.34171409,YES,Outer anchorage 
103c7bc3,NGA,LAGOS,OUTER ANCHORAGE WEST,6.299709224,3.200755907,YES,Outer anchorage 
103c7341,NGA,LAGOS,OUTER ANCHORAGE EAST,6.293044467,3.40239677,YES,Outer anchorage 
103c73a1,NGA,LAGOS,OUTER ANCHORAGE EAST,6.288252896,3.376595683,YES,Outer anchorage 
103c73c3,NGA,LAGOS,OUTER ANCHORAGE EAST,6.287994246,3.351819703,YES,Outer anchorage 
103c7139,NGA,LAGOS,OUTER ANCHORAGE EAST,6.299483243,3.316310649,YES,Outer anchorage 
103c73bf,NGA,LAGOS,OUTER ANCHORAGE EAST,6.288027979,3.361802115,YES,Outer anchorage 
103c73dd,NGA,LAGOS,OUTER ANCHORAGE EAST,6.288046542,3.346140093,YES,Outer anchorage 
103c7375,NGA,LAGOS,OUTER ANCHORAGE EAST,6.29341793,3.381660581,YES,Outer anchorage 
103c73e7,NGA,LAGOS,OUTER ANCHORAGE EAST,6.293613006,3.346325155,YES,Outer anchorage 
103c70d7,NGA,LAGOS,OUTER ANCHORAGE EAST,6.304161292,3.295873373,YES,Outer anchorage 
103c7a33,NGA,LAGOS,OUTER ANCHORAGE WEST,6.299818786,3.220940057,YES,Outer anchorage 
103c7be9,NGA,LAGOS,OUTER ANCHORAGE WEST,6.299589668,3.195440237,YES,Outer anchorage 
103c7bcd,NGA,LAGOS,OUTER ANCHORAGE WEST,6.299681194,3.215561431,YES,Outer anchorage 
103c7125,NGA,LAGOS,OUTER ANCHORAGE EAST,6.298123417,3.3063228,YES,Outer anchorage 
103c712f,NGA,LAGOS,OUTER ANCHORAGE EAST,6.304146865,3.306000607,YES,Outer anchorage 
103c73bd,NGA,LAGOS,OUTER ANCHORAGE EAST,6.288031542,3.36717114,YES,Outer anchorage 
103c736d,NGA,LAGOS,OUTER ANCHORAGE EAST,6.2929709,3.39123908,YES,Outer anchorage 
103c7373,NGA,LAGOS,OUTER ANCHORAGE EAST,6.292799199,3.386558272,YES,Outer anchorage 
103c70db,NGA,LAGOS,OUTER ANCHORAGE EAST,6.298790959,3.290878104,YES,Outer anchorage 
103c7a25,NGA,LAGOS,OUTER ANCHORAGE WEST,6.304332343,3.231050134,YES,Outer anchorage 
103c7129,NGA,LAGOS,OUTER ANCHORAGE EAST,6.303290446,3.300778613,YES,Outer anchorage 
103c7a3b,NGA,LAGOS,OUTER ANCHORAGE WEST,6.299119286,3.230844514,YES,Outer anchorage 
103c739f,NGA,LAGOS,OUTER ANCHORAGE EAST,6.293096611,3.376752493,YES,Outer anchorage 
103c7a3d,NGA,LAGOS,OUTER ANCHORAGE WEST,6.299471931,3.235485808,YES,Outer anchorage 
103c73eb,NGA,LAGOS,OUTER ANCHORAGE EAST,6.293362315,3.356293994,YES,Outer anchorage 
103c730b,NGA,LAGOS,OUTER ANCHORAGE EAST,6.287972928,3.381845663,YES,Outer anchorage 
103c7395,NGA,LAGOS,OUTER ANCHORAGE EAST,6.293290719,3.361612411,YES,Outer anchorage 
103c7131,NGA,LAGOS,OUTER ANCHORAGE EAST,6.304381227,3.31149862,YES,Outer anchorage 
103c73e9,NGA,LAGOS,OUTER ANCHORAGE EAST,6.293838576,3.351503272,YES,Outer anchorage 
103c7127,NGA,LAGOS,OUTER ANCHORAGE EAST,6.299604543,3.30071179,YES,Outer anchorage 
103c73df,NGA,LAGOS,OUTER ANCHORAGE EAST,6.288377425,3.341090875,YES,Outer anchorage 
103c73c1,NGA,LAGOS,OUTER ANCHORAGE EAST,6.288488705,3.356620882,YES,Outer anchorage 
103c7bd3,NGA,LAGOS,OUTER ANCHORAGE WEST,6.304844948,3.215970196,YES,Outer anchorage 
103c713b,NGA,LAGOS,OUTER ANCHORAGE EAST,6.298970323,3.311784909,YES,Outer anchorage 
103c7a2f,NGA,LAGOS,OUTER ANCHORAGE WEST,6.304865728,3.225532745,YES,Outer anchorage 
103c70c9,NGA,LAGOS,OUTER ANCHORAGE EAST,6.303897573,3.281277671,YES,Outer anchorage 
103c70c7,NGA,LAGOS,OUTER ANCHORAGE EAST,6.298803148,3.28084566,YES,Outer anchorage 
103c7bcf,NGA,LAGOS,OUTER ANCHORAGE WEST,6.299268607,3.210700662,YES,Outer anchorage 
103c7a17,NGA,LAGOS,OUTER ANCHORAGE WEST,6.299058415,3.239861885,YES,Outer anchorage 
103c7a2d,NGA,LAGOS,OUTER ANCHORAGE WEST,6.304490329,3.22052551,YES,Outer anchorage 
103c7137,NGA,LAGOS,OUTER ANCHORAGE EAST,6.304261812,3.316308336,YES,Outer anchorage 
103c7a31,NGA,LAGOS,OUTER ANCHORAGE WEST,6.299173118,3.225583761,YES,Outer anchorage 
103c7bc5,NGA,LAGOS,OUTER ANCHORAGE WEST,6.29976556,3.205558355,YES,Outer anchorage 
103c736b,NGA,LAGOS,OUTER ANCHORAGE EAST,6.293136568,3.396800469,YES,Outer anchorage 
103c73a3,NGA,LAGOS,OUTER ANCHORAGE EAST,6.287578257,3.371691608,YES,Outer anchorage 
103c7bdd,NGA,LAGOS,OUTER ANCHORAGE WEST,6.304754339,3.200436188,YES,Outer anchorage 
103c70d9,NGA,LAGOS,OUTER ANCHORAGE EAST,6.299565794,3.295815682,YES,Outer anchorage 
103c715f,NGA,LAGOS,OUTER ANCHORAGE EAST,6.293454122,3.336527105,YES,Outer anchorage 
103c7397,NGA,LAGOS,OUTER ANCHORAGE EAST,6.293343722,3.366459195,YES,Outer anchorage 
103c7161,NGA,LAGOS,OUTER ANCHORAGE EAST,6.288397647,3.335883003,YES,Outer anchorage 
103c7147,NGA,LAGOS,OUTER ANCHORAGE EAST,6.299288138,3.321246925,YES,Outer anchorage 
103c730d,NGA,LAGOS,OUTER ANCHORAGE EAST,6.287941465,3.386128333,YES,Outer anchorage 
103c7393,NGA,LAGOS,OUTER ANCHORAGE EAST,6.298777063,3.361452653,YES,Outer anchorage 
103c7bf9,NGA,LAGOS,OUTER ANCHORAGE WEST,6.305201848,3.180680301,YES,Outer anchorage 
103c7733,NGA,LAGOS,OUTER ANCHORAGE EAST,6.314403986,3.285891348,YES,Outer anchorage 
103c73fb,NGA,LAGOS,OUTER ANCHORAGE EAST,6.303581325,3.346182303,YES,Outer anchorage 
103c7351,NGA,LAGOS,OUTER ANCHORAGE EAST,6.303787305,3.411607149,YES,Outer anchorage 
103c7345,NGA,LAGOS,OUTER ANCHORAGE EAST,6.298349369,3.406658389,YES,Outer anchorage 
103c7371,NGA,LAGOS,OUTER ANCHORAGE EAST,6.298718412,3.386634644,YES,Outer anchorage 
103c7385,NGA,LAGOS,OUTER ANCHORAGE EAST,6.303658462,3.371517106,YES,Outer anchorage 
103c7159,NGA,LAGOS,OUTER ANCHORAGE EAST,6.298659214,3.336770187,YES,Outer anchorage 
103c7157,NGA,LAGOS,OUTER ANCHORAGE EAST,6.304026656,3.336447589,YES,Outer anchorage 
103c0b79,NGA,LAGOS,OUTER ANCHORAGE EAST,6.319595743,3.457343563,YES,Outer anchorage 
103c7145,NGA,LAGOS,OUTER ANCHORAGE EAST,6.298792558,3.326193167,YES,Outer anchorage 
103c76d5,NGA,LAGOS,OUTER ANCHORAGE EAST,6.314702726,3.301313511,YES,Outer anchorage 
103c7343,NGA,LAGOS,OUTER ANCHORAGE EAST,6.298273064,3.401780045,YES,Outer anchorage 
103c7a2b,NGA,LAGOS,OUTER ANCHORAGE WEST,6.309938613,3.220451573,YES,Outer anchorage 
103c739b,NGA,LAGOS,OUTER ANCHORAGE EAST,6.298506214,3.371643563,YES,Outer anchorage 
103c7a23,NGA,LAGOS,OUTER ANCHORAGE WEST,6.305032739,3.235462646,YES,Outer anchorage 
103c7151,NGA,LAGOS,OUTER ANCHORAGE EAST,6.303997691,3.331627306,YES,Outer anchorage 
103c73fd,NGA,LAGOS,OUTER ANCHORAGE EAST,6.30394019,3.341303034,YES,Outer anchorage 
103c76d3,NGA,LAGOS,OUTER ANCHORAGE EAST,6.314793467,3.306223784,YES,Outer anchorage 
103c73ef,NGA,LAGOS,OUTER ANCHORAGE EAST,6.298628922,3.351731581,YES,Outer anchorage 
103c73f3,NGA,LAGOS,OUTER ANCHORAGE EAST,6.304076792,3.356627519,YES,Outer anchorage 
103c712b,NGA,LAGOS,OUTER ANCHORAGE EAST,6.3093555,3.301080091,YES,Outer anchorage 
103c738f,NGA,LAGOS,OUTER ANCHORAGE EAST,6.303629509,3.366736291,YES,Outer anchorage 
103c7353,NGA,LAGOS,OUTER ANCHORAGE EAST,6.304033643,3.41688744,YES,Outer anchorage 
103c7bdf,NGA,LAGOS,OUTER ANCHORAGE WEST,6.309889912,3.200440928,YES,Outer anchorage 
103c735b,NGA,LAGOS,OUTER ANCHORAGE EAST,6.303837554,3.406975213,YES,Outer anchorage 
103c7bd1,NGA,LAGOS,OUTER ANCHORAGE WEST,6.305134648,3.210388998,YES,Outer anchorage 
103c0b63,NGA,LAGOS,OUTER ANCHORAGE EAST,6.313669452,3.447800015,YES,Outer anchorage 
103c7bd7,NGA,LAGOS,OUTER ANCHORAGE WEST,6.310005564,3.21087086,YES,Outer anchorage 
103c73ed,NGA,LAGOS,OUTER ANCHORAGE EAST,6.298769977,3.356541501,YES,Outer anchorage 
103c7bd9,NGA,LAGOS,OUTER ANCHORAGE WEST,6.310132807,3.205485286,YES,Outer anchorage 
103c70d5,NGA,LAGOS,OUTER ANCHORAGE EAST,6.309812565,3.296001344,YES,Outer anchorage 
103c7be7,NGA,LAGOS,OUTER ANCHORAGE WEST,6.305034022,3.195798498,YES,Outer anchorage 
103c7bd5,NGA,LAGOS,OUTER ANCHORAGE WEST,6.310315933,3.215506804,YES,Outer anchorage 
103c712d,NGA,LAGOS,OUTER ANCHORAGE EAST,6.309515416,3.306432754,YES,Outer anchorage 
103c7377,NGA,LAGOS,OUTER ANCHORAGE EAST,6.298309686,3.381307597,YES,Outer anchorage 
103c76cd,NGA,LAGOS,OUTER ANCHORAGE EAST,6.314356515,3.311193028,YES,Outer anchorage 
103c714f,NGA,LAGOS,OUTER ANCHORAGE EAST,6.303896804,3.32613496,YES,Outer anchorage 
103c7365,NGA,LAGOS,OUTER ANCHORAGE EAST,6.303859234,3.391666456,YES,Outer anchorage 
103c7379,NGA,LAGOS,OUTER ANCHORAGE EAST,6.303387012,3.381613094,YES,Outer anchorage 
103c7391,NGA,LAGOS,OUTER ANCHORAGE EAST,6.298225501,3.366524707,YES,Outer anchorage 
103c7a29,NGA,LAGOS,OUTER ANCHORAGE WEST,6.309775385,3.225886085,YES,Outer anchorage 
103c735d,NGA,LAGOS,OUTER ANCHORAGE EAST,6.303971056,3.401785495,YES,Outer anchorage 
103c7369,NGA,LAGOS,OUTER ANCHORAGE EAST,6.298415316,3.397162407,YES,Outer anchorage 
103c715b,NGA,LAGOS,OUTER ANCHORAGE EAST,6.29932549,3.331153915,YES,Outer anchorage 
103c738d,NGA,LAGOS,OUTER ANCHORAGE EAST,6.303595057,3.361280342,YES,Outer anchorage 
103c734d,NGA,LAGOS,OUTER ANCHORAGE EAST,6.298280982,3.417091207,YES,Outer anchorage 
103c7383,NGA,LAGOS,OUTER ANCHORAGE EAST,6.303477022,3.376156989,YES,Outer anchorage 
103c737b,NGA,LAGOS,OUTER ANCHORAGE EAST,6.303696354,3.386737514,YES,Outer anchorage 
103c0b5f,NGA,LAGOS,OUTER ANCHORAGE EAST,6.314008227,3.437589724,YES,Outer anchorage 
103c734f,NGA,LAGOS,OUTER ANCHORAGE EAST,6.298000176,3.411841984,YES,Outer anchorage 
103c73f1,NGA,LAGOS,OUTER ANCHORAGE EAST,6.304061067,3.351114676,YES,Outer anchorage 
103c772d,NGA,LAGOS,OUTER ANCHORAGE EAST,6.314780186,3.290753716,YES,Outer anchorage 
103c7a27,NGA,LAGOS,OUTER ANCHORAGE WEST,6.309946267,3.23111301,YES,Outer anchorage 
103c7bdb,NGA,LAGOS,OUTER ANCHORAGE WEST,6.30500074,3.205738797,YES,Outer anchorage 
103c739d,NGA,LAGOS,OUTER ANCHORAGE EAST,6.298094378,3.376933475,YES,Outer anchorage 
103c772b,NGA,LAGOS,OUTER ANCHORAGE EAST,6.314852241,3.29638541,YES,Outer anchorage 
103c7be1,NGA,LAGOS,OUTER ANCHORAGE WEST,6.309807833,3.195178572,YES,Outer anchorage 
103c7367,NGA,LAGOS,OUTER ANCHORAGE EAST,6.304232207,3.396698238,YES,Outer anchorage 
103c7bfb,NGA,LAGOS,OUTER ANCHORAGE WEST,6.305104569,3.185471867,YES,Outer anchorage 
103c73e3,NGA,LAGOS,OUTER ANCHORAGE EAST,6.298750257,3.341520226,YES,Outer anchorage 
103c73e5,NGA,LAGOS,OUTER ANCHORAGE EAST,6.298643428,3.346534541,YES,Outer anchorage 
103c736f,NGA,LAGOS,OUTER ANCHORAGE EAST,6.298380175,3.391996956,YES,Outer anchorage 
103c7133,NGA,LAGOS,OUTER ANCHORAGE EAST,6.310087675,3.310955903,YES,Outer anchorage 
103c0a93,NGA,LAGOS,OUTER ANCHORAGE EAST,6.376990984,3.447491957,YES,Outer anchorage 
103c74e3,NGA,LAGOS,OUTER ANCHORAGE EAST,6.351662794,3.392133685,YES,Outer anchorage 
103c7451,NGA,LAGOS,OUTER ANCHORAGE EAST,6.346187909,3.371819527,YES,Outer anchorage 
103c7667,NGA,LAGOS,OUTER ANCHORAGE EAST,6.362613634,3.321717802,YES,Outer anchorage 
103c0a8b,NGA,LAGOS,OUTER ANCHORAGE EAST,6.377329763,3.457420153,YES,Outer anchorage 
103c74e5,NGA,LAGOS,OUTER ANCHORAGE EAST,6.346139196,3.391907929,YES,Outer anchorage 
103c0a8f,NGA,LAGOS,OUTER ANCHORAGE EAST,6.382930329,3.452479402,YES,Outer anchorage 
103c75d3,NGA,LAGOS,OUTER ANCHORAGE EAST,6.357456388,3.346416175,YES,Outer anchorage 
103c7529,NGA,LAGOS,OUTER ANCHORAGE EAST,6.3560272,3.411494924,YES,Outer anchorage 
103c7527,NGA,LAGOS,OUTER ANCHORAGE EAST,6.355986211,3.406780286,YES,Outer anchorage 
103c74fd,NGA,LAGOS,OUTER ANCHORAGE EAST,6.351692235,3.38672555,YES,Outer anchorage 
103c75d7,NGA,LAGOS,OUTER ANCHORAGE EAST,6.362337885,3.341193097,YES,Outer anchorage 
103c75cd,NGA,LAGOS,OUTER ANCHORAGE EAST,6.357212662,3.351443196,YES,Outer anchorage 
103c744d,NGA,LAGOS,OUTER ANCHORAGE EAST,6.351285742,3.366739434,YES,Outer anchorage 
103c74fb,NGA,LAGOS,OUTER ANCHORAGE EAST,6.346179141,3.386399045,YES,Outer anchorage 
103c7665,NGA,LAGOS,OUTER ANCHORAGE EAST,6.36231692,3.32672486,YES,Outer anchorage 
103c7457,NGA,LAGOS,OUTER ANCHORAGE EAST,6.346364384,3.376451824,YES,Outer anchorage 
103c74e1,NGA,LAGOS,OUTER ANCHORAGE EAST,6.351648778,3.396796917,YES,Outer anchorage 
103c744f,NGA,LAGOS,OUTER ANCHORAGE EAST,6.346399365,3.366807136,YES,Outer anchorage 
103c7455,NGA,LAGOS,OUTER ANCHORAGE EAST,6.35157243,3.376336972,YES,Outer anchorage 
103c7663,NGA,LAGOS,OUTER ANCHORAGE EAST,6.356742089,3.326590037,YES,Outer anchorage 
103c74dd,NGA,LAGOS,OUTER ANCHORAGE EAST,6.345948694,3.402027075,YES,Outer anchorage 
103c767f,NGA,LAGOS,OUTER ANCHORAGE EAST,6.356982924,3.336339924,YES,Outer anchorage 
103c7679,NGA,LAGOS,OUTER ANCHORAGE EAST,6.362674334,3.336691776,YES,Outer anchorage 
103c7453,NGA,LAGOS,OUTER ANCHORAGE EAST,6.351551601,3.371918911,YES,Outer anchorage 
103c75d1,NGA,LAGOS,OUTER ANCHORAGE EAST,6.362178821,3.346619191,YES,Outer anchorage 
103c75d5,NGA,LAGOS,OUTER ANCHORAGE EAST,6.357344379,3.341338456,YES,Outer anchorage 
103c765f,NGA,LAGOS,OUTER ANCHORAGE EAST,6.357679243,3.316504026,YES,Outer anchorage 
103c74df,NGA,LAGOS,OUTER ANCHORAGE EAST,6.351117016,3.401825027,YES,Outer anchorage 
103c767d,NGA,LAGOS,OUTER ANCHORAGE EAST,6.357118143,3.331658884,YES,Outer anchorage 
103c7525,NGA,LAGOS,OUTER ANCHORAGE EAST,6.361537452,3.406466572,YES,Outer anchorage 
103c74ff,NGA,LAGOS,OUTER ANCHORAGE EAST,6.351654629,3.382209123,YES,Outer anchorage 
103c75cf,NGA,LAGOS,OUTER ANCHORAGE EAST,6.362693163,3.350803618,YES,Outer anchorage 
103c74f9,NGA,LAGOS,OUTER ANCHORAGE EAST,6.346060849,3.382076784,YES,Outer anchorage 
103c7661,NGA,LAGOS,OUTER ANCHORAGE EAST,6.357213276,3.321672697,YES,Outer anchorage 
103c74e7,NGA,LAGOS,OUTER ANCHORAGE EAST,6.345824883,3.396873945,YES,Outer anchorage 
103c767b,NGA,LAGOS,OUTER ANCHORAGE EAST,6.362627962,3.331682147,YES,Outer anchorage 
103c73f5,NGA,LAGOS,OUTER ANCHORAGE EAST,6.309294538,3.356305827,YES,Outer anchorage 
103c0b5d,NGA,LAGOS,OUTER ANCHORAGE EAST,6.318720007,3.437074385,YES,Outer anchorage 
103c7389,NGA,LAGOS,OUTER ANCHORAGE EAST,6.30941989,3.366527774,YES,Outer anchorage 
103c749d,NGA,LAGOS,OUTER ANCHORAGE EAST,6.314155587,3.391811887,YES,Outer anchorage 
103c714b,NGA,LAGOS,OUTER ANCHORAGE EAST,6.309423662,3.321418659,YES,Outer anchorage 
103c73f7,NGA,LAGOS,OUTER ANCHORAGE EAST,6.30914472,3.351386097,YES,Outer anchorage 
103c7401,NGA,LAGOS,OUTER ANCHORAGE EAST,6.314445858,3.341406358,YES,Outer anchorage 
103c0b75,NGA,LAGOS,OUTER ANCHORAGE EAST,6.329883637,3.457367969,YES,Outer anchorage 
103c76cf,NGA,LAGOS,OUTER ANCHORAGE EAST,6.319613333,3.311629818,YES,Outer anchorage 
103c7359,NGA,LAGOS,OUTER ANCHORAGE EAST,6.309133177,3.407197146,YES,Outer anchorage 
103c0cab,NGA,LAGOS,OUTER ANCHORAGE EAST,6.308928237,3.421861311,YES,Outer anchorage 
103c735f,NGA,LAGOS,OUTER ANCHORAGE EAST,6.308615558,3.401910386,YES,Outer anchorage 
103c737d,NGA,LAGOS,OUTER ANCHORAGE EAST,6.309203108,3.387187583,YES,Outer anchorage 
103c74ab,NGA,LAGOS,OUTER ANCHORAGE EAST,6.314244275,3.41705321,YES,Outer anchorage 
103c0b55,NGA,LAGOS,OUTER ANCHORAGE EAST,6.314337377,3.421357826,YES,Outer anchorage 
103c797f,NGA,LAGOS,OUTER ANCHORAGE WEST,6.315227749,3.215619204,YES,Outer anchorage 
103c7355,NGA,LAGOS,OUTER ANCHORAGE EAST,6.308956862,3.416683945,YES,Outer anchorage 
103c7153,NGA,LAGOS,OUTER ANCHORAGE EAST,6.309335376,3.331541072,YES,Outer anchorage 
103c714d,NGA,LAGOS,OUTER ANCHORAGE EAST,6.30947612,3.326589414,YES,Outer anchorage 
103c0b43,NGA,LAGOS,OUTER ANCHORAGE EAST,6.324624655,3.436964236,YES,Outer anchorage 
103c76b5,NGA,LAGOS,OUTER ANCHORAGE EAST,6.314583541,3.321246781,YES,Outer anchorage 
103c0b65,NGA,LAGOS,OUTER ANCHORAGE EAST,6.319613965,3.447571294,YES,Outer anchorage 
103c747f,NGA,LAGOS,OUTER ANCHORAGE EAST,6.314214358,3.376735564,YES,Outer anchorage 
103c7481,NGA,LAGOS,OUTER ANCHORAGE EAST,6.314403254,3.381989116,YES,Outer anchorage 
103c7361,NGA,LAGOS,OUTER ANCHORAGE EAST,6.30906885,3.396652486,YES,Outer anchorage 
103c7475,NGA,LAGOS,OUTER ANCHORAGE EAST,6.314314588,3.361553992,YES,Outer anchorage 
103c7363,NGA,LAGOS,OUTER ANCHORAGE EAST,6.309686348,3.391876913,YES,Outer anchorage 
103c740b,NGA,LAGOS,OUTER ANCHORAGE EAST,6.314350031,3.356204721,YES,Outer anchorage 
103c7135,NGA,LAGOS,OUTER ANCHORAGE EAST,6.309561531,3.31622397,YES,Outer anchorage 
103c0b99,NGA,LAGOS,OUTER ANCHORAGE EAST,6.329808368,3.467163891,YES,Outer anchorage 
103c7965,NGA,LAGOS,OUTER ANCHORAGE WEST,6.321034913,3.205728141,YES,Outer anchorage 
103c7155,NGA,LAGOS,OUTER ANCHORAGE EAST,6.309285191,3.336331554,YES,Outer anchorage 
103c73f9,NGA,LAGOS,OUTER ANCHORAGE EAST,6.309417908,3.346716321,YES,Outer anchorage 
103c76ad,NGA,LAGOS,OUTER ANCHORAGE EAST,6.314295729,3.331276966,YES,Outer anchorage 
103c738b,NGA,LAGOS,OUTER ANCHORAGE EAST,6.309249351,3.361142746,YES,Outer anchorage 
103c0b6d,NGA,LAGOS,OUTER ANCHORAGE EAST,6.330229065,3.447295345,YES,Outer anchorage 
103c7979,NGA,LAGOS,OUTER ANCHORAGE WEST,6.321132343,3.215488812,YES,Outer anchorage 
103c76b3,NGA,LAGOS,OUTER ANCHORAGE EAST,6.31427573,3.326431804,YES,Outer anchorage 
103c7989,NGA,LAGOS,OUTER ANCHORAGE WEST,6.315020097,3.230788597,YES,Outer anchorage 
103c7479,NGA,LAGOS,OUTER ANCHORAGE EAST,6.314287948,3.37182228,YES,Outer anchorage 
103c73ff,NGA,LAGOS,OUTER ANCHORAGE EAST,6.309363006,3.341548212,YES,Outer anchorage 
103c7483,NGA,LAGOS,OUTER ANCHORAGE EAST,6.314512273,3.386716842,YES,Outer anchorage 
103c7387,NGA,LAGOS,OUTER ANCHORAGE EAST,6.308890998,3.371516423,YES,Outer anchorage 
103c795f,NGA,LAGOS,OUTER ANCHORAGE WEST,6.315355422,3.195608831,YES,Outer anchorage 
103c76cb,NGA,LAGOS,OUTER ANCHORAGE EAST,6.314604608,3.316208098,YES,Outer anchorage 
103c74a9,NGA,LAGOS,OUTER ANCHORAGE EAST,6.314841427,3.411551788,YES,Outer anchorage 
103c7983,NGA,LAGOS,OUTER ANCHORAGE WEST,6.320730628,3.220879901,YES,Outer anchorage 
103c0b71,NGA,LAGOS,OUTER ANCHORAGE EAST,6.325096446,3.452783995,YES,Outer anchorage 
103c0b6f,NGA,LAGOS,OUTER ANCHORAGE EAST,6.32478919,3.447384518,YES,Outer anchorage 
103c0b73,NGA,LAGOS,OUTER ANCHORAGE EAST,6.329802791,3.452505176,YES,Outer anchorage 
103c749f,NGA,LAGOS,OUTER ANCHORAGE EAST,6.31433721,3.396527839,YES,Outer anchorage 
103c7987,NGA,LAGOS,OUTER ANCHORAGE WEST,6.316021275,3.225919925,YES,Outer anchorage 
103c0b77,NGA,LAGOS,OUTER ANCHORAGE EAST,6.325060254,3.457577601,YES,Outer anchorage 
103c7477,NGA,LAGOS,OUTER ANCHORAGE EAST,6.31443668,3.366259996,YES,Outer anchorage 
103c7381,NGA,LAGOS,OUTER ANCHORAGE EAST,6.308898482,3.376809723,YES,Outer anchorage 
103c7981,NGA,LAGOS,OUTER ANCHORAGE WEST,6.315345559,3.220397106,YES,Outer anchorage 
103c0b69,NGA,LAGOS,OUTER ANCHORAGE EAST,6.324946023,3.442440856,YES,Outer anchorage 
103c737f,NGA,LAGOS,OUTER ANCHORAGE EAST,6.308884448,3.381840559,YES,Outer anchorage 
103c7985,NGA,LAGOS,OUTER ANCHORAGE WEST,6.32015187,3.225156074,YES,Outer anchorage 
103c76ab,NGA,LAGOS,OUTER ANCHORAGE EAST,6.314819159,3.336450978,YES,Outer anchorage 
103c0b67,NGA,LAGOS,OUTER ANCHORAGE EAST,6.319119926,3.442364817,YES,Outer anchorage 
103c7961,NGA,LAGOS,OUTER ANCHORAGE WEST,6.31567131,3.201331887,YES,Outer anchorage 
103c7357,NGA,LAGOS,OUTER ANCHORAGE EAST,6.309264331,3.411519373,YES,Outer anchorage 
103c74a1,NGA,LAGOS,OUTER ANCHORAGE EAST,6.314209948,3.401986867,YES,Outer anchorage 
103c7407,NGA,LAGOS,OUTER ANCHORAGE EAST,6.314366649,3.346326476,YES,Outer anchorage 
103c0b59,NGA,LAGOS,OUTER ANCHORAGE EAST,6.313871457,3.431709701,YES,Outer anchorage 
103c74a7,NGA,LAGOS,OUTER ANCHORAGE EAST,6.314513424,3.406935237,YES,Outer anchorage 
103c0b57,NGA,LAGOS,OUTER ANCHORAGE EAST,6.314031674,3.427345943,YES,Outer anchorage 
103c7471,NGA,LAGOS,OUTER ANCHORAGE EAST,6.319969918,3.366801463,YES,Outer anchorage 
103c74af,NGA,LAGOS,OUTER ANCHORAGE EAST,6.31955078,3.412301071,YES,Outer anchorage 
103c0ba7,NGA,LAGOS,OUTER ANCHORAGE EAST,6.339921061,3.462658847,YES,Outer anchorage 
103c0b0b,NGA,LAGOS,OUTER ANCHORAGE EAST,6.335083994,3.457535997,YES,Outer anchorage 
103c0b45,NGA,LAGOS,OUTER ANCHORAGE EAST,6.324885933,3.43223183,YES,Outer anchorage 
103c0b09,NGA,LAGOS,OUTER ANCHORAGE EAST,6.340931298,3.457393061,YES,Outer anchorage 
103c76c9,NGA,LAGOS,OUTER ANCHORAGE EAST,6.318953268,3.31598136,YES,Outer anchorage 
103c0b41,NGA,LAGOS,OUTER ANCHORAGE EAST,6.329661015,3.437364737,YES,Outer anchorage 
103c74a5,NGA,LAGOS,OUTER ANCHORAGE EAST,6.31926354,3.40659933,YES,Outer anchorage 
103c0b5b,NGA,LAGOS,OUTER ANCHORAGE EAST,6.319410746,3.431756482,YES,Outer anchorage 
103c76af,NGA,LAGOS,OUTER ANCHORAGE EAST,6.320084597,3.331909606,YES,Outer anchorage 
103c76b7,NGA,LAGOS,OUTER ANCHORAGE EAST,6.320131146,3.320921525,YES,Outer anchorage 
103c0ba3,NGA,LAGOS,OUTER ANCHORAGE EAST,6.335424567,3.467145535,YES,Outer anchorage 
103c7411,NGA,LAGOS,OUTER ANCHORAGE EAST,6.324844667,3.35147322,YES,Outer anchorage 
103c7959,NGA,LAGOS,OUTER ANCHORAGE WEST,6.31578308,3.19060557,YES,Outer anchorage 
103c74b1,NGA,LAGOS,OUTER ANCHORAGE EAST,6.324829869,3.411744196,YES,Outer anchorage 
103c747b,NGA,LAGOS,OUTER ANCHORAGE EAST,6.31961162,3.371451512,YES,Outer anchorage 
103c0b0f,NGA,LAGOS,OUTER ANCHORAGE EAST,6.340243805,3.452365763,YES,Outer anchorage 
103c76a9,NGA,LAGOS,OUTER ANCHORAGE EAST,6.319949607,3.336574678,YES,Outer anchorage 
103c7403,NGA,LAGOS,OUTER ANCHORAGE EAST,6.319906103,3.341448887,YES,Outer anchorage 
103c7487,NGA,LAGOS,OUTER ANCHORAGE EAST,6.319491686,3.382005418,YES,Outer anchorage 
103c0b13,NGA,LAGOS,OUTER ANCHORAGE EAST,6.33527288,3.447247037,YES,Outer anchorage 
103c7485,NGA,LAGOS,OUTER ANCHORAGE EAST,6.319584296,3.386933725,YES,Outer anchorage 
103c7473,NGA,LAGOS,OUTER ANCHORAGE EAST,6.319627867,3.361354339,YES,Outer anchorage 
103c0b6b,NGA,LAGOS,OUTER ANCHORAGE EAST,6.329899072,3.44190996,YES,Outer anchorage 
103c740f,NGA,LAGOS,OUTER ANCHORAGE EAST,6.319821734,3.351278739,YES,Outer anchorage 
103c7953,NGA,LAGOS,OUTER ANCHORAGE WEST,6.320117088,3.181214559,YES,Outer anchorage 
103c0ba1,NGA,LAGOS,OUTER ANCHORAGE EAST,6.335197651,3.46253313,YES,Outer anchorage 
103c74ad,NGA,LAGOS,OUTER ANCHORAGE EAST,6.319934496,3.417034443,YES,Outer anchorage 
103c74b3,NGA,LAGOS,OUTER ANCHORAGE EAST,6.324853556,3.416833662,YES,Outer anchorage 
103c0b11,NGA,LAGOS,OUTER ANCHORAGE EAST,6.339982257,3.447229184,YES,Outer anchorage 
103c7491,NGA,LAGOS,OUTER ANCHORAGE EAST,6.324938864,3.391823323,YES,Outer anchorage 
103c749b,NGA,LAGOS,OUTER ANCHORAGE EAST,6.319689413,3.391885733,YES,Outer anchorage 
103c740d,NGA,LAGOS,OUTER ANCHORAGE EAST,6.319967904,3.356244674,YES,Outer anchorage 
103c74a3,NGA,LAGOS,OUTER ANCHORAGE EAST,6.319631761,3.401916176,YES,Outer anchorage 
103c0b4f,NGA,LAGOS,OUTER ANCHORAGE EAST,6.324615061,3.427414282,YES,Outer anchorage 
103c747d,NGA,LAGOS,OUTER ANCHORAGE EAST,6.31975372,3.376595278,YES,Outer anchorage 
103c0ba5,NGA,LAGOS,OUTER ANCHORAGE EAST,6.339629899,3.467475945,YES,Outer anchorage 
103c7499,NGA,LAGOS,OUTER ANCHORAGE EAST,6.319545933,3.396808826,YES,Outer anchorage 
103c7497,NGA,LAGOS,OUTER ANCHORAGE EAST,6.324546331,3.396567432,YES,Outer anchorage 
103c76b1,NGA,LAGOS,OUTER ANCHORAGE EAST,6.319843502,3.326830168,YES,Outer anchorage 
103c0b51,NGA,LAGOS,OUTER ANCHORAGE EAST,6.319367926,3.427166864,YES,Outer anchorage 
103c0b0d,NGA,LAGOS,OUTER ANCHORAGE EAST,6.335415154,3.451920029,YES,Outer anchorage 
103c74bd,NGA,LAGOS,OUTER ANCHORAGE EAST,6.324918294,3.402027436,YES,Outer anchorage 
103c7405,NGA,LAGOS,OUTER ANCHORAGE EAST,6.319688818,3.346624945,YES,Outer anchorage 
103c0b53,NGA,LAGOS,OUTER ANCHORAGE EAST,6.319158837,3.422492891,YES,Outer anchorage 
103c7409,NGA,LAGOS,OUTER ANCHORAGE EAST,6.315024271,3.351452658,YES,Outer anchorage 
103b8ac7,NGA,LAGOS,NAVAL DOCKYARDS,6.421995135,3.405942802,YES,"Repairs on small vessels, inclduing small reefers"
103b8ac5,NGA,LAGOS,NAVAL DOCKYARDS,6.424560033,3.406209639,YES,"Repairs on small vessels, inclduing small reefers"
103b8a39,NGA,LAGOS,BADAGRY CREEK ANCHORAGE,6.427136858,3.354718055,YES,Waiting area for docking services
103b8a25,NGA,LAGOS,BADAGRY CREEK ANCHORAGE,6.425620426,3.345945128,YES,Waiting area for docking services
103b8a3b,NGA,LAGOS,BADAGRY CREEK ANCHORAGE,6.425480817,3.351513463,YES,Waiting area for docking services
103b87d9,NGA,LAGOS,IJEGUN TANK FARMS,6.4272404952224331,3.2577700239847647,NO,Non PSMA related
103b8843,NGA,LAGOS,IJEGUN TANK FARMS,6.4280990572645651,3.2802687386590548,NO,Non PSMA related
103b8865,NGA,LAGOS,IJEGUN TANK FARMS,6.4297606710091122,3.2705114082950235,NO,Non PSMA related
103b8871,NGA,LAGOS,IJEGUN TANK FARMS,6.4290914791972709,3.2666841442743122,NO,Non PSMA related
103b8877,NGA,LAGOS,IJEGUN TANK FARMS,6.4281661334879123,3.261759777257156,NO,Non PSMA related
103b887b,NGA,LAGOS,IJEGUN TANK FARMS,6.429332836,3.2675796874118062,NO,Non PSMA related
103b890b,NGA,LAGOS,KIRIKIRI LIGHTER TERMINAL,6.4430014963607949,3.3165980693040491,NO,Non PSMA related
103b8981,NGA,LAGOS,IBAFON TANK FARM,6.4375461151267546,3.3340886755033674,NO,Non PSMA related
103b8983,NGA,LAGOS,IBAFON TANK FARM,6.4365891045394674,3.3316394631840982,NO,Non PSMA related
103b8985,NGA,LAGOS,AJEGUNLE,6.4333007500938937,3.3326839394265755,NO,Non PSMA related
103b8987,NGA,LAGOS,AJEGUNLE,6.4308609149323255,3.337237571983716,NO,Non PSMA related
103b8999,NGA,LAGOS,PORTO NOVO ANCHORAGE,6.4318959961183992,3.3208023872431429,NO,Non PSMA related
103b899b,NGA,LAGOS,PORTO NOVO ANCHORAGE,6.4336948470430428,3.3246155241841566,NO,Non PSMA related
103b899d,NGA,LAGOS,IBAFON TANK FARM,6.4362987547170931,3.3277482440175472,NO,Non PSMA related
103b899f,NGA,LAGOS,AJEGUNLE,6.4356119134035827,3.3198103271126551,NO,Non PSMA related
103b89a1,NGA,LAGOS,PORTO NOVO,6.4357147980624445,3.3158094313003854,NO,Non PSMA related
103b89a3,NGA,LAGOS,PORTO NOVO ANCHORAGE,6.4322838399000917,3.3168925597881751,NO,Non PSMA related
103b89a7,NGA,LAGOS,PORTO NOVO,6.4361609952353636,3.3122711033937478,NO,Non PSMA related
103b8a21,NGA,LAGOS,GREEN EAGLE LOGISTICS,6.4216963979160031,3.3415140401363161,NO,Non PSMA related
103b8a4f,NGA,LAGOS,LISTER GAS TERMINAL,6.433213351,3.3665216551348656,NO,Non PSMA related
103b8a51,NGA,LAGOS,LISTER GAS TERMINAL,6.4329717405206788,3.3701663249165157,NO,Non PSMA related
103b8a95,NGA,LAGOS,ATLAS COVE JETTY,6.4130238294256134,3.398066839515014,NO,Non PSMA related
103b8ae1,NGA,LAGOS,EKO SUPPORT JETTY,6.4368509330681016,3.3950579315261336,NO,Non PSMA related
103b8ae5,NGA,LAGOS,LADOL,6.4317248519727155,3.3906568015879279,NO,Non PSMA related
103b8afb,NGA,LAGOS,LADOL,6.432245329,3.3886073452736558,NO,Non PSMA related
103b8b09,NGA,LAGOS,NON CUSTOMS ANCHORAGE,6.4536634153162966,3.381704319213394,NO,Non PSMA related
103b8b1f,NGA,LAGOS,NON CUSTOMS ANCHORAGE,6.4425387583308229,3.3969340428337849,NO,Non PSMA related
103b8b21,NGA,LAGOS,NON CUSTOMS ANCHORAGE,6.4415311592745983,3.4000624190276194,NO,Non PSMA related
103b8b99,NGA,LAGOS,NAVAL BASE,6.4610386866933434,3.3730695652894336,NO,Non PSMA related
103b8b9f,NGA,LAGOS,NON CUSTOMS ANCHORAGE,6.465242946302145,3.3761554171443384,NO,Non PSMA related
103b8ba1,NGA,LAGOS,NON CUSTOMS ANCHORAGE,6.4564725943061454,3.3760860755625983,NO,Non PSMA related
103b8ba3,NGA,LAGOS,NAVAL BASE,6.4583462506816911,3.3720040702520753,NO,Non PSMA related
103b8ba5,NGA,LAGOS,CONTINENTAL SHIPYARD,6.4509744856542683,3.3730632706016355,NO,Non PSMA related
103b8baf,NGA,LAGOS,CONTINENTAL SHIPYARD,6.449382569750183,3.3738000291746597,NO,Non PSMA related
1069c8d5,NGA,RIVERS COMPLEX,PETROSTAR NIGERIA,4.7743405751522729,6.9620135028090129,NO,Non PSMA related
1069c929,NGA,RIVERS COMPLEX,SCNL,4.769020181441018,6.966077171,NO,Non PSMA related
1069c92b,NGA,RIVERS COMPLEX,SCNL,4.7706358472836268,6.9657184301718562,NO,Non PSMA related
1069c933,NGA,RIVERS COMPLEX,MASTERS ENERGY,4.7740635417604977,6.9779331938151881,NO,Non PSMA related
1069c94f,NGA,RIVERS COMPLEX,PORT HARCOURT UPPER ANCHORAGE,4.769258810486761,6.9947174999472423,NO,Non PSMA related
1069c953,NGA,RIVERS COMPLEX,PORT HARCOURT UPPER ANCHORAGE,4.7713778907408058,6.9985856508323181,NO,Non PSMA related
1069c95f,NGA,RIVERS COMPLEX,NAVAL SHIPYARD,4.7555173051263528,7.0028461354761129,NO,Non PSMA related
1069c961,NGA,RIVERS COMPLEX,NAVAL SHIPYARD,4.7515971006893967,7.0021688622786025,NO,Non PSMA related
1069cb63,NGA,RIVERS COMPLEX,HIGH TIDE MARINE,4.7720156795390674,7.0633001,NO,Non PSMA related
1069cb79,NGA,RIVERS COMPLEX,NESTOIL INDUSTRIAL,4.7678328796425653,7.0537313363396121,NO,Non PSMA related
1069cb7b,NGA,RIVERS COMPLEX,NESTOIL INDUSTRIAL,4.7680331693706695,7.0557393023803607,NO,Non PSMA related
1069cb99,NGA,RIVERS COMPLEX,TARABA JETTY,4.755633595433741,7.0428329155726033,NO,Non PSMA related
1069cba3,NGA,RIVERS COMPLEX,TARABA JETTY,4.7513581871536053,7.043085878860559,NO,Non PSMA related
1069cc13,NGA,RIVERS COMPLEX,NLNG SOUTH,4.786464138,7.023627772024815,NO,Non PSMA related
1069cc17,NGA,RIVERS COMPLEX,AMADI BASE LNG,4.7926550840375866,7.0218824428250466,NO,Non PSMA related
1069cc91,NGA,RIVERS COMPLEX,ASPEN AVE SHRIMPERS,4.7893192417115964,7.0608354745887905,NO,Non PSMA related
1069cc93,NGA,RIVERS COMPLEX,ASPEN AVE SHRIMPERS,4.790391390246433,7.061048352,NO,Non PSMA related
1069cc9b,NGA,RIVERS COMPLEX,FERROID SERVICES,4.7831098418466649,7.0611189577217948,NO,Non PSMA related
1069cce5,NGA,RIVERS COMPLEX,OKURU AMA ANCHORAGE,4.807352384,7.0626931118970093,NO,Non PSMA related
1069ccfb,NGA,RIVERS COMPLEX,OKURU AMA ANCHORAGE,4.8086379733273708,7.0597630085544445,NO,Non PSMA related
1069ced1,NGA,RIVERS COMPLEX,OCTOPUS JETTY,4.7831401938498495,6.9734102786360763,NO,Non PSMA related
1069cee7,NGA,RIVERS COMPLEX,NIGERIAN AGIP OIL,4.7984505389080914,6.971316392,NO,Non PSMA related
,NGA,Rivers Complex,Okrika ,4.722441,7.084506,YES,Missed. Tankers may take on refined product here
,NGA,Rivers Complex,Okrika ,4.719177,7.086395,YES,Missed. Tankers may take on refined product here
,NGA,Rivers Complex,Onne,4.666618,7.152687,YES,"Missed. Multipurpose terminal, may be visited by reefers"
,NGA,Rivers Complex,Onne,4.668444,7.153077,YES,"Missed. Multipurpose terminal, may be visited by reefers"
,NGA,Rivers Complex,Onne,4.671016,7.153556,YES,"Missed. Container terminal, may be used by reefers for containerisation"
,NGA,Rivers Complex,Onne,4.6734,7.153996,YES,"Missed. Container terminal, may be used by reefers for containerisation"
,NGA,Rivers Complex,Onne,4.675825,7.155343,YES,"Missed. Container terminal, may be used by reefers for containerisation"
