"vessel_name","MMSI","Flag","flag_ais","imo","vessel_class_cat","vessel_class_confidence","vessel_class","vessel_type","previous_port_country","previous_port","trip_start","trip_start_confidence","trip_end","trip_end_confidence","trip_duration_days","end_port","dak_general","dak_fishing","fishing","fishing_hours","fishing_eez","fishing_hs","fishing_rfmos","encounter","num_encounters","loitering","num_loitering","percent_ais_voyage","vv_url"
"HAIXIN24","412201867","CHN","CHN",NA,"fishing","high","fishing","trawlers","SEN","DAKAR",2025-02-27 19:40:03,4,2025-03-16 10:57:03,4,16.6,"DAKAR",TRUE,TRUE,TRUE,900.352777777778,"GNB, SEN",FALSE,"SRFC, IWC, ICCAT, ACAP, NAMMCO",FALSE,NA,TRUE,18,32.8,"=HYPERLINK(""https://globalfishingwatch.org/map/vessel/649fbfa0c-c22b-397c-19b9-34de539b3def?&start=2025-02-25&end=2025-03-18"")"
"YANGMING8007","412209199","CHN","CHN",NA,"fishing","high","fishing","trawlers","GNB","BISSAU",2025-03-08 14:55:08,4,2025-03-09 16:17:04,4,1,"DAKAR",FALSE,TRUE,FALSE,NA,NA,FALSE,NA,FALSE,NA,FALSE,NA,96.3,"=HYPERLINK(""https://globalfishingwatch.org/map/vessel/5eea628de-e233-1308-4ee1-9fcc3ceff90c?&start=2025-03-06&end=2025-03-11"")"
"TURK YILMAZ","271073480","TUR","TUR","9920928","fishing","high","fishing","purse_seines","GNB","BISSAU",2025-01-18 17:56:28,4,2025-01-19 22:21:42,4,1.2,"DAKAR",TRUE,FALSE,FALSE,NA,NA,FALSE,NA,FALSE,NA,FALSE,NA,100,"=HYPERLINK(""https://globalfishingwatch.org/map/vessel/b551b9b7a-aedd-59b0-b552-7b4b76458b79?&start=2025-01-16&end=2025-01-21"")"
"YIFENG10","412200999","CHN","CHN",NA,"fishing","high","fishing","trawlers","SEN","DAKAR",2025-02-24 19:26:28,4,2025-03-08 04:50:58,4,11.4,"DAKAR",FALSE,TRUE,TRUE,1453.08472222222,"GNB, SEN",FALSE,"NAMMCO, SRFC, ICCAT, ACAP, IWC",FALSE,NA,TRUE,12,45.6,"=HYPERLINK(""https://globalfishingwatch.org/map/vessel/c5de9be58-8b54-b6da-c3b6-408c3c806ce8?&start=2025-02-22&end=2025-03-10"")"
"PRINCE OF SEAS","352002562","BHS","PAN","9014444","carrier","high","carrier","carrier","ESP","LAS PALMAS",2025-01-05 20:24:29,4,2025-01-07 21:26:08,4,2,"DAKAR",TRUE,FALSE,FALSE,NA,NA,FALSE,NA,FALSE,NA,FALSE,NA,100,"=HYPERLINK(""https://globalfishingwatch.org/map/vessel/76cc33d17-7225-5080-db77-8ede0ae5903e?&start=2025-01-03&end=2025-01-09"")"
"GUOJIN901","412549196","CHN","CHN",NA,"fishing","high","fishing","trawlers","SEN","DAKAR",2025-02-27 01:53:36,4,2025-03-08 18:44:27,4,9.7,"DAKAR",TRUE,TRUE,TRUE,2825.63333333333,"SEN",FALSE,"ICCAT, ACAP, NAMMCO, SRFC, IWC",FALSE,NA,TRUE,10,97,"=HYPERLINK(""https://globalfishingwatch.org/map/vessel/e1978b237-794c-1a7d-171c-6c11f629c154?&start=2025-02-25&end=2025-03-10"")"
"ALFONSO RIERA TERCER","224282000","ESP","ESP","8734877","fishing","high","fishing","trawlers","MRT","CANSADO",2025-01-31 07:20:53,4,2025-02-01 21:11:13,4,1.5,"DAKAR",TRUE,TRUE,FALSE,NA,NA,FALSE,NA,FALSE,NA,FALSE,NA,100,"=HYPERLINK(""https://globalfishingwatch.org/map/vessel/d7f0a49c3-35ca-c6db-7786-d49a798e2e3c?&start=2025-01-29&end=2025-02-03"")"
"STAR PRIMA","311000958","BHS","BHS","9338747","carrier","low","other","other","MAR","AGADIR",2025-02-20 10:39:57,4,2025-02-22 18:41:02,4,2.3,"DAKAR",TRUE,FALSE,FALSE,NA,NA,FALSE,NA,FALSE,NA,FALSE,NA,100,"=HYPERLINK(""https://globalfishingwatch.org/map/vessel/3997f5344-4346-5b2b-e215-f5932f787437?&start=2025-02-18&end=2025-02-24"")"
"MAR DE ALBA","224023480","ESP","ESP",NA,"fishing","high","fishing","other_purse_seines","ESP","ESP-121",2025-02-14 18:17:44,4,2025-02-19 10:33:57,3,4.7,"DAKAR",FALSE,TRUE,FALSE,NA,NA,FALSE,NA,FALSE,NA,FALSE,NA,82.3,"=HYPERLINK(""https://globalfishingwatch.org/map/vessel/2c13af0f2-2fb9-e17a-34cc-690b8def2438?&start=2025-02-12&end=2025-02-21"")"
"KAO FONG NO.1","416128800","TWN","TWN",NA,"fishing","high","fishing","drifting_longlines","ZAF","CAPE TOWN",2024-09-26 07:10:55,4,2025-02-25 06:40:16,4,152,"DAKAR",TRUE,TRUE,TRUE,5320.54694444445,NA,TRUE,"NAMMCO, IWC, ICCAT, ACAP",TRUE,32,TRUE,16,NA,"=HYPERLINK(""https://globalfishingwatch.org/map/vessel/2e44dd336-6b86-96a1-e0a3-c684ae16575d?&start=2024-09-24&end=2025-02-27"")"
"COLOMBIAN STAR","636014240","LBR","LBR","9172480","carrier","low","carrier","carrier","CIV","ABIDJAN",2025-01-09 17:01:10,4,2025-01-12 17:11:50,4,3,"DAKAR",FALSE,TRUE,FALSE,NA,NA,FALSE,NA,FALSE,NA,FALSE,NA,100,"=HYPERLINK(""https://globalfishingwatch.org/map/vessel/8bce66adf-faea-4494-cf58-4990faf56820?&start=2025-01-07&end=2025-01-14"")"
"STAR PRIMA","311000958","BHS","BHS","9338747","carrier","low","other","other","CIV","ABIDJAN",2025-03-03 03:28:38,4,2025-03-05 21:27:51,4,2.7,"DAKAR",FALSE,FALSE,FALSE,NA,NA,FALSE,NA,FALSE,NA,FALSE,NA,100,"=HYPERLINK(""https://globalfishingwatch.org/map/vessel/3997f5344-4346-5b2b-e215-f5932f787437?&start=2025-03-01&end=2025-03-07"")"
"CARIBBEAN STAR","636013068","LBR","LBR","9150810","carrier","low","carrier","carrier","CIV","ABIDJAN",2025-03-14 12:13:03,4,2025-03-17 05:47:00,4,2.7,"DAKAR",TRUE,FALSE,FALSE,NA,NA,FALSE,NA,FALSE,NA,FALSE,NA,100,"=HYPERLINK(""https://globalfishingwatch.org/map/vessel/6215b49b8-8d6d-c4dc-240a-8d5e38e826d6?&start=2025-03-12&end=2025-03-19"")"
"STAR FIRST","311000876","BHS","BHS","9330056","carrier","low","other","other","CIV","ABIDJAN",2025-01-23 17:52:39,4,2025-01-27 01:18:41,4,3.3,"DAKAR",FALSE,TRUE,FALSE,NA,NA,FALSE,NA,FALSE,NA,FALSE,NA,100,"=HYPERLINK(""https://globalfishingwatch.org/map/vessel/1f2830fdf-fd8c-099e-c5e3-c9f9c4a16f76?&start=2025-01-21&end=2025-01-29"")"
"JOMAFRAN SEGUNDO","225995265","ESP","ESP",NA,"fishing","high","fishing","trawlers","MRT","CANSADO",2025-03-24 19:45:20,4,2025-03-26 13:52:53,4,1.8,"DAKAR",TRUE,TRUE,FALSE,NA,NA,FALSE,NA,FALSE,NA,FALSE,NA,100,"=HYPERLINK(""https://globalfishingwatch.org/map/vessel/cbd74e07f-fa3d-b182-eee3-802733bc5d5e?&start=2025-03-22&end=2025-03-28"")"
"PLAYA DE NOJA","224531000","ESP","ESP","8806955","fishing","high","fishing","tuna_purse_seines","CIV","ABIDJAN",2025-02-06 21:04:04,4,2025-03-06 06:10:18,4,27.4,"DAKAR",FALSE,TRUE,TRUE,25.6766666666667,NA,TRUE,"NAMMCO, ACAP, ICCAT, IWC",FALSE,NA,TRUE,2,18.1,"=HYPERLINK(""https://globalfishingwatch.org/map/vessel/472962590-0e8b-947d-3f92-4a00e908d511?&start=2025-02-04&end=2025-03-08"")"
"ZHEN YUAN YU 828","412420878","CHN","CHN",NA,"fishing","high","fishing","fishing","GIN","CONAKRY",2025-01-01 17:47:18,4,2025-01-03 11:26:59,4,1.7,"DAKAR",TRUE,FALSE,FALSE,NA,NA,FALSE,NA,FALSE,NA,FALSE,NA,97.7,"=HYPERLINK(""https://globalfishingwatch.org/map/vessel/2ff276b1f-f519-6c09-f409-e4c7634f0e3a?&start=2024-12-30&end=2025-01-05"")"
"GUOJIN901","412549196","CHN","CHN",NA,"fishing","high","fishing","trawlers","SEN","DAKAR",2025-03-10 19:31:45,4,2025-03-28 04:26:33,4,17.3,"DAKAR",TRUE,TRUE,TRUE,4552.60833333333,"SEN",FALSE,"ICCAT, ACAP, SRFC, IWC, NAMMCO",TRUE,4,TRUE,6,96.9,"=HYPERLINK(""https://globalfishingwatch.org/map/vessel/e1978b237-794c-1a7d-171c-6c11f629c154?&start=2025-03-08&end=2025-03-30"")"
"BALTIC HOLLYHOCK","311000977","BHS","BHS","9189902","carrier","low","carrier","carrier","BEL","ANTWERP",2025-01-11 04:49:09,4,2025-01-17 10:44:00,4,6.2,"DAKAR",TRUE,FALSE,FALSE,NA,NA,FALSE,NA,FALSE,NA,FALSE,NA,100,"=HYPERLINK(""https://globalfishingwatch.org/map/vessel/1ba6222b2-2d29-eb4a-3bdd-29718bd7497c?&start=2025-01-09&end=2025-01-19"")"
"YANGMING8001","412209195","CHN","CHN",NA,"fishing","high","fishing","fishing","SEN","DAKAR",2024-12-15 22:46:25,4,2025-01-01 09:29:11,4,16.4,"DAKAR",FALSE,TRUE,TRUE,1281.28055555556,"GNB",FALSE,"ICCAT, ACAP, NAMMCO, IWC, SRFC",FALSE,NA,FALSE,NA,NA,"=HYPERLINK(""https://globalfishingwatch.org/map/vessel/2e5f4ad48-88f3-9803-7051-7a03e4d7c782?&start=2024-12-13&end=2025-01-03"")"
"SHENG HAI 17","412200978","CHN","CHN",NA,"fishing","high","fishing","trawlers","GIN","CONAKRY",2025-01-03 19:21:03,4,2025-01-05 03:53:30,4,1.3,"DAKAR",TRUE,TRUE,FALSE,NA,NA,FALSE,NA,FALSE,NA,FALSE,NA,15.2,"=HYPERLINK(""https://globalfishingwatch.org/map/vessel/ad3800ca1-1e25-979b-4b28-ac00b6c34942?&start=2025-01-01&end=2025-01-07"")"
"YI FENG 30","412209128","CHN","CHN",NA,"fishing","high","fishing","fishing","SEN","DAKAR",2025-03-08 20:26:09,4,2025-03-22 15:55:10,4,13.8,"DAKAR",TRUE,TRUE,TRUE,4104.92499999998,"GNB, SEN",FALSE,"ACAP, IWC, SRFC, NAMMCO, ICCAT",FALSE,NA,TRUE,10,97.6,"=HYPERLINK(""https://globalfishingwatch.org/map/vessel/950337f10-0b9d-d461-c26c-1f50ba61d104?&start=2025-03-06&end=2025-03-24"")"
"ALFONSO RIERA SEGUND","224032270","ESP","ESP","9175377","fishing","high","fishing","trawlers","MRT","CANSADO",2025-03-24 19:47:54,4,2025-03-26 14:21:58,4,1.8,"DAKAR",TRUE,TRUE,FALSE,NA,NA,FALSE,NA,FALSE,NA,FALSE,NA,100,"=HYPERLINK(""https://globalfishingwatch.org/map/vessel/ebdafaa65-595c-2373-4337-eaf2cebdadae?&start=2025-03-22&end=2025-03-28"")"
"TWENTY","629009232","GMB","GMB",NA,"fishing","high","fishing","trawlers","SEN","DAKAR",2025-01-27 04:10:10,4,2025-02-12 10:53:30,4,16.3,"DAKAR",FALSE,FALSE,TRUE,496.702777777778,"GMB",FALSE,"ICCAT, NAMMCO, ACAP, SRFC, IWC",FALSE,NA,TRUE,32,25.1,"=HYPERLINK(""https://globalfishingwatch.org/map/vessel/8c09eec53-39ac-c718-0fa8-4952d9a38c75?&start=2025-01-25&end=2025-02-14"")"
"CIUDAD DE HUELVA","225987981","ESP","ESP","8740955","fishing","high","fishing","trawlers","GNB","BISSAU",2025-01-31 21:16:42,4,2025-03-17 08:06:53,4,44.4,"DAKAR",TRUE,TRUE,TRUE,9798.2361111111,"SEN, GNB",FALSE,"NAMMCO, IWC, ACAP, ICCAT, SRFC",FALSE,NA,FALSE,NA,100,"=HYPERLINK(""https://globalfishingwatch.org/map/vessel/45fc67c5f-ffbb-8088-09a3-4baf211463bb?&start=2025-01-29&end=2025-03-19"")"
"COSTA DE  HUELVA","224854000","ESP","ESP","9379820","fishing","high","fishing","trawlers","MRT","CANSADO",2025-01-07 20:55:13,4,2025-01-09 13:13:39,4,1.7,"DAKAR",TRUE,TRUE,FALSE,NA,NA,FALSE,NA,FALSE,NA,FALSE,NA,100,"=HYPERLINK(""https://globalfishingwatch.org/map/vessel/1e31d7cd6-6c64-7b64-d9fd-71ea2e122789?&start=2025-01-05&end=2025-01-11"")"
"FU YUAN YU 373","412440268","CHN","CHN",NA,"fishing","med","fishing","inconclusive","GIN","CONAKRY",2025-01-13 21:57:46,4,2025-01-16 00:19:59,4,2.1,"DAKAR",TRUE,TRUE,FALSE,NA,NA,FALSE,NA,FALSE,NA,FALSE,NA,94.2,"=HYPERLINK(""https://globalfishingwatch.org/map/vessel/3e24cdb87-795c-1b60-72d5-0b1288f94e55?&start=2025-01-11&end=2025-01-18"")"
"CURBEIRO","224106000","ESP","ESP","9194191","fishing","high","fishing","trawlers","ESP","BUEU",2025-01-23 12:47:13,4,2025-01-31 11:48:49,4,8,"DAKAR",TRUE,TRUE,FALSE,NA,NA,FALSE,NA,FALSE,NA,FALSE,NA,100,"=HYPERLINK(""https://globalfishingwatch.org/map/vessel/abfdf22f1-145b-2a91-3e6b-7acb899cd1d7?&start=2025-01-21&end=2025-02-02"")"
"GUOJIN901","412549196","CHN","CHN",NA,"fishing","high","fishing","trawlers","SEN","DAKAR",2025-02-13 17:31:03,4,2025-02-26 17:59:37,4,13,"DAKAR",TRUE,FALSE,TRUE,3810.15000000001,"SEN",FALSE,"IWC, ICCAT, ACAP, NAMMCO, SRFC",TRUE,4,TRUE,4,100,"=HYPERLINK(""https://globalfishingwatch.org/map/vessel/e1978b237-794c-1a7d-171c-6c11f629c154?&start=2025-02-11&end=2025-02-28"")"
"PEIX MAR VEINTINUEVE","224372000","ESP","ESP",NA,"fishing","high","fishing","trawlers","GNB","BISSAU",2025-01-31 22:21:29,4,2025-03-14 07:12:16,4,41.3,"DAKAR",TRUE,TRUE,TRUE,8875.94166666669,"SEN, GNB",FALSE,"ICCAT, SRFC, IWC, NAMMCO, ACAP",FALSE,NA,FALSE,NA,94.3,"=HYPERLINK(""https://globalfishingwatch.org/map/vessel/0e7b1acdf-f7c8-f125-35fc-f22f72aa558d?&start=2025-01-29&end=2025-03-16"")"
"COTE DIVOIRE EXPRESS","563237900","SGP","SGP","9983994","carrier","low","other","other","CIV","ABIDJAN",2025-02-25 21:56:10,4,2025-02-28 17:58:00,4,2.8,"DAKAR",TRUE,FALSE,FALSE,NA,NA,FALSE,NA,FALSE,NA,FALSE,NA,100,"=HYPERLINK(""https://globalfishingwatch.org/map/vessel/c101e6df7-7c74-f0bd-dff3-8cf9eb76b89b?&start=2025-02-23&end=2025-03-02"")"
"FU YUAN YU 7857","412440842","CHN","CHN",NA,"fishing","high","fishing","drifting_longlines","SEN","DAKAR",2024-09-20 01:47:13,4,2025-03-27 09:21:18,4,188.3,"DAKAR",TRUE,TRUE,TRUE,2206.47611111111,NA,TRUE,"ACAP, NAMMCO, IWC, ICCAT",FALSE,NA,TRUE,9,NA,"=HYPERLINK(""https://globalfishingwatch.org/map/vessel/37d18a147-79f8-1fdc-3e0d-2baa5b6f4631?&start=2024-09-18&end=2025-03-29"")"
"COSTA RICAN STAR","636013073","LBR","LBR","9150822","carrier","low","carrier","carrier","CIV","ABIDJAN",2025-01-30 14:29:35,4,2025-02-02 17:14:33,4,3.1,"DAKAR",FALSE,TRUE,FALSE,NA,NA,FALSE,NA,FALSE,NA,FALSE,NA,100,"=HYPERLINK(""https://globalfishingwatch.org/map/vessel/ace7e52e7-7e8a-f948-ef45-d49a0b5a77af?&start=2025-01-28&end=2025-02-04"")"
"TIANG EI HU","412209083","CHN","CHN",NA,"fishing","high","fishing","trawlers","SEN","DAKAR",2025-03-11 09:38:03,4,2025-03-28 13:21:12,4,17.1,"DAKAR",FALSE,TRUE,TRUE,8.90833333333334,"SEN, GNB",FALSE,"ICCAT, IWC, SRFC, NAMMCO, ACAP",FALSE,NA,TRUE,18,10.2,"=HYPERLINK(""https://globalfishingwatch.org/map/vessel/364511e7e-ec82-68e9-2702-2ec05725207d?&start=2025-03-09&end=2025-03-30"")"
"CAMEROUN EXPRESS","563229800","SGP","SGP","9983865","carrier","low","other","other","MAR","AGADIR",2025-02-27 18:30:07,4,2025-03-02 07:33:05,4,2.5,"DAKAR",FALSE,TRUE,FALSE,NA,NA,FALSE,NA,FALSE,NA,FALSE,NA,100,"=HYPERLINK(""https://globalfishingwatch.org/map/vessel/7bf03aa76-6d87-6b95-cc07-490ae627673d?&start=2025-02-25&end=2025-03-04"")"
"GUOJIN901","412549196","CHN","CHN",NA,"fishing","high","fishing","trawlers","SEN","DAKAR",2024-10-10 06:56:30,4,2025-02-01 20:24:23,4,114.5,"DAKAR",FALSE,TRUE,FALSE,NA,NA,FALSE,NA,FALSE,NA,FALSE,NA,NA,"=HYPERLINK(""https://globalfishingwatch.org/map/vessel/e1978b237-794c-1a7d-171c-6c11f629c154?&start=2024-10-08&end=2025-02-03"")"
"LA PINTA R","224175000","ESP","ESP",NA,"fishing","high","fishing","trawlers","GAB","PORT GENTIL",2025-02-19 11:30:53,4,2025-02-28 11:39:25,4,9,"DAKAR",TRUE,TRUE,FALSE,NA,NA,FALSE,NA,FALSE,NA,FALSE,NA,79.7,"=HYPERLINK(""https://globalfishingwatch.org/map/vessel/c17075854-49bb-6c86-ad25-6b9f2d6f6ddd?&start=2025-02-17&end=2025-03-02"")"
"CARIBBEAN STAR","636013068","LBR","LBR","9150810","carrier","low","carrier","carrier","CIV","ABIDJAN",2025-02-06 13:40:26,4,2025-02-09 22:35:07,4,3.3,"DAKAR",FALSE,TRUE,FALSE,NA,NA,FALSE,NA,FALSE,NA,FALSE,NA,100,"=HYPERLINK(""https://globalfishingwatch.org/map/vessel/6215b49b8-8d6d-c4dc-240a-8d5e38e826d6?&start=2025-02-04&end=2025-02-11"")"
"DOCE DE JULIO","224910000","ESP","ESP","9978107","fishing","med","fishing","inconclusive","SEN","DAKAR",2024-11-21 18:50:53,4,2025-01-01 09:25:00,4,40.6,"DAKAR",TRUE,TRUE,TRUE,10092.3347222222,"SEN, GNB",FALSE,"NAMMCO, ACAP, ICCAT, IWC, SRFC",FALSE,NA,TRUE,2,NA,"=HYPERLINK(""https://globalfishingwatch.org/map/vessel/6409b3d06-613e-008e-4380-d7f8cd30019e?&start=2024-11-19&end=2025-01-03"")"
"YIFENG 09","412200998","CHN","CHN",NA,"fishing","low","seismic_vessel","seismic_vessel","SEN","DAKAR",2025-03-09 16:40:24,4,2025-03-14 12:22:51,4,4.8,"DAKAR",FALSE,TRUE,FALSE,NA,NA,FALSE,NA,FALSE,NA,TRUE,6,57.3,"=HYPERLINK(""https://globalfishingwatch.org/map/vessel/25ecd2d23-37dd-a0cd-0b59-a2fc2e477601?&start=2025-03-07&end=2025-03-16"")"
"HAIXIN28","412201872","CHN","CHN",NA,"fishing","med","fishing","inconclusive","CHN","DALIAN",2015-12-01 18:03:24,3,2025-01-09 12:07:48,4,3326.8,"DAKAR",TRUE,TRUE,FALSE,NA,NA,FALSE,NA,FALSE,NA,FALSE,NA,NA,"=HYPERLINK(""https://globalfishingwatch.org/map/vessel/091267662-2761-8637-0d75-4cd332968347?&start=2015-11-29&end=2025-01-11"")"
"ATLANTIC ROSE","511100124","PLW","PLW","8806242","carrier","high","carrier","carrier","BRA","RIO GRANDE",2025-01-08 05:38:58,4,2025-01-21 08:37:20,4,13.1,"DAKAR",FALSE,FALSE,FALSE,NA,NA,FALSE,NA,FALSE,NA,TRUE,4,33.9,"=HYPERLINK(""https://globalfishingwatch.org/map/vessel/6ecb06bf8-8d74-5144-1aa7-54a777f971a7?&start=2025-01-06&end=2025-01-23"")"
"EGALABUR","312078000","BLZ","BLZ","9710995","fishing","low","cargo","cargo","CIV","ABIDJAN",2025-01-31 20:41:40,4,2025-03-03 07:50:45,4,30.5,"DAKAR",FALSE,TRUE,FALSE,NA,NA,FALSE,NA,TRUE,4,TRUE,20,40.3,"=HYPERLINK(""https://globalfishingwatch.org/map/vessel/e381c1064-4581-8291-c3dc-2be09ac071b9?&start=2025-01-29&end=2025-03-05"")"
"ALHASSAN ALMARRAKCHI","242017400","MAR","MAR","9867061","fishing","low","fishing","inconclusive","SEN","DAKAR",2025-01-24 20:03:50,4,2025-01-25 17:35:14,4,0.9,"DAKAR",FALSE,FALSE,TRUE,11.7583333333333,"SEN",FALSE,"IWC, ACAP, SRFC, ICCAT, NAMMCO",FALSE,NA,FALSE,NA,100,"=HYPERLINK(""https://globalfishingwatch.org/map/vessel/4c4834111-1fd4-6ddf-2c63-bfabf620da76?&start=2025-01-22&end=2025-01-27"")"
"YUAN YU 891","412549342","CHN","CHN",NA,"fishing","high","fishing","trawlers","GNB","BISSAU",2025-01-18 11:22:54,4,2025-01-19 22:06:15,4,1.4,"DAKAR",TRUE,FALSE,FALSE,NA,NA,FALSE,NA,FALSE,NA,FALSE,NA,100,"=HYPERLINK(""https://globalfishingwatch.org/map/vessel/02f3592a0-0a3e-9ca8-3827-877139e763f0?&start=2025-01-16&end=2025-01-21"")"
"ALBONIGA","224745000","ESP","ESP","8613267","fishing","high","fishing","tuna_purse_seines","CIV","ABIDJAN",2025-02-23 13:05:21,4,2025-03-25 05:00:57,4,29.6,"DAKAR",TRUE,TRUE,TRUE,168.311111111111,"SLE, CIV",FALSE,"ACAP, FCWC, NAMMCO, SRFC, ICCAT, IWC",FALSE,NA,TRUE,10,17.3,"=HYPERLINK(""https://globalfishingwatch.org/map/vessel/818356b57-7844-a4ae-919e-36a06ae5a84a?&start=2025-02-21&end=2025-03-27"")"
"F/V ALBACORA QUINCE","224727000","ESP","ESP","8206296","fishing","high","fishing","tuna_purse_seines","CIV","ABIDJAN",2025-02-19 16:04:05,4,2025-03-14 12:55:46,4,22.8,"DAKAR",TRUE,TRUE,FALSE,NA,NA,FALSE,NA,FALSE,NA,FALSE,NA,0.4,"=HYPERLINK(""https://globalfishingwatch.org/map/vessel/83487d338-8fba-2645-7342-563c4cb5611f?&start=2025-02-17&end=2025-03-16"")"
"NATA 2","659034000","NAM","NAM",NA,"fishing","low","gear","gear","SEN","DAKAR",2025-01-14 08:25:46,4,2025-03-04 12:07:28,4,49.1,"DAKAR",TRUE,TRUE,FALSE,NA,NA,FALSE,NA,FALSE,NA,TRUE,14,77.5,"=HYPERLINK(""https://globalfishingwatch.org/map/vessel/68a05b872-2f68-ba22-da3d-8de7bfa86302?&start=2025-01-12&end=2025-03-06"")"
"YIFENG25","412209122","CHN","CHN",NA,"fishing","low","seismic_vessel","seismic_vessel","GNB","BISSAU",2025-02-13 20:10:27,4,2025-03-03 22:38:36,4,18.1,"DAKAR",TRUE,TRUE,FALSE,NA,NA,FALSE,NA,FALSE,NA,TRUE,22,76.8,"=HYPERLINK(""https://globalfishingwatch.org/map/vessel/632bb9e7e-e4ae-f310-71ff-3a5bcc4313ec?&start=2025-02-11&end=2025-03-05"")"
"CARIBBEAN STAR","636013068","LBR","LBR","9150810","carrier","low","carrier","carrier","CIV","ABIDJAN",2025-01-03 05:00:41,4,2025-01-06 18:01:32,4,3.5,"DAKAR",TRUE,FALSE,FALSE,NA,NA,FALSE,NA,FALSE,NA,FALSE,NA,100,"=HYPERLINK(""https://globalfishingwatch.org/map/vessel/6215b49b8-8d6d-c4dc-240a-8d5e38e826d6?&start=2025-01-01&end=2025-01-08"")"
"KAO FONG NO817","416146700","TWN","TWN",NA,"fishing","high","fishing","drifting_longlines","SEN","DAKAR",2024-08-23 08:11:06,4,2025-02-25 06:46:50,4,185.9,"DAKAR",TRUE,TRUE,TRUE,475.153055555556,NA,TRUE,"IWC, ACAP, NAMMCO, ICCAT",TRUE,60,TRUE,164,NA,"=HYPERLINK(""https://globalfishingwatch.org/map/vessel/54f3e7498-89d5-7b1b-40cd-f04b6e575ff7?&start=2024-08-21&end=2025-02-27"")"
"YUAN YU 890","412549341","CHN","CHN",NA,"fishing","high","fishing","trawlers","GNB","BISSAU",2025-01-25 15:41:55,4,2025-01-27 04:41:22,4,1.5,"DAKAR",TRUE,FALSE,FALSE,NA,NA,FALSE,NA,FALSE,NA,FALSE,NA,100,"=HYPERLINK(""https://globalfishingwatch.org/map/vessel/bbba961c9-9f6c-7ddb-69db-a6f4016b1484?&start=2025-01-23&end=2025-01-29"")"
"YIFENG21","412209011","CHN","CHN",NA,"fishing","high","fishing","trawlers","SEN","DAKAR",2025-03-02 00:06:33,4,2025-03-15 01:44:42,4,13,"DAKAR",TRUE,TRUE,TRUE,225.755555555556,"SEN",FALSE,"ICCAT, NAMMCO, SRFC, IWC, ACAP",FALSE,NA,TRUE,6,12.4,"=HYPERLINK(""https://globalfishingwatch.org/map/vessel/c168bbf49-9c02-8ea2-724f-1f17ea5b988d?&start=2025-02-28&end=2025-03-17"")"
"YUAN YU 892","412549343","CHN","CHN",NA,"fishing","high","fishing","trawlers","GNB","BISSAU",2025-01-25 15:34:12,4,2025-01-27 07:22:38,4,1.6,"DAKAR",TRUE,FALSE,TRUE,27.55,"SEN",FALSE,"ICCAT, ACAP, SRFC, IWC, NAMMCO",FALSE,NA,FALSE,NA,100,"=HYPERLINK(""https://globalfishingwatch.org/map/vessel/c281d3ca5-5203-420a-ebc1-dd882a005a49?&start=2025-01-23&end=2025-01-29"")"
"YIFENG7","412200996","CHN","CHN",NA,"fishing","med","fishing","trawlers","SEN","DAKAR",2025-03-24 20:28:58,4,2025-03-27 02:47:41,4,2.3,"DAKAR",FALSE,TRUE,FALSE,NA,NA,FALSE,NA,FALSE,NA,TRUE,2,45.5,"=HYPERLINK(""https://globalfishingwatch.org/map/vessel/e0d511224-49a9-8047-a2ed-4fc1d0aaf626?&start=2025-03-22&end=2025-03-29"")"
"NATA 2","659034000","NAM","NAM",NA,"fishing","low","gear","gear","ZAF","CAPE TOWN",2024-07-11 16:45:57,4,2025-01-07 06:10:32,4,179.5,"DAKAR",TRUE,TRUE,FALSE,NA,NA,FALSE,NA,TRUE,28,TRUE,132,NA,"=HYPERLINK(""https://globalfishingwatch.org/map/vessel/68a05b872-2f68-ba22-da3d-8de7bfa86302?&start=2024-07-09&end=2025-01-09"")"
"PEIX MAR VEINTIOCHO","224275000","ESP","ESP",NA,"fishing","high","fishing","fishing","GNB","BISSAU",2025-01-31 22:02:16,4,2025-03-14 07:04:36,4,41.4,"DAKAR",TRUE,TRUE,TRUE,9053.72916666666,"GNB, SEN",FALSE,"IWC, SRFC, ACAP, ICCAT, NAMMCO",FALSE,NA,TRUE,2,92.7,"=HYPERLINK(""https://globalfishingwatch.org/map/vessel/f838ed30c-cd84-c08a-815c-57b587afac9d?&start=2025-01-29&end=2025-03-16"")"
"YINGMING8031","412209008","CHN","CHN",NA,"fishing","high","fishing","trawlers","SEN","DAKAR",2024-12-21 20:10:05,4,2025-01-01 09:02:40,4,10.5,"DAKAR",FALSE,TRUE,TRUE,1430.22916666666,"GNB, SEN",FALSE,"IWC, ICCAT, NAMMCO, ACAP, SRFC",FALSE,NA,TRUE,10,NA,"=HYPERLINK(""https://globalfishingwatch.org/map/vessel/c5824d985-509c-6d36-cfd9-d45e58e5515b?&start=2024-12-19&end=2025-01-03"")"
"ZHEN YUAN YU 820","412420887","CHN","CHN",NA,"fishing","high","fishing","trawlers","GIN","CONAKRY",2025-01-11 18:11:35,4,2025-01-13 12:58:52,4,1.8,"DAKAR",TRUE,TRUE,FALSE,NA,NA,FALSE,NA,FALSE,NA,FALSE,NA,100,"=HYPERLINK(""https://globalfishingwatch.org/map/vessel/ad8a95025-5f3e-81f4-dc75-4f22153a1e34?&start=2025-01-09&end=2025-01-15"")"
"HAIXIN29","412549434","CHN","CHN",NA,"fishing","high","fishing","fishing","SEN","DAKAR",2025-03-06 19:54:16,3,2025-03-25 04:38:47,4,18.3,"DAKAR",TRUE,TRUE,TRUE,6480.48055555556,"GNB, SEN",FALSE,"ICCAT, IWC, NAMMCO, ACAP, SRFC",FALSE,NA,TRUE,6,99.3,"=HYPERLINK(""https://globalfishingwatch.org/map/vessel/5383e7875-5996-3d2e-1c30-45975f2c9902?&start=2025-03-04&end=2025-03-27"")"
"CHANG RONG 8","412549272","CHN","CHN",NA,"fishing","high","fishing","drifting_longlines","SEN","DAKAR",2024-12-03 16:59:04,4,2025-01-13 02:54:52,4,40.4,"DAKAR",FALSE,TRUE,TRUE,538.091111111111,NA,TRUE,"NAMMCO, ICCAT, IWC, ACAP",FALSE,NA,TRUE,12,NA,"=HYPERLINK(""https://globalfishingwatch.org/map/vessel/2d467179f-f1de-c034-8a23-f091c3e4cadf?&start=2024-12-01&end=2025-01-15"")"
"DOCE DE JULIO","224910000","ESP","ESP","9978107","fishing","med","fishing","inconclusive","GNB","BISSAU",2025-02-03 13:43:41,4,2025-03-10 09:25:10,4,34.8,"DAKAR",TRUE,TRUE,TRUE,7629.35277777778,"SEN, GNB",FALSE,"SRFC, NAMMCO, IWC, ICCAT, ACAP",FALSE,NA,FALSE,NA,99.9,"=HYPERLINK(""https://globalfishingwatch.org/map/vessel/6409b3d06-613e-008e-4380-d7f8cd30019e?&start=2025-02-01&end=2025-03-12"")"
"HAIXIN27","412201871","CHN","CHN",NA,"fishing","high","fishing","trawlers","SEN","DAKAR",2025-02-27 19:31:09,4,2025-03-15 14:29:59,4,15.8,"DAKAR",TRUE,TRUE,TRUE,1475.06944444445,"GNB, SEN",FALSE,"ICCAT, IWC, SRFC, NAMMCO, ACAP",FALSE,NA,TRUE,18,45.8,"=HYPERLINK(""https://globalfishingwatch.org/map/vessel/b7d69a539-9155-ba85-3408-9a93597a3784?&start=2025-02-25&end=2025-03-17"")"
"YANGMING8006","412209198","CHN","CHN",NA,"fishing","high","fishing","trawlers","SEN","DAKAR",2024-12-15 13:36:33,4,2025-01-01 10:40:00,4,16.9,"DAKAR",FALSE,TRUE,TRUE,1382.73611111111,"GNB",FALSE,"IWC, ACAP, NAMMCO, SRFC, ICCAT",FALSE,NA,TRUE,14,NA,"=HYPERLINK(""https://globalfishingwatch.org/map/vessel/053be272f-f82e-093f-d86c-862ba01b963d?&start=2024-12-13&end=2025-01-03"")"
"ZHONGYUE89","412549153","CHN","CHN",NA,"fishing","high","fishing","fishing","SEN","DAKAR",2025-01-12 06:33:26,4,2025-02-01 17:42:28,3,20.5,"DAKAR",FALSE,TRUE,TRUE,96.3666666666667,"SEN",FALSE,"IWC, ACAP, NAMMCO, ICCAT, SRFC",FALSE,NA,TRUE,2,4.5,"=HYPERLINK(""https://globalfishingwatch.org/map/vessel/0289c4b7d-d25b-7ee4-40c8-99c438a1bdb7?&start=2025-01-10&end=2025-02-03"")"
"YANGMIN8002","412209196","CHN","CHN",NA,"fishing","high","fishing","trawlers","GNB","BISSAU",2025-03-08 16:08:08,4,2025-03-09 17:57:42,4,1,"DAKAR",FALSE,TRUE,FALSE,NA,NA,FALSE,NA,FALSE,NA,FALSE,NA,100,"=HYPERLINK(""https://globalfishingwatch.org/map/vessel/f23a6145b-bb7f-8e7e-5c7e-61a9e335f577?&start=2025-03-06&end=2025-03-11"")"
"YANGMING8005","412209197","CHN","CHN",NA,"fishing","high","fishing","trawlers","SEN","DAKAR",2024-12-05 16:04:21,4,2025-01-01 08:24:43,4,26.7,"DAKAR",TRUE,TRUE,FALSE,NA,NA,FALSE,NA,FALSE,NA,FALSE,NA,NA,"=HYPERLINK(""https://globalfishingwatch.org/map/vessel/0069639f1-1b76-f441-db80-7bd4d6f7f9e2?&start=2024-12-03&end=2025-01-03"")"
"MENGX27","412209178","CHN","CHN",NA,"fishing","med","fishing","inconclusive","GIN","CONAKRY",2024-12-31 22:47:35,4,2025-01-03 11:10:58,4,2.5,"DAKAR",TRUE,TRUE,FALSE,NA,NA,FALSE,NA,FALSE,NA,FALSE,NA,NA,"=HYPERLINK(""https://globalfishingwatch.org/map/vessel/4081c9c0f-ff1e-f4ce-d2a8-2cd39185760d?&start=2024-12-29&end=2025-01-05"")"
"MENGXIN28","412209179","CHN","CHN",NA,"fishing","high","fishing","trawlers","GIN","CONAKRY",2025-01-02 21:15:49,4,2025-01-04 19:33:32,4,1.9,"DAKAR",TRUE,TRUE,FALSE,NA,NA,FALSE,NA,FALSE,NA,FALSE,NA,91.5,"=HYPERLINK(""https://globalfishingwatch.org/map/vessel/3f8a9b005-5228-70e4-68f6-e01b28986820?&start=2024-12-31&end=2025-01-06"")"
"COLOMBIAN STAR","636014240","LBR","LBR","9172480","carrier","low","carrier","carrier","CIV","ABIDJAN",2025-02-14 16:27:22,4,2025-02-17 14:44:29,4,2.9,"DAKAR",FALSE,TRUE,FALSE,NA,NA,FALSE,NA,FALSE,NA,FALSE,NA,100,"=HYPERLINK(""https://globalfishingwatch.org/map/vessel/8bce66adf-faea-4494-cf58-4990faf56820?&start=2025-02-12&end=2025-02-19"")"
"RIODOMAR QUINTO","224394000","ESP","ESP",NA,"fishing","high","fishing","trawlers","MRT","CANSADO",2025-02-13 20:15:16,4,2025-02-15 21:39:49,4,2,"DAKAR",TRUE,TRUE,FALSE,NA,NA,FALSE,NA,FALSE,NA,FALSE,NA,100,"=HYPERLINK(""https://globalfishingwatch.org/map/vessel/4a0a5f1e2-200f-d3b6-8e90-73874b930291?&start=2025-02-11&end=2025-02-17"")"
"MIN LONG YU61146","412444322","CHN","CHN",NA,"fishing","high","fishing","trawlers","GNB","BISSAU",2025-03-15 23:35:49,4,2025-03-17 11:30:37,4,1.5,"DAKAR",FALSE,TRUE,TRUE,115.844444444444,"SEN, GMB, GNB",FALSE,"NAMMCO, SRFC, ICCAT, IWC, ACAP",FALSE,NA,FALSE,NA,100,"=HYPERLINK(""https://globalfishingwatch.org/map/vessel/3d85e312f-f420-4646-1a9a-f1c99f636999?&start=2025-03-13&end=2025-03-19"")"
"LURONGYUANYU216","412329514","CHN","CHN",NA,"fishing","low","fishing","fishing","GIN","CONAKRY",2025-03-26 09:34:06,4,2025-03-28 11:03:57,4,2,"DAKAR",TRUE,TRUE,FALSE,NA,NA,FALSE,NA,FALSE,NA,FALSE,NA,84.3,"=HYPERLINK(""https://globalfishingwatch.org/map/vessel/4bd2f4e42-2c91-9abd-1cc6-541761bba6f9?&start=2025-03-24&end=2025-03-30"")"
"FENG YA NO.11","416379000","TWN","TWN",NA,"fishing","high","fishing","drifting_longlines","SEN","DAKAR",2024-02-24 08:30:14,4,2025-02-20 08:35:40,4,362,"DAKAR",TRUE,TRUE,TRUE,10467.6905555556,"SEN",TRUE,"ICCAT, NAMMCO, IWC, SRFC, ACAP",TRUE,148,TRUE,72,NA,"=HYPERLINK(""https://globalfishingwatch.org/map/vessel/d40a79e44-454b-c0e2-1075-7cf314c51f60?&start=2024-02-22&end=2025-02-22"")"
"HAIXIN28","412201872","CHN","CHN",NA,"fishing","med","fishing","inconclusive","GNB","BISSAU",2025-02-05 22:03:51,3,2025-02-06 07:34:01,3,0.4,"DAKAR",FALSE,FALSE,FALSE,NA,NA,FALSE,NA,FALSE,NA,FALSE,NA,30,"=HYPERLINK(""https://globalfishingwatch.org/map/vessel/091267662-2761-8637-0d75-4cd332968347?&start=2025-02-03&end=2025-02-08"")"
"HAIXIN28","412201872","CHN","CHN",NA,"fishing","med","fishing","inconclusive","SEN","DAKAR",2025-03-01 17:11:59,3,2025-03-19 11:53:29,4,17.8,"DAKAR",TRUE,TRUE,TRUE,5958.81527777777,"SEN, GNB",FALSE,"NAMMCO, SRFC, IWC, ACAP, ICCAT",FALSE,NA,TRUE,8,96,"=HYPERLINK(""https://globalfishingwatch.org/map/vessel/091267662-2761-8637-0d75-4cd332968347?&start=2025-02-27&end=2025-03-21"")"
"TWENTY","629009232","GMB","GMB",NA,"fishing","high","fishing","trawlers","SEN","DAKAR",2024-12-10 20:48:57,3,2025-01-22 15:44:06,4,42.8,"DAKAR",FALSE,TRUE,TRUE,2259.98333333333,"GMB",FALSE,"IWC, SRFC, NAMMCO, ACAP, ICCAT",FALSE,NA,TRUE,90,NA,"=HYPERLINK(""https://globalfishingwatch.org/map/vessel/8c09eec53-39ac-c718-0fa8-4952d9a38c75?&start=2024-12-08&end=2025-01-24"")"
"STAR FIRST","311000876","BHS","BHS","9330056","carrier","low","other","other","CIV","ABIDJAN",2025-02-27 21:27:21,4,2025-03-02 23:20:44,4,3,"DAKAR",FALSE,TRUE,FALSE,NA,NA,FALSE,NA,FALSE,NA,FALSE,NA,100,"=HYPERLINK(""https://globalfishingwatch.org/map/vessel/1f2830fdf-fd8c-099e-c5e3-c9f9c4a16f76?&start=2025-02-25&end=2025-03-04"")"
"ZHENYUANYU822","412420882","CHN","CHN",NA,"fishing","high","fishing","fishing","SEN","DAKAR",2025-02-07 21:22:27,3,2025-03-09 04:22:05,4,29.3,"DAKAR",TRUE,TRUE,TRUE,6630.56666666666,"SEN",FALSE,"ACAP, SRFC, IWC, NAMMCO, ICCAT",TRUE,12,TRUE,22,80,"=HYPERLINK(""https://globalfishingwatch.org/map/vessel/cbaefac18-8b37-13df-603f-98c2d4b80405?&start=2025-02-05&end=2025-03-11"")"
"GUOJIN908","412549197","CHN","CHN",NA,"fishing","high","fishing","trawlers","SEN","DAKAR",2024-04-10 07:50:48,4,2025-02-26 17:23:02,4,322.4,"DAKAR",FALSE,FALSE,TRUE,3717.27500000001,"SEN",FALSE,"IWC, ICCAT, SRFC, NAMMCO, ACAP",TRUE,4,TRUE,2,NA,"=HYPERLINK(""https://globalfishingwatch.org/map/vessel/b1746e808-87ff-d6f5-bd85-255ca80d9d1a?&start=2024-04-08&end=2025-02-28"")"
"ALFONSO RIERA CUARTO","224026860","ESP","ESP",NA,"fishing","high","fishing","trawlers","GNB","BISSAU",2025-02-06 20:20:15,4,2025-03-12 19:06:53,4,33.9,"DAKAR",TRUE,TRUE,TRUE,7444.86111111109,"GNB",FALSE,"ICCAT, ACAP, SRFC, NAMMCO, IWC",FALSE,NA,TRUE,2,100,"=HYPERLINK(""https://globalfishingwatch.org/map/vessel/a054330ca-a2bd-7d39-14d8-3f381abda295?&start=2025-02-04&end=2025-03-14"")"
"STAR PRIMA","311000958","BHS","BHS","9338747","carrier","low","other","other","SEN","DAKAR",2025-03-06 01:40:55,4,2025-03-06 09:01:19,4,0.3,"DAKAR",FALSE,FALSE,FALSE,NA,NA,FALSE,NA,FALSE,NA,FALSE,NA,100,"=HYPERLINK(""https://globalfishingwatch.org/map/vessel/3997f5344-4346-5b2b-e215-f5932f787437?&start=2025-03-04&end=2025-03-08"")"
"FU YUAN YU 7852","412440814","CHN","CHN",NA,"fishing","high","fishing","drifting_longlines","SEN","DAKAR",2024-10-09 17:02:27,4,2025-01-06 04:45:42,4,88.5,"DAKAR",FALSE,TRUE,TRUE,418.941666666667,NA,TRUE,"ICCAT, IWC, ACAP",FALSE,NA,TRUE,8,NA,"=HYPERLINK(""https://globalfishingwatch.org/map/vessel/a813b29d4-4f66-a145-ab5e-84e72e8dade4?&start=2024-10-07&end=2025-01-08"")"
"MENGXIN19","412209168","CHN","CHN",NA,"fishing","high","fishing","trawlers","GIN","CONAKRY",2024-12-31 18:53:29,4,2025-01-03 11:10:00,4,2.7,"DAKAR",TRUE,TRUE,FALSE,NA,NA,FALSE,NA,FALSE,NA,FALSE,NA,NA,"=HYPERLINK(""https://globalfishingwatch.org/map/vessel/810e2f535-5471-6076-8a4c-61c2c4c5b700?&start=2024-12-29&end=2025-01-05"")"
"FU YUAN YU 7855","412440839","CHN","CHN",NA,"fishing","high","fishing","drifting_longlines","SEN","DAKAR",2024-12-23 18:55:03,4,2025-01-30 14:10:11,4,37.8,"DAKAR",FALSE,TRUE,TRUE,1209.08,NA,TRUE,"NAMMCO, ACAP, ICCAT, IWC",FALSE,NA,TRUE,18,NA,"=HYPERLINK(""https://globalfishingwatch.org/map/vessel/de1f0afa2-25e2-4c62-f533-e69236076a26?&start=2024-12-21&end=2025-02-01"")"
"GUOJIN908","412549197","CHN","CHN",NA,"fishing","high","fishing","trawlers","SEN","DAKAR",2025-02-27 04:19:51,4,2025-03-05 19:08:18,4,6.6,"DAKAR",TRUE,TRUE,TRUE,1299.73333333333,"SEN",FALSE,"ICCAT, ACAP, SRFC, IWC, NAMMCO",TRUE,4,TRUE,10,98.8,"=HYPERLINK(""https://globalfishingwatch.org/map/vessel/b1746e808-87ff-d6f5-bd85-255ca80d9d1a?&start=2025-02-25&end=2025-03-07"")"
"YIFENG7","412200996","CHN","CHN",NA,"fishing","med","fishing","trawlers","SEN","DAKAR",2025-03-08 11:42:02,4,2025-03-21 23:28:09,4,13.5,"DAKAR",TRUE,TRUE,TRUE,635.905555555557,"GNB, SEN",FALSE,"NAMMCO, IWC, SRFC, ACAP, ICCAT",FALSE,NA,TRUE,20,28.9,"=HYPERLINK(""https://globalfishingwatch.org/map/vessel/e0d511224-49a9-8047-a2ed-4fc1d0aaf626?&start=2025-03-06&end=2025-03-23"")"
"YIFENG28","412209126","CHN","CHN",NA,"fishing","high","fishing","trawlers","SEN","DAKAR",2025-03-06 21:09:09,4,2025-03-21 06:06:41,4,14.3,"DAKAR",TRUE,TRUE,TRUE,2568.73194444444,"GNB, SEN",FALSE,"ACAP, IWC, SRFC, NAMMCO, ICCAT",FALSE,NA,TRUE,14,75.4,"=HYPERLINK(""https://globalfishingwatch.org/map/vessel/e37cb040b-bbe1-3f3c-c4fc-69d978402d3f?&start=2025-03-04&end=2025-03-23"")"
"CURBEIRO","224106000","ESP","ESP","9194191","fishing","high","fishing","trawlers","SEN","DAKAR",2025-02-02 02:43:40,4,2025-02-03 06:27:04,4,1.1,"DAKAR",FALSE,FALSE,FALSE,NA,NA,FALSE,NA,FALSE,NA,FALSE,NA,100,"=HYPERLINK(""https://globalfishingwatch.org/map/vessel/abfdf22f1-145b-2a91-3e6b-7acb899cd1d7?&start=2025-01-31&end=2025-02-05"")"
"CHANG YUAN YU 1","412200983","CHN","CHN",NA,"fishing","low","other","other","GNB","BISSAU",2025-02-21 19:21:45,4,2025-03-13 14:26:23,4,19.8,"DAKAR",FALSE,TRUE,FALSE,NA,NA,FALSE,NA,FALSE,NA,TRUE,34,87.6,"=HYPERLINK(""https://globalfishingwatch.org/map/vessel/5d38c1978-82a8-dcd2-0ace-8aaaf50e45aa?&start=2025-02-19&end=2025-03-15"")"
"RUITAIFENG88","412217977","CHN","CHN",NA,"carrier","high","carrier","carrier","GIN","CONAKRY",2025-02-25 13:57:54,4,2025-02-27 16:50:42,4,2.1,"DAKAR",TRUE,TRUE,FALSE,NA,NA,FALSE,NA,FALSE,NA,FALSE,NA,100,"=HYPERLINK(""https://globalfishingwatch.org/map/vessel/1ad0c9598-8f03-b516-5ded-51f5a32ad0e9?&start=2025-02-23&end=2025-03-01"")"
"DIMITRIOS I","629009092","GMB","GMB","8675899","fishing","high","fishing","trawlers","SEN","DAKAR",2025-03-07 23:38:36,4,2025-03-28 09:25:23,4,20.4,"DAKAR",TRUE,TRUE,TRUE,1554.86111111111,"GMB",FALSE,"SRFC, ICCAT, ACAP, NAMMCO, IWC",FALSE,NA,TRUE,4,40.3,"=HYPERLINK(""https://globalfishingwatch.org/map/vessel/f581b4c7a-a4e9-81b0-dd1f-add5a6830a79?&start=2025-03-05&end=2025-03-30"")"
"FU YUAN YU 372","412440267","CHN","CHN",NA,"fishing","med","fishing","inconclusive","GIN","CONAKRY",2025-03-05 04:34:54,4,2025-03-06 05:58:12,4,1,"DAKAR",FALSE,FALSE,FALSE,NA,NA,FALSE,NA,FALSE,NA,FALSE,NA,11.5,"=HYPERLINK(""https://globalfishingwatch.org/map/vessel/11e2f9c75-583c-3436-271c-275c273c32a8?&start=2025-03-03&end=2025-03-08"")"
"YIFENG22","412209012","CHN","CHN",NA,"fishing","high","fishing","trawlers","GNB","BISSAU",2025-02-13 21:00:59,4,2025-03-03 09:59:26,4,17.5,"DAKAR",TRUE,TRUE,TRUE,5359.71805555553,"SEN, GNB",FALSE,"NAMMCO, ICCAT, SRFC, IWC, ACAP",FALSE,NA,TRUE,16,81.7,"=HYPERLINK(""https://globalfishingwatch.org/map/vessel/bc8cca775-5e31-b2ca-e5b7-7a66811a7955?&start=2025-02-11&end=2025-03-05"")"
"MENGXIN23","412209173","CHN","CHN",NA,"fishing","high","fishing","trawlers","GIN","CONAKRY",2025-01-02 21:12:42,4,2025-01-04 19:25:07,4,1.9,"DAKAR",FALSE,TRUE,FALSE,NA,NA,FALSE,NA,FALSE,NA,FALSE,NA,40.4,"=HYPERLINK(""https://globalfishingwatch.org/map/vessel/75fdc78ae-e133-f259-3653-52561165e258?&start=2024-12-31&end=2025-01-06"")"
"COSTA RICAN STAR","636013073","LBR","LBR","9150822","carrier","low","carrier","carrier","CIV","ABIDJAN",2025-03-07 12:38:04,4,2025-03-10 09:29:19,4,2.8,"DAKAR",TRUE,FALSE,FALSE,NA,NA,FALSE,NA,FALSE,NA,FALSE,NA,100,"=HYPERLINK(""https://globalfishingwatch.org/map/vessel/ace7e52e7-7e8a-f948-ef45-d49a0b5a77af?&start=2025-03-05&end=2025-03-12"")"
"GOBER CUARTO","224068180","ESP","ESP","8733574","fishing","high","fishing","trawlers","MRT","CANSADO",2025-02-05 19:44:20,4,2025-02-07 19:02:02,4,2,"DAKAR",TRUE,TRUE,FALSE,NA,NA,FALSE,NA,FALSE,NA,FALSE,NA,100,"=HYPERLINK(""https://globalfishingwatch.org/map/vessel/b529cea41-1fe1-7857-0b7d-0d0d1441b9c2?&start=2025-02-03&end=2025-02-09"")"
"YIFENG10","412200999","CHN","CHN",NA,"fishing","high","fishing","trawlers","SEN","DAKAR",2025-03-09 16:48:45,4,2025-03-23 04:09:34,4,13.5,"DAKAR",TRUE,FALSE,TRUE,863.94166666667,"GNB, SEN",FALSE,"NAMMCO, ACAP, IWC, SRFC, ICCAT",FALSE,NA,TRUE,30,36.6,"=HYPERLINK(""https://globalfishingwatch.org/map/vessel/c5de9be58-8b54-b6da-c3b6-408c3c806ce8?&start=2025-03-07&end=2025-03-25"")"
"IRIS","629009068","GMB","GMB","8303288","fishing","high","fishing","trawlers","GMB","BANJUL",2025-03-25 21:41:19,4,2025-03-26 06:49:36,4,0.4,"DAKAR",TRUE,TRUE,FALSE,NA,NA,FALSE,NA,FALSE,NA,FALSE,NA,100,"=HYPERLINK(""https://globalfishingwatch.org/map/vessel/8b7e94ff6-6fe5-0434-4c10-8f915e9f4a36?&start=2025-03-23&end=2025-03-28"")"
"SALVATORE PRIMO","62900238","GMB","GMB","7938933","fishing","med","fishing","inconclusive","GIN","CONAKRY",2025-02-20 17:53:51,4,2025-03-01 13:23:15,3,8.8,"DAKAR",TRUE,TRUE,TRUE,978.04861111111,"GMB, GIN, SEN",FALSE,"ICCAT, ACAP, NAMMCO, SRFC, IWC",FALSE,NA,TRUE,4,100,"=HYPERLINK(""https://globalfishingwatch.org/map/vessel/229a5a78c-c309-90b5-8321-20945ccae4a6?&start=2025-02-18&end=2025-03-03"")"
"HAIXIN27","412201871","CHN","CHN",NA,"fishing","high","fishing","trawlers","GNB","BISSAU",2025-02-12 03:40:47,4,2025-02-26 14:23:53,4,14.4,"DAKAR",TRUE,TRUE,TRUE,3411.05416666667,"GNB, SEN",FALSE,"SRFC, ICCAT, ACAP, NAMMCO, IWC",FALSE,NA,TRUE,24,63.2,"=HYPERLINK(""https://globalfishingwatch.org/map/vessel/b7d69a539-9155-ba85-3408-9a93597a3784?&start=2025-02-10&end=2025-02-28"")"
"SHENGHAI16","412549335","CHN","CHN",NA,"fishing","high","fishing","trawlers","GIN","CONAKRY",2025-01-01 21:46:38,4,2025-01-03 11:18:03,4,1.5,"DAKAR",TRUE,TRUE,FALSE,NA,NA,FALSE,NA,FALSE,NA,FALSE,NA,82.1,"=HYPERLINK(""https://globalfishingwatch.org/map/vessel/ba6a7a076-6b31-054d-89a1-65c6f18acd55?&start=2024-12-30&end=2025-01-05"")"
"YIFENG21","412209011","CHN","CHN",NA,"fishing","high","fishing","trawlers","SEN","DAKAR",2025-03-16 13:01:44,4,2025-03-31 10:13:04,4,14.9,"DAKAR",FALSE,FALSE,TRUE,948.522222222221,"GNB, SEN",FALSE,"ACAP, SRFC, IWC, NAMMCO, ICCAT",FALSE,NA,TRUE,22,38,"=HYPERLINK(""https://globalfishingwatch.org/map/vessel/c168bbf49-9c02-8ea2-724f-1f17ea5b988d?&start=2025-03-14&end=2025-04-02"")"
"EIGHTEEN","629009118","GMB","GMB",NA,"fishing","low","cargo","cargo","SEN","DAKAR",2025-01-29 17:29:55,4,2025-03-07 05:07:49,4,36.5,"DAKAR",TRUE,TRUE,FALSE,NA,NA,FALSE,NA,FALSE,NA,TRUE,40,76.5,"=HYPERLINK(""https://globalfishingwatch.org/map/vessel/f578a4c52-2123-4510-d4bd-f4fd62fed9a8?&start=2025-01-27&end=2025-03-09"")"
"STAR PRIMA","311000958","BHS","BHS","9338747","carrier","low","other","other","CPV","MINDELO",2025-03-24 18:34:54,4,2025-03-25 19:50:02,4,1,"DAKAR",TRUE,FALSE,FALSE,NA,NA,FALSE,NA,FALSE,NA,FALSE,NA,100,"=HYPERLINK(""https://globalfishingwatch.org/map/vessel/3997f5344-4346-5b2b-e215-f5932f787437?&start=2025-03-22&end=2025-03-27"")"
"SHANG FU","659019000","NAM","NAM",NA,"fishing","low","gear","gear","SEN","DAKAR",2024-12-20 10:43:09,4,2025-01-07 11:20:57,4,18,"DAKAR",TRUE,TRUE,FALSE,NA,NA,FALSE,NA,TRUE,4,TRUE,4,NA,"=HYPERLINK(""https://globalfishingwatch.org/map/vessel/6e356bc7a-a528-931b-9b3d-9857be3e8e3d?&start=2024-12-18&end=2025-01-09"")"
"FU YUAN YU 7853","412440815","CHN","CHN","9928308","fishing","high","fishing","drifting_longlines","SEN","DAKAR",2024-10-16 15:09:59,4,2025-01-05 12:24:43,4,80.9,"DAKAR",TRUE,TRUE,TRUE,3318.46666666667,NA,TRUE,"ICCAT, IWC, ACAP, NAMMCO",FALSE,NA,TRUE,6,NA,"=HYPERLINK(""https://globalfishingwatch.org/map/vessel/c4bb871d9-954d-b6f4-14aa-375e0b9f95a6?&start=2024-10-14&end=2025-01-07"")"
"EGALUZE","224580000","ESP","ESP","8109620","fishing","high","fishing","tuna_purse_seines","CIV","ABIDJAN",2025-02-24 10:52:24,4,2025-02-25 17:44:11,4,1.3,"DAKAR",TRUE,TRUE,TRUE,6.00833333333333,"SEN",FALSE,"ACAP, IWC, ICCAT, NAMMCO, SRFC",FALSE,NA,FALSE,NA,100,"=HYPERLINK(""https://globalfishingwatch.org/map/vessel/a0aa90604-4562-1097-2a1e-56ca4a57e84f?&start=2025-02-22&end=2025-02-27"")"
"YIFENG21","412209011","CHN","CHN",NA,"fishing","high","fishing","trawlers","SEN","DAKAR",2024-12-19 15:59:04,4,2025-01-01 01:21:10,4,12.4,"DAKAR",TRUE,TRUE,TRUE,117.541666666667,"GNB",FALSE,"NAMMCO, SRFC, ACAP, IWC, ICCAT",FALSE,NA,TRUE,8,NA,"=HYPERLINK(""https://globalfishingwatch.org/map/vessel/c168bbf49-9c02-8ea2-724f-1f17ea5b988d?&start=2024-12-17&end=2025-01-03"")"
"ALFONSO RIERA TERCER","224282000","ESP","ESP","8734877","fishing","high","fishing","trawlers","GNB","BISSAU",2025-02-06 20:07:36,4,2025-03-12 17:09:57,4,33.9,"DAKAR",TRUE,TRUE,TRUE,6880.71666666668,"GNB",FALSE,"SRFC, IWC, NAMMCO, ICCAT, ACAP",FALSE,NA,TRUE,4,100,"=HYPERLINK(""https://globalfishingwatch.org/map/vessel/d7f0a49c3-35ca-c6db-7786-d49a798e2e3c?&start=2025-02-04&end=2025-03-14"")"
"MONTECELO","359102000","ESP","SLV","7409152","fishing","high","fishing","tuna_purse_seines","CIV","ABIDJAN",2025-02-25 13:00:09,4,2025-03-14 17:56:06,4,17.2,"DAKAR",TRUE,FALSE,FALSE,NA,NA,FALSE,NA,FALSE,NA,TRUE,2,17.4,"=HYPERLINK(""https://globalfishingwatch.org/map/vessel/4bb1068b0-07b4-134f-87ed-a7ea92c038e9?&start=2025-02-23&end=2025-03-16"")"
"ELSAAD","629009158","GMB","GMB",NA,"fishing","high","fishing","fishing","SEN","DAKAR",2025-02-21 22:10:39,4,2025-03-17 18:54:46,4,23.8,"DAKAR",FALSE,FALSE,TRUE,4462.65555555556,"GMB",FALSE,"ACAP, ICCAT, NAMMCO, IWC, SRFC",FALSE,NA,TRUE,4,98.6,"=HYPERLINK(""https://globalfishingwatch.org/map/vessel/88bcefbe0-0278-4687-8093-91e3e4ae847b?&start=2025-02-19&end=2025-03-19"")"
"YIFENG10","412200999","CHN","CHN",NA,"fishing","high","fishing","trawlers","SEN","DAKAR",2025-02-22 17:00:05,4,2025-02-24 11:31:27,4,1.8,"DAKAR",FALSE,TRUE,FALSE,NA,NA,FALSE,NA,FALSE,NA,TRUE,2,69.8,"=HYPERLINK(""https://globalfishingwatch.org/map/vessel/c5de9be58-8b54-b6da-c3b6-408c3c806ce8?&start=2025-02-20&end=2025-02-26"")"
"YIFENG25","412209122","CHN","CHN",NA,"fishing","low","seismic_vessel","seismic_vessel","SEN","DAKAR",2025-03-05 10:04:11,4,2025-03-20 13:53:11,4,15.1,"DAKAR",TRUE,TRUE,FALSE,NA,NA,FALSE,NA,FALSE,NA,TRUE,16,57.7,"=HYPERLINK(""https://globalfishingwatch.org/map/vessel/632bb9e7e-e4ae-f310-71ff-3a5bcc4313ec?&start=2025-03-03&end=2025-03-22"")"
"ELSAAD","629009158","GMB","GMB",NA,"fishing","high","fishing","fishing","SEN","DAKAR",2025-01-22 12:57:39,3,2025-02-18 18:03:05,4,27.2,"DAKAR",FALSE,FALSE,TRUE,3878.1111111111,"GMB",FALSE,"SRFC, IWC, NAMMCO, ICCAT, ACAP",FALSE,NA,TRUE,4,99.1,"=HYPERLINK(""https://globalfishingwatch.org/map/vessel/88bcefbe0-0278-4687-8093-91e3e4ae847b?&start=2025-01-20&end=2025-02-20"")"
"FRIOMAR","225989933","ESP","ESP","9853462","fishing","high","fishing","trawlers","MRT","CANSADO",2025-02-26 19:41:36,4,2025-02-28 16:45:32,4,1.9,"DAKAR",TRUE,TRUE,FALSE,NA,NA,FALSE,NA,FALSE,NA,FALSE,NA,100,"=HYPERLINK(""https://globalfishingwatch.org/map/vessel/baa191958-843d-fe67-0458-4d889d60c244?&start=2025-02-24&end=2025-03-02"")"
"LAGOON PHOENIX","311001255","BHS","BHS","9047245","carrier","high","carrier","carrier","BEL","ANTWERP",2024-12-28 14:27:46,4,2025-01-04 07:11:25,4,6.7,"DAKAR",TRUE,FALSE,FALSE,NA,NA,FALSE,NA,FALSE,NA,FALSE,NA,NA,"=HYPERLINK(""https://globalfishingwatch.org/map/vessel/6948f9885-5162-d797-1c55-33552340b9f1?&start=2024-12-26&end=2025-01-06"")"
"YIFENG28","412209126","CHN","CHN",NA,"fishing","high","fishing","trawlers","GNB","BISSAU",2025-02-13 21:02:48,4,2025-03-05 14:34:18,4,19.7,"DAKAR",TRUE,TRUE,TRUE,4126.42361111112,"GNB, SEN",FALSE,"ICCAT, NAMMCO, IWC, SRFC, ACAP",FALSE,NA,TRUE,14,84,"=HYPERLINK(""https://globalfishingwatch.org/map/vessel/e37cb040b-bbe1-3f3c-c4fc-69d978402d3f?&start=2025-02-11&end=2025-03-07"")"
"YINGMING8031","412209008","CHN","CHN",NA,"fishing","high","fishing","trawlers","GNB","BISSAU",2025-03-12 19:33:50,4,2025-03-31 14:40:14,4,18.8,"DAKAR",TRUE,TRUE,TRUE,5413.11944444444,"GNB, SEN",FALSE,"IWC, NAMMCO, ICCAT, SRFC, ACAP",FALSE,NA,TRUE,10,95.4,"=HYPERLINK(""https://globalfishingwatch.org/map/vessel/c5824d985-509c-6d36-cfd9-d45e58e5515b?&start=2025-03-10&end=2025-04-02"")"
"YI FENG 8","412200997","CHN","CHN",NA,"fishing","high","fishing","trawlers","GNB","BISSAU",2025-02-13 19:16:37,4,2025-03-05 10:34:26,4,19.6,"DAKAR",TRUE,TRUE,TRUE,5538.42083333332,"SEN, GNB",FALSE,"IWC, ICCAT, SRFC, ACAP, NAMMCO",FALSE,NA,TRUE,10,81.1,"=HYPERLINK(""https://globalfishingwatch.org/map/vessel/f5bd98f66-6d86-ae44-98a1-a86dbba4f507?&start=2025-02-11&end=2025-03-07"")"
"YIFENG 09","412200998","CHN","CHN",NA,"fishing","low","seismic_vessel","seismic_vessel","SEN","DAKAR",2025-03-16 16:56:07,4,2025-03-21 09:02:01,4,4.7,"DAKAR",FALSE,TRUE,FALSE,NA,NA,FALSE,NA,FALSE,NA,TRUE,8,57,"=HYPERLINK(""https://globalfishingwatch.org/map/vessel/25ecd2d23-37dd-a0cd-0b59-a2fc2e477601?&start=2025-03-14&end=2025-03-23"")"
"YIFENG10","412200999","CHN","CHN",NA,"fishing","high","fishing","trawlers","GNB","BISSAU",2025-02-13 23:30:32,4,2025-02-22 09:43:38,4,8.4,"DAKAR",FALSE,TRUE,TRUE,942.947222222221,"SEN, GNB",FALSE,"IWC, ACAP, SRFC, NAMMCO, ICCAT",FALSE,NA,TRUE,10,62.1,"=HYPERLINK(""https://globalfishingwatch.org/map/vessel/c5de9be58-8b54-b6da-c3b6-408c3c806ce8?&start=2025-02-11&end=2025-02-24"")"
"EIGHTEEN","629009118","GMB","GMB",NA,"fishing","low","cargo","cargo","SEN","DAKAR",2025-03-14 11:49:14,4,2025-03-14 15:12:46,4,0.1,"DAKAR",FALSE,TRUE,FALSE,NA,NA,FALSE,NA,FALSE,NA,FALSE,NA,100,"=HYPERLINK(""https://globalfishingwatch.org/map/vessel/f578a4c52-2123-4510-d4bd-f4fd62fed9a8?&start=2025-03-12&end=2025-03-16"")"
"CROWN SAPPHIRE","311000855","BHS","BHS","9159115","carrier","low","carrier","carrier","RUS","VISTINO",2025-01-09 13:33:32,4,2025-01-19 19:51:58,4,10.3,"DAKAR",TRUE,FALSE,FALSE,NA,NA,FALSE,NA,FALSE,NA,FALSE,NA,87.9,"=HYPERLINK(""https://globalfishingwatch.org/map/vessel/a7332a0d7-7d0e-aa0a-5987-7313d025e136?&start=2025-01-07&end=2025-01-21"")"
"YI FENG 26","412209123","CHN","CHN",NA,"fishing","med","fishing","inconclusive","SEN","DAKAR",2025-03-04 19:24:49,4,2025-03-20 05:28:18,4,15.4,"DAKAR",TRUE,TRUE,TRUE,3242.18333333334,"SEN, GNB",FALSE,"ACAP, SRFC, ICCAT, NAMMCO, IWC",FALSE,NA,TRUE,18,79.5,"=HYPERLINK(""https://globalfishingwatch.org/map/vessel/a41428649-904a-9c5a-8352-36c736c97746?&start=2025-03-02&end=2025-03-22"")"
"PEIX MAR 25","224033000","ESP","ESP","8733744","fishing","high","fishing","trawlers","MRT","CANSADO",2025-01-18 16:46:18,4,2025-01-20 10:20:19,4,1.7,"DAKAR",FALSE,TRUE,FALSE,NA,NA,FALSE,NA,FALSE,NA,FALSE,NA,100,"=HYPERLINK(""https://globalfishingwatch.org/map/vessel/3740d2e32-20fd-74e7-2399-a4ef41b13bf8?&start=2025-01-16&end=2025-01-22"")"
"MENG XIN17","412209112","CHN","CHN",NA,"fishing","high","fishing","trawlers","GIN","CONAKRY",2025-01-08 12:41:48,4,2025-01-10 09:59:33,4,1.9,"DAKAR",FALSE,TRUE,FALSE,NA,NA,FALSE,NA,FALSE,NA,FALSE,NA,100,"=HYPERLINK(""https://globalfishingwatch.org/map/vessel/dc0253109-976e-7a4e-ffc9-53108b818c91?&start=2025-01-06&end=2025-01-12"")"
"COTE D IVOIRIAN STAR","636014241","LBR","LBR","9172478","carrier","low","carrier","carrier","CIV","ABIDJAN",2025-01-16 22:07:52,4,2025-01-20 02:02:04,4,3.1,"DAKAR",TRUE,FALSE,FALSE,NA,NA,FALSE,NA,FALSE,NA,FALSE,NA,100,"=HYPERLINK(""https://globalfishingwatch.org/map/vessel/c24029a18-8c22-ebb8-d92d-02fc96ad2d26?&start=2025-01-14&end=2025-01-22"")"
"ALHASSAN ALMARRAKCHI","242017400","MAR","MAR","9867061","fishing","low","fishing","inconclusive","MAR","AGADIR",2025-01-09 16:14:22,4,2025-01-23 08:48:56,4,13.7,"DAKAR",FALSE,FALSE,TRUE,1450.57333333333,"ESH, MRT",FALSE,"ACAP, SRFC, NAMMCO, IWC, ICCAT",FALSE,NA,TRUE,36,100,"=HYPERLINK(""https://globalfishingwatch.org/map/vessel/4c4834111-1fd4-6ddf-2c63-bfabf620da76?&start=2025-01-07&end=2025-01-25"")"
"YUANYU22","412280993","CHN","CHN",NA,"fishing","low","other","other","GNB","BISSAU",2025-02-19 16:29:52,4,2025-02-21 11:44:42,4,1.8,"DAKAR",TRUE,FALSE,FALSE,NA,NA,FALSE,NA,FALSE,NA,FALSE,NA,100,"=HYPERLINK(""https://globalfishingwatch.org/map/vessel/fde878708-8a8f-91ce-97f6-dadee80aa258?&start=2025-02-17&end=2025-02-23"")"
"HAIXIN24","412201867","CHN","CHN",NA,"fishing","high","fishing","trawlers","GNB","BISSAU",2025-02-12 00:26:25,4,2025-02-25 16:07:45,4,13.6,"DAKAR",TRUE,FALSE,TRUE,1634.70138888889,"SEN, GNB",FALSE,"NAMMCO, ICCAT, ACAP, IWC, SRFC",FALSE,NA,TRUE,20,50.5,"=HYPERLINK(""https://globalfishingwatch.org/map/vessel/649fbfa0c-c22b-397c-19b9-34de539b3def?&start=2025-02-10&end=2025-02-27"")"
"ELSAAD","629009158","GMB","GMB",NA,"fishing","high","fishing","fishing","GMB","BANJUL",2025-01-15 00:01:18,2,2025-01-15 04:01:18,3,0.2,"DAKAR",FALSE,FALSE,FALSE,NA,NA,FALSE,NA,FALSE,NA,FALSE,NA,NA,"=HYPERLINK(""https://globalfishingwatch.org/map/vessel/88bcefbe0-0278-4687-8093-91e3e4ae847b?&start=2025-01-13&end=2025-01-17"")"
"ILKER YILMAZ","271073688","TUR","TUR","9971202","fishing","high","fishing","other_purse_seines","MRT","CANSADO",2025-01-15 18:52:19,4,2025-01-17 11:04:12,4,1.7,"DAKAR",TRUE,TRUE,FALSE,NA,NA,FALSE,NA,FALSE,NA,FALSE,NA,100,"=HYPERLINK(""https://globalfishingwatch.org/map/vessel/36a34cf4b-b14e-1b43-7be4-e59326ebdfe0?&start=2025-01-13&end=2025-01-19"")"
"YIFENG 09","412200998","CHN","CHN",NA,"fishing","low","seismic_vessel","seismic_vessel","GNB","BISSAU",2025-02-13 22:52:14,4,2025-03-06 17:12:58,4,20.8,"DAKAR",FALSE,TRUE,FALSE,NA,NA,FALSE,NA,FALSE,NA,TRUE,20,60.4,"=HYPERLINK(""https://globalfishingwatch.org/map/vessel/25ecd2d23-37dd-a0cd-0b59-a2fc2e477601?&start=2025-02-11&end=2025-03-08"")"
"HAIXIN28","412201872","CHN","CHN",NA,"fishing","med","fishing","inconclusive","GNB","BISSAU",2025-02-11 23:20:48,4,2025-02-28 09:55:23,3,16.4,"DAKAR",FALSE,TRUE,TRUE,5707.19444444443,"SEN, GNB",FALSE,"NAMMCO, IWC, ACAP, SRFC, ICCAT",FALSE,NA,TRUE,5,94.9,"=HYPERLINK(""https://globalfishingwatch.org/map/vessel/d1f13f8ac-c4f3-dea2-d606-7a09a743e936?&start=2025-02-09&end=2025-03-02"")"
"RELEIXO","224706000","ESP","ESP","8733378","fishing","high","fishing","trawlers","GNB","BISSAU",2025-02-05 16:02:54,4,2025-03-07 06:35:17,4,29.6,"DAKAR",TRUE,TRUE,TRUE,330.469444444445,"SEN, GNB",FALSE,"IWC, SRFC, ICCAT, ACAP, NAMMCO",FALSE,NA,FALSE,NA,3.9,"=HYPERLINK(""https://globalfishingwatch.org/map/vessel/558a18907-7f2e-104c-9b70-4dedcc92675b?&start=2025-02-03&end=2025-03-09"")"
"YI FENG 8","412200997","CHN","CHN",NA,"fishing","high","fishing","trawlers","SEN","DAKAR",2025-03-07 20:50:01,4,2025-03-22 01:43:33,4,14.2,"DAKAR",TRUE,TRUE,TRUE,1797.77916666666,"SEN, GNB",FALSE,"IWC, NAMMCO, ACAP, SRFC, ICCAT",FALSE,NA,TRUE,22,61.7,"=HYPERLINK(""https://globalfishingwatch.org/map/vessel/f5bd98f66-6d86-ae44-98a1-a86dbba4f507?&start=2025-03-05&end=2025-03-24"")"
"CIUDAD DE HUELVA","225987981","ESP","ESP","8740955","fishing","high","fishing","trawlers","SEN","DAKAR",2024-11-21 18:47:43,4,2025-01-01 09:33:25,4,40.6,"DAKAR",TRUE,TRUE,TRUE,9380.46111111111,"SEN, GNB",FALSE,"NAMMCO, IWC, ACAP, ICCAT, SRFC",FALSE,NA,TRUE,4,NA,"=HYPERLINK(""https://globalfishingwatch.org/map/vessel/45fc67c5f-ffbb-8088-09a3-4baf211463bb?&start=2024-11-19&end=2025-01-03"")"
"HAIXIN24","412201867","CHN","CHN",NA,"fishing","high","fishing","trawlers","SEN","DAKAR",2025-01-02 15:57:30,4,2025-01-10 13:51:14,4,7.9,"DAKAR",FALSE,TRUE,FALSE,NA,NA,FALSE,NA,FALSE,NA,FALSE,NA,0.5,"=HYPERLINK(""https://globalfishingwatch.org/map/vessel/649fbfa0c-c22b-397c-19b9-34de539b3def?&start=2024-12-31&end=2025-01-12"")"
"JAIME R","224069140","ESP","ESP","9098880","fishing","high","fishing","trawlers","GAB","PORT GENTIL",2025-02-19 11:02:15,4,2025-02-28 11:39:52,4,9,"DAKAR",TRUE,TRUE,FALSE,NA,NA,FALSE,NA,FALSE,NA,FALSE,NA,36.9,"=HYPERLINK(""https://globalfishingwatch.org/map/vessel/c55db3f88-825c-7b5e-ea2b-90578f54ef3f?&start=2025-02-17&end=2025-03-02"")"
"RIODOMAR CUARTO","224009000","ESP","ESP","9317626","fishing","high","fishing","trawlers","MRT","CANSADO",2025-02-13 20:17:48,4,2025-02-15 21:42:11,4,2,"DAKAR",TRUE,TRUE,FALSE,NA,NA,FALSE,NA,FALSE,NA,FALSE,NA,100,"=HYPERLINK(""https://globalfishingwatch.org/map/vessel/f98e773d9-9f32-9ebb-15d9-21c905db40b0?&start=2025-02-11&end=2025-02-17"")"
"MENGXIN2O","412209169","CHN","CHN",NA,"fishing","high","fishing","trawlers","GIN","CONAKRY",2025-01-06 20:15:27,4,2025-01-08 22:19:15,4,2.1,"DAKAR",TRUE,TRUE,TRUE,16.8625,"SEN",FALSE,"ICCAT, IWC, SRFC, ACAP, NAMMCO",FALSE,NA,FALSE,NA,100,"=HYPERLINK(""https://globalfishingwatch.org/map/vessel/39a2ea836-6df8-0b65-f4f1-4edefca267d2?&start=2025-01-04&end=2025-01-10"")"
"YI FENG 26","412209123","CHN","CHN",NA,"fishing","med","fishing","inconclusive","GNB","BISSAU",2025-02-13 22:00:13,4,2025-03-02 15:03:45,4,16.7,"DAKAR",TRUE,TRUE,TRUE,6256.06666666669,"SEN, GNB",FALSE,"SRFC, IWC, ICCAT, ACAP, NAMMCO",FALSE,NA,TRUE,22,85.6,"=HYPERLINK(""https://globalfishingwatch.org/map/vessel/a41428649-904a-9c5a-8352-36c736c97746?&start=2025-02-11&end=2025-03-04"")"
"EIGHTEEN","629009118","GMB","GMB",NA,"fishing","low","cargo","cargo","SEN","DAKAR",2025-03-16 01:07:56,4,2025-03-17 06:56:23,4,1.2,"DAKAR",FALSE,FALSE,FALSE,NA,NA,FALSE,NA,FALSE,NA,FALSE,NA,100,"=HYPERLINK(""https://globalfishingwatch.org/map/vessel/f578a4c52-2123-4510-d4bd-f4fd62fed9a8?&start=2025-03-14&end=2025-03-19"")"
"TWENTY","629009232","GMB","GMB",NA,"fishing","high","fishing","trawlers","SEN","DAKAR",2025-02-12 16:54:10,4,2025-03-06 10:53:47,4,21.7,"DAKAR",TRUE,TRUE,TRUE,1252.05,"GMB",FALSE,"ICCAT, ACAP, IWC, NAMMCO, SRFC",FALSE,NA,TRUE,22,36.7,"=HYPERLINK(""https://globalfishingwatch.org/map/vessel/8c09eec53-39ac-c718-0fa8-4952d9a38c75?&start=2025-02-10&end=2025-03-08"")"
"FU YUAN YU 7853","412440815","CHN","CHN","9928308","fishing","high","fishing","drifting_longlines","SEN","DAKAR",2025-01-09 01:30:03,4,2025-01-22 12:03:00,4,13.4,"DAKAR",FALSE,TRUE,TRUE,78.3491666666667,"SEN",TRUE,"IWC, SRFC, ACAP, ICCAT, NAMMCO",FALSE,NA,TRUE,4,99.4,"=HYPERLINK(""https://globalfishingwatch.org/map/vessel/c4bb871d9-954d-b6f4-14aa-375e0b9f95a6?&start=2025-01-07&end=2025-01-24"")"
"YANGMING8007","412209199","CHN","CHN",NA,"fishing","high","fishing","trawlers","GNB","BISSAU",2024-12-30 23:23:15,4,2025-01-01 00:42:30,4,1,"DAKAR",FALSE,FALSE,FALSE,NA,NA,FALSE,NA,FALSE,NA,FALSE,NA,NA,"=HYPERLINK(""https://globalfishingwatch.org/map/vessel/5eea628de-e233-1308-4ee1-9fcc3ceff90c?&start=2024-12-28&end=2025-01-03"")"
"MX22","412209172","CHN","CHN",NA,"fishing","high","fishing","trawlers","GIN","CONAKRY",2025-01-06 07:08:02,3,2025-01-06 11:24:13,3,0.2,"DAKAR",TRUE,TRUE,FALSE,NA,NA,FALSE,NA,FALSE,NA,FALSE,NA,20,"=HYPERLINK(""https://globalfishingwatch.org/map/vessel/418ae526a-a5fb-1f28-144b-9b5554251700?&start=2025-01-04&end=2025-01-08"")"
"MENGXIN24","412209175","CHN","CHN",NA,"fishing","high","fishing","trawlers","GIN","CONAKRY",2025-01-09 13:04:20,4,2025-01-10 10:10:03,4,0.9,"DAKAR",TRUE,TRUE,FALSE,NA,NA,FALSE,NA,FALSE,NA,FALSE,NA,95.5,"=HYPERLINK(""https://globalfishingwatch.org/map/vessel/9436efe9d-d36d-c20a-4381-b2f8c878b515?&start=2025-01-07&end=2025-01-12"")"
"YIFENG29","412209127","CHN","CHN",NA,"fishing","low","seismic_vessel","seismic_vessel","SEN","DAKAR",2025-03-05 07:31:45,4,2025-03-18 14:21:50,4,13.3,"DAKAR",TRUE,TRUE,FALSE,NA,NA,FALSE,NA,FALSE,NA,TRUE,24,52.2,"=HYPERLINK(""https://globalfishingwatch.org/map/vessel/785354964-45b4-f8c5-b095-0f9384dec366?&start=2025-03-03&end=2025-03-20"")"
"COLOMBIAN STAR","636014240","LBR","LBR","9172480","carrier","low","carrier","carrier","CIV","ABIDJAN",2025-03-21 19:04:23,4,2025-03-24 21:17:34,4,3.1,"DAKAR",FALSE,TRUE,FALSE,NA,NA,FALSE,NA,FALSE,NA,FALSE,NA,100,"=HYPERLINK(""https://globalfishingwatch.org/map/vessel/8bce66adf-faea-4494-cf58-4990faf56820?&start=2025-03-19&end=2025-03-26"")"
"YANGMING8001","412209195","CHN","CHN",NA,"fishing","high","fishing","fishing","GNB","BISSAU",2025-03-12 22:40:58,4,2025-03-25 18:21:15,4,12.8,"DAKAR",TRUE,TRUE,TRUE,3526.26111111111,"GNB, SEN",FALSE,"IWC, NAMMCO, SRFC, ACAP, ICCAT",FALSE,NA,TRUE,10,62.1,"=HYPERLINK(""https://globalfishingwatch.org/map/vessel/2e5f4ad48-88f3-9803-7051-7a03e4d7c782?&start=2025-03-10&end=2025-03-27"")"
"YANGMIN8002","412209196","CHN","CHN",NA,"fishing","high","fishing","trawlers","GNB","BISSAU",2024-12-24 23:14:22,4,2025-01-01 07:20:59,4,7.3,"DAKAR",TRUE,TRUE,TRUE,1613.84166666666,"SEN, GNB",FALSE,"ACAP, NAMMCO, IWC, SRFC, ICCAT",FALSE,NA,FALSE,NA,NA,"=HYPERLINK(""https://globalfishingwatch.org/map/vessel/f23a6145b-bb7f-8e7e-5c7e-61a9e335f577?&start=2024-12-22&end=2025-01-03"")"
"MENG XIN21","412209171","CHN","CHN",NA,"fishing","med","fishing","trawlers","GIN","CONAKRY",2024-12-31 19:03:13,4,2025-01-03 11:06:52,4,2.7,"DAKAR",TRUE,TRUE,FALSE,NA,NA,FALSE,NA,FALSE,NA,FALSE,NA,NA,"=HYPERLINK(""https://globalfishingwatch.org/map/vessel/49c3327bb-b074-999f-27a8-13501eeff271?&start=2024-12-29&end=2025-01-05"")"
"FU YUAN YU 7856","412440841","CHN","CHN","9940277","fishing","high","fishing","drifting_longlines","SEN","DAKAR",2024-08-10 23:44:19,4,2025-03-26 14:51:26,4,227.6,"DAKAR",TRUE,TRUE,TRUE,9246.30638888889,"SEN",TRUE,"IWC, ICCAT, ACAP, NAMMCO, SRFC",TRUE,28,TRUE,34,NA,"=HYPERLINK(""https://globalfishingwatch.org/map/vessel/cb0516612-2ad9-bf4f-1a2b-f0aec3d58bbb?&start=2024-08-08&end=2025-03-28"")"
"YUAN YU 893","412549344","CHN","CHN",NA,"fishing","high","fishing","trawlers","GNB","BISSAU",2025-01-18 10:36:15,4,2025-01-19 22:30:18,4,1.5,"DAKAR",TRUE,TRUE,FALSE,NA,NA,FALSE,NA,FALSE,NA,FALSE,NA,100,"=HYPERLINK(""https://globalfishingwatch.org/map/vessel/aaa2c3a5d-dd80-77bc-de4b-930c0899155d?&start=2025-01-16&end=2025-01-21"")"
"TIANG EI HU","412209083","CHN","CHN",NA,"fishing","high","fishing","trawlers","SEN","DAKAR",2025-02-14 22:43:55,4,2025-03-07 22:26:06,4,21,"DAKAR",TRUE,TRUE,TRUE,427.934722222222,"SEN, GNB",FALSE,"NAMMCO, IWC, ICCAT, ACAP, SRFC",FALSE,NA,TRUE,22,20.2,"=HYPERLINK(""https://globalfishingwatch.org/map/vessel/364511e7e-ec82-68e9-2702-2ec05725207d?&start=2025-02-12&end=2025-03-09"")"
"CURBEIRO","224106000","ESP","ESP","9194191","fishing","high","fishing","trawlers","GNB","BISSAU",2025-03-11 18:20:50,4,2025-03-20 05:30:46,4,8.5,"DAKAR",TRUE,FALSE,TRUE,3583.33194444444,"GNB, SEN",FALSE,"ICCAT, ACAP, SRFC, NAMMCO, IWC",FALSE,NA,TRUE,2,100,"=HYPERLINK(""https://globalfishingwatch.org/map/vessel/abfdf22f1-145b-2a91-3e6b-7acb899cd1d7?&start=2025-03-09&end=2025-03-22"")"
"SHENGHAI15","412549334","CHN","CHN",NA,"fishing","high","fishing","trawlers","GIN","CONAKRY",2024-12-30 19:01:48,4,2025-01-01 12:42:36,4,1.7,"DAKAR",TRUE,FALSE,FALSE,NA,NA,FALSE,NA,FALSE,NA,FALSE,NA,NA,"=HYPERLINK(""https://globalfishingwatch.org/map/vessel/8a0f1d4df-f0cc-05da-7fe8-32262420c15e?&start=2024-12-28&end=2025-01-03"")"
"ZHONGYUE89","412549153","CHN","CHN",NA,"fishing","high","fishing","fishing","SEN","DAKAR",2024-12-17 20:33:58,4,2025-01-01 17:13:31,4,14.8,"DAKAR",TRUE,TRUE,TRUE,441.404166666667,"SEN",FALSE,"NAMMCO, SRFC, ICCAT, IWC, ACAP",FALSE,NA,TRUE,12,NA,"=HYPERLINK(""https://globalfishingwatch.org/map/vessel/0289c4b7d-d25b-7ee4-40c8-99c438a1bdb7?&start=2024-12-15&end=2025-01-03"")"
"YUAN YU 889","412549339","CHN","CHN",NA,"fishing","med","fishing","inconclusive","GNB","BISSAU",2025-01-25 17:06:38,4,2025-01-27 05:29:36,4,1.5,"DAKAR",TRUE,TRUE,FALSE,NA,NA,FALSE,NA,FALSE,NA,FALSE,NA,100,"=HYPERLINK(""https://globalfishingwatch.org/map/vessel/9e5ea0842-22f4-9786-fc52-b4e2516b2683?&start=2025-01-23&end=2025-01-29"")"
"HAI FENG 823","412660240","CHN","CHN","8863496","carrier","high","carrier","carrier","GNB","BISSAU",2025-03-15 23:34:07,4,2025-03-17 11:28:41,4,1.5,"DAKAR",FALSE,TRUE,FALSE,NA,NA,FALSE,NA,FALSE,NA,FALSE,NA,100,"=HYPERLINK(""https://globalfishingwatch.org/map/vessel/d9b062f9d-de93-3a60-dd7c-87572c21a53b?&start=2025-03-13&end=2025-03-19"")"
"IRIS","629009068","GMB","GMB","8303288","fishing","high","fishing","trawlers","GMB","BANJUL",2025-01-20 11:05:33,4,2025-01-20 19:56:02,4,0.3,"DAKAR",TRUE,TRUE,FALSE,NA,NA,FALSE,NA,FALSE,NA,FALSE,NA,100,"=HYPERLINK(""https://globalfishingwatch.org/map/vessel/8b7e94ff6-6fe5-0434-4c10-8f915e9f4a36?&start=2025-01-18&end=2025-01-22"")"
"EIGHTEEN","629009118","GMB","GMB",NA,"fishing","low","cargo","cargo","SEN","DAKAR",2024-12-10 01:17:24,4,2025-01-23 10:21:53,4,44.4,"DAKAR",TRUE,TRUE,FALSE,NA,NA,FALSE,NA,FALSE,NA,TRUE,40,NA,"=HYPERLINK(""https://globalfishingwatch.org/map/vessel/f578a4c52-2123-4510-d4bd-f4fd62fed9a8?&start=2024-12-08&end=2025-01-25"")"
"YIFENG22","412209012","CHN","CHN",NA,"fishing","high","fishing","trawlers","SEN","DAKAR",2025-03-04 19:46:24,4,2025-03-19 05:14:20,4,14.4,"DAKAR",TRUE,TRUE,TRUE,2554.6875,"SEN, GNB",FALSE,"SRFC, ACAP, IWC, ICCAT, NAMMCO",FALSE,NA,TRUE,22,56.2,"=HYPERLINK(""https://globalfishingwatch.org/map/vessel/bc8cca775-5e31-b2ca-e5b7-7a66811a7955?&start=2025-03-02&end=2025-03-21"")"
"COTE DIVOIRE EXPRESS","563237900","SGP","SGP","9983994","carrier","low","other","other","CIV","ABIDJAN",2025-03-27 06:16:46,4,2025-03-30 05:35:23,4,3,"DAKAR",FALSE,TRUE,FALSE,NA,NA,FALSE,NA,FALSE,NA,TRUE,2,100,"=HYPERLINK(""https://globalfishingwatch.org/map/vessel/c101e6df7-7c74-f0bd-dff3-8cf9eb76b89b?&start=2025-03-25&end=2025-04-01"")"
"YUEN HORNG NO.2","416358000","TWN","TWN",NA,"fishing","high","fishing","drifting_longlines","CPV","MINDELO",2024-09-18 16:40:07,4,2025-01-08 14:36:55,4,111.9,"DAKAR",TRUE,FALSE,TRUE,6449.48916666666,"SEN",TRUE,"ACAP, SRFC, IWC, NAMMCO, ICCAT",TRUE,12,TRUE,12,NA,"=HYPERLINK(""https://globalfishingwatch.org/map/vessel/fbc26dee8-87b8-57be-fd3d-ca73da6e212f?&start=2024-09-16&end=2025-01-10"")"
"GOBER TERCERO","224013270","ESP","ESP","8733598","fishing","high","fishing","trawlers","MRT","CANSADO",2025-02-05 19:50:29,4,2025-02-07 16:59:53,4,1.9,"DAKAR",TRUE,TRUE,FALSE,NA,NA,FALSE,NA,FALSE,NA,FALSE,NA,100,"=HYPERLINK(""https://globalfishingwatch.org/map/vessel/9a14ae05e-ea59-e046-aa06-068534b976aa?&start=2025-02-03&end=2025-02-09"")"
"FU YUAN YU NO.7858","412440796","CHN","CHN",NA,"fishing","high","fishing","drifting_longlines","SEN","DAKAR",2024-10-15 14:45:28,4,2025-01-22 12:01:11,4,98.9,"DAKAR",TRUE,TRUE,TRUE,2227.31,NA,TRUE,"ACAP, IWC, ICCAT",FALSE,NA,TRUE,20,NA,"=HYPERLINK(""https://globalfishingwatch.org/map/vessel/2b3348d71-138e-ea60-d691-2e3e560e68d5?&start=2024-10-13&end=2025-01-24"")"
"SHENG HAI 3 HAO","412201826","CHN","CHN",NA,"fishing","med","fishing","inconclusive","GIN","CONAKRY",2025-01-03 11:37:12,4,2025-01-11 05:27:21,4,7.7,"DAKAR",TRUE,TRUE,FALSE,NA,NA,FALSE,NA,FALSE,NA,FALSE,NA,20.3,"=HYPERLINK(""https://globalfishingwatch.org/map/vessel/5a8ffeb8a-a740-d004-d8f3-a32e48a7dcb7?&start=2025-01-01&end=2025-01-13"")"
"ALFONSO RIERA CUARTO","224026860","ESP","ESP",NA,"fishing","high","fishing","trawlers","MRT","CANSADO",2025-01-31 07:51:53,4,2025-02-02 00:31:52,4,1.7,"DAKAR",TRUE,TRUE,FALSE,NA,NA,FALSE,NA,FALSE,NA,FALSE,NA,100,"=HYPERLINK(""https://globalfishingwatch.org/map/vessel/a054330ca-a2bd-7d39-14d8-3f381abda295?&start=2025-01-29&end=2025-02-04"")"
"YANGMING8006","412209198","CHN","CHN",NA,"fishing","high","fishing","trawlers","GNB","BISSAU",2025-03-12 19:31:21,4,2025-03-27 01:50:01,4,14.3,"DAKAR",FALSE,TRUE,TRUE,5414.52500000001,"SEN, GNB",FALSE,"ACAP, NAMMCO, SRFC, ICCAT, IWC",FALSE,NA,TRUE,14,93.9,"=HYPERLINK(""https://globalfishingwatch.org/map/vessel/053be272f-f82e-093f-d86c-862ba01b963d?&start=2025-03-10&end=2025-03-29"")"
"HAI FENG 823","412660240","CHN","CHN","8863496","carrier","high","carrier","carrier","GNB","BISSAU",2025-01-05 07:21:12,4,2025-01-06 14:39:21,4,1.3,"DAKAR",FALSE,TRUE,FALSE,NA,NA,FALSE,NA,FALSE,NA,FALSE,NA,100,"=HYPERLINK(""https://globalfishingwatch.org/map/vessel/d9b062f9d-de93-3a60-dd7c-87572c21a53b?&start=2025-01-03&end=2025-01-08"")"
"COTE D IVOIRIAN STAR","636014241","LBR","LBR","9172478","carrier","low","carrier","carrier","CIV","ABIDJAN",2025-02-20 18:37:33,4,2025-02-23 19:25:05,4,3,"DAKAR",FALSE,TRUE,FALSE,NA,NA,FALSE,NA,FALSE,NA,FALSE,NA,86.5,"=HYPERLINK(""https://globalfishingwatch.org/map/vessel/c24029a18-8c22-ebb8-d92d-02fc96ad2d26?&start=2025-02-18&end=2025-02-25"")"
"CAMEROUN EXPRESS","563229800","SGP","SGP","9983865","carrier","low","other","other","CIV","ABIDJAN",2025-03-11 08:18:33,4,2025-03-14 06:21:49,4,2.9,"DAKAR",TRUE,FALSE,FALSE,NA,NA,FALSE,NA,FALSE,NA,FALSE,NA,100,"=HYPERLINK(""https://globalfishingwatch.org/map/vessel/7bf03aa76-6d87-6b95-cc07-490ae627673d?&start=2025-03-09&end=2025-03-16"")"
"MIN LONG YU61146","412444322","CHN","CHN",NA,"fishing","high","fishing","trawlers","GNB","BISSAU",2025-01-05 08:54:36,4,2025-01-06 14:40:40,4,1.2,"DAKAR",FALSE,TRUE,TRUE,12.9916666666667,"SEN",FALSE,"ACAP, SRFC, ICCAT, IWC, NAMMCO",FALSE,NA,FALSE,NA,93.5,"=HYPERLINK(""https://globalfishingwatch.org/map/vessel/3d85e312f-f420-4646-1a9a-f1c99f636999?&start=2025-01-03&end=2025-01-08"")"
"YI FENG 30","412209128","CHN","CHN",NA,"fishing","high","fishing","fishing","GNB","BISSAU",2025-02-13 19:14:33,4,2025-03-06 16:59:09,4,20.9,"DAKAR",FALSE,TRUE,TRUE,7640.54861111108,"GNB, SEN",FALSE,"SRFC, IWC, NAMMCO, ACAP, ICCAT",FALSE,NA,TRUE,10,89,"=HYPERLINK(""https://globalfishingwatch.org/map/vessel/950337f10-0b9d-d461-c26c-1f50ba61d104?&start=2025-02-11&end=2025-03-08"")"
"YIFENG29","412209127","CHN","CHN",NA,"fishing","low","seismic_vessel","seismic_vessel","GNB","BISSAU",2025-02-13 21:38:40,4,2025-02-28 17:03:23,4,14.8,"DAKAR",FALSE,TRUE,FALSE,NA,NA,FALSE,NA,FALSE,NA,TRUE,14,76.2,"=HYPERLINK(""https://globalfishingwatch.org/map/vessel/785354964-45b4-f8c5-b095-0f9384dec366?&start=2025-02-11&end=2025-03-02"")"
"YUAN YU 888","412549333","CHN","CHN",NA,"fishing","high","fishing","fishing","GNB","BISSAU",2025-01-18 10:17:58,4,2025-01-19 23:18:48,4,1.5,"DAKAR",TRUE,TRUE,FALSE,NA,NA,FALSE,NA,FALSE,NA,FALSE,NA,100,"=HYPERLINK(""https://globalfishingwatch.org/map/vessel/c1ebdd558-817b-0238-4f46-822ca7584214?&start=2025-01-16&end=2025-01-21"")"
"YIFENG21","412209011","CHN","CHN",NA,"fishing","high","fishing","trawlers","GNB","BISSAU",2025-02-14 03:46:01,4,2025-02-28 15:46:32,4,14.5,"DAKAR",TRUE,TRUE,TRUE,197.493055555555,"GNB, SEN",FALSE,"ACAP, IWC, NAMMCO, SRFC, ICCAT",FALSE,NA,TRUE,20,21.8,"=HYPERLINK(""https://globalfishingwatch.org/map/vessel/c168bbf49-9c02-8ea2-724f-1f17ea5b988d?&start=2025-02-12&end=2025-03-02"")"
"HAIXIN24","412201867","CHN","CHN",NA,"fishing","high","fishing","trawlers","SEN","DAKAR",2025-02-26 09:05:34,4,2025-02-27 06:32:58,4,0.9,"DAKAR",FALSE,TRUE,FALSE,NA,NA,FALSE,NA,FALSE,NA,FALSE,NA,4.5,"=HYPERLINK(""https://globalfishingwatch.org/map/vessel/649fbfa0c-c22b-397c-19b9-34de539b3def?&start=2025-02-24&end=2025-03-01"")"
"GUOJIN908","412549197","CHN","CHN",NA,"fishing","high","fishing","trawlers","SEN","DAKAR",2025-03-07 20:50:59,4,2025-03-28 20:37:47,4,21,"DAKAR",FALSE,TRUE,TRUE,6112.32499999999,"SEN",FALSE,"SRFC, NAMMCO, IWC, ICCAT, ACAP",TRUE,4,TRUE,10,99.4,"=HYPERLINK(""https://globalfishingwatch.org/map/vessel/b1746e808-87ff-d6f5-bd85-255ca80d9d1a?&start=2025-03-05&end=2025-03-30"")"
"YIFENG7","412200996","CHN","CHN",NA,"fishing","med","fishing","trawlers","GNB","BISSAU",2025-02-13 23:25:41,4,2025-03-06 15:32:33,4,20.7,"DAKAR",FALSE,TRUE,TRUE,1812.95277777778,"GNB, SEN",FALSE,"SRFC, ACAP, NAMMCO, IWC, ICCAT",FALSE,NA,TRUE,30,38.4,"=HYPERLINK(""https://globalfishingwatch.org/map/vessel/e0d511224-49a9-8047-a2ed-4fc1d0aaf626?&start=2025-02-11&end=2025-03-08"")"
"STAR FIRST","311000876","BHS","BHS","9330056","carrier","low","other","other","BEL","ANTWERP",2025-02-07 22:03:54,4,2025-02-14 19:12:27,4,6.9,"DAKAR",TRUE,FALSE,FALSE,NA,NA,FALSE,NA,FALSE,NA,FALSE,NA,100,"=HYPERLINK(""https://globalfishingwatch.org/map/vessel/1f2830fdf-fd8c-099e-c5e3-c9f9c4a16f76?&start=2025-02-05&end=2025-02-16"")"
"DIMITRIOS I","629009092","GMB","GMB","8675899","fishing","high","fishing","trawlers","GMB","BANJUL",2025-02-21 19:06:01,4,2025-03-06 07:18:06,4,12.5,"DAKAR",TRUE,TRUE,TRUE,2764.34166666667,"GMB",FALSE,"IWC, SRFC, ACAP, ICCAT, NAMMCO",FALSE,NA,FALSE,NA,99.7,"=HYPERLINK(""https://globalfishingwatch.org/map/vessel/f581b4c7a-a4e9-81b0-dd1f-add5a6830a79?&start=2025-02-19&end=2025-03-08"")"
"COSTA DE  HUELVA","224854000","ESP","ESP","9379820","fishing","high","fishing","trawlers","GNB","BISSAU",2025-01-31 21:17:04,4,2025-03-12 14:49:54,4,39.7,"DAKAR",TRUE,TRUE,TRUE,8513.60833333333,"GNB",FALSE,"ICCAT, SRFC, ACAP, NAMMCO, IWC",FALSE,NA,FALSE,NA,100,"=HYPERLINK(""https://globalfishingwatch.org/map/vessel/1e31d7cd6-6c64-7b64-d9fd-71ea2e122789?&start=2025-01-29&end=2025-03-14"")"
"YIFENG28","412209126","CHN","CHN",NA,"fishing","high","fishing","trawlers","SEN","DAKAR",2025-03-23 03:49:38,4,2025-03-31 21:44:38,4,8.7,"DAKAR",FALSE,FALSE,TRUE,927.845833333333,"GNB, SEN",FALSE,"SRFC, IWC, ICCAT, ACAP, NAMMCO",FALSE,NA,TRUE,12,70.1,"=HYPERLINK(""https://globalfishingwatch.org/map/vessel/e37cb040b-bbe1-3f3c-c4fc-69d978402d3f?&start=2025-03-21&end=2025-04-02"")"
"CAMEROUN EXPRESS","563229800","SGP","SGP","9983865","carrier","low","other","other","CIV","ABIDJAN",2025-02-11 06:51:21,4,2025-02-14 09:37:24,4,3.1,"DAKAR",TRUE,FALSE,FALSE,NA,NA,FALSE,NA,FALSE,NA,FALSE,NA,100,"=HYPERLINK(""https://globalfishingwatch.org/map/vessel/7bf03aa76-6d87-6b95-cc07-490ae627673d?&start=2025-02-09&end=2025-02-16"")"
"LAGOON PHOENIX","311001255","BHS","BHS","9047245","carrier","high","carrier","carrier","BEL","ANTWERP",2025-01-16 20:11:20,4,2025-01-23 12:25:07,4,6.7,"DAKAR",TRUE,FALSE,FALSE,NA,NA,FALSE,NA,FALSE,NA,FALSE,NA,100,"=HYPERLINK(""https://globalfishingwatch.org/map/vessel/6948f9885-5162-d797-1c55-33552340b9f1?&start=2025-01-14&end=2025-01-25"")"
