Corrections to identifiers,,,,,,,,GFW data,,,,,,,,,,,,,,,,,,,,,,,,,,,
Action,Rationale (Remove / Check),Name,Flag,Vessel type,Gear type,Confidence 2 port visits check,TMT notes,MMSI,vessel_name,Flag,vessel_class_cat,vessel_class_confidence,vessel_class,vessel_type,previous_port_country,previous_port,trip_start,trip_start_confidence,trip_end,trip_end_confidence,trip_duration_days,end_port,at_dock_tem,at_dock_tak,fishing,fishing_hours,fishing_eez,fishing_hs,fishing_rfmos,encounter,num_encounters,loitering,num_loitering,percent_ais_voyage,vv_url
IDENTITY CHANGE,,,,,tuna_purse_seines,,,627949000,AFKO FOOD 805,GHA,fishing,high,fishing,tuna_purse_seines,GHA,TEMA,2/25/25 19:58,4,3/4/25 7:20,4,6.5,ABIDJAN,NA,NA,TRUE,"306,800,555,555,556","GHA, CIV",TRUE,"IWC, NAMMCO, FCWC, ICCAT, ACAP",FALSE,NA,TRUE,3,98.1,https://globalfishingwatch.org/map/vessel/e58dca6ae-ef00-6e17-f3f9-4f49d22b81b5?&start=2025-02-23&end=2025-03-06
,,,,,,,,627887000,AGNES1,GHA,fishing,high,fishing,tuna_purse_seines,GHA,TEMA,3/16/25 8:03,4,3/17/25 8:05,3,1,ABIDJAN,NA,NA,FALSE,NA,NA,FALSE,NA,FALSE,NA,FALSE,NA,100,https://globalfishingwatch.org/map/vessel/e0de330e1-17d1-a6f5-01f1-3b2dad5226de?&start=2025-03-14&end=2025-03-19
,,,,,,,,353171000,ALBACORA CARIBE,PAN,fishing,high,fishing,tuna_purse_seines,CIV,ABIDJAN,2/2/25 16:55,4,3/15/25 22:05,4,41.2,ABIDJAN,NA,NA,TRUE,"127,783,333,333,333","SLE, CIV",FALSE,"SRFC, FCWC, IWC, ICCAT, ACAP, NAMMCO",FALSE,NA,TRUE,2,7.3,https://globalfishingwatch.org/map/vessel/ef9f4545a-a733-e7a5-4cb3-b9cc3cbf66c0?&start=2025-01-31&end=2025-03-17
,,,,,,,,353171000,ALBACORA CARIBE,PAN,fishing,high,fishing,tuna_purse_seines,CIV,ABIDJAN,1/1/25 16:52,4,1/28/25 9:38,4,26.7,ABIDJAN,NA,NA,TRUE,"279,625","LBR, SLE",FALSE,"NAMMCO, SRFC, ICCAT, FCWC, ACAP, IWC",FALSE,NA,TRUE,4,9,https://globalfishingwatch.org/map/vessel/ef9f4545a-a733-e7a5-4cb3-b9cc3cbf66c0?&start=2024-12-30&end=2025-01-30
,,,,,,,,224745000,ALBONIGA,ESP,fishing,high,fishing,tuna_purse_seines,CIV,ABIDJAN,1/29/25 7:54,4,2/19/25 8:42,4,21,ABIDJAN,NA,NA,TRUE,"332,156,944,444,444",CIV,TRUE,"IWC, FCWC, ICCAT, NAMMCO, ACAP",FALSE,NA,TRUE,8,36,https://globalfishingwatch.org/map/vessel/818356b57-7844-a4ae-919e-36a06ae5a84a?&start=2025-01-27&end=2025-02-21
,,,,,,,,224745000,ALBONIGA,ESP,fishing,high,fishing,tuna_purse_seines,CIV,ABIDJAN,1/12/25 8:20,4,1/25/25 14:11,4,13.2,ABIDJAN,NA,NA,TRUE,"192,058,055,555,556",CIV,TRUE,"NAMMCO, IWC, FCWC, ICCAT, ACAP",FALSE,NA,TRUE,3,53.3,https://globalfishingwatch.org/map/vessel/818356b57-7844-a4ae-919e-36a06ae5a84a?&start=2025-01-10&end=2025-01-27
,,,,,,,,224745000,ALBONIGA,ESP,fishing,high,fishing,tuna_purse_seines,CIV,ABIDJAN,12/13/24 8:14,4,1/9/25 5:55,4,26.9,ABIDJAN,NA,NA,TRUE,"197,100,833,333,333",NA,TRUE,"ICCAT, ACAP, NAMMCO, IWC",FALSE,NA,TRUE,8,NA,https://globalfishingwatch.org/map/vessel/818356b57-7844-a4ae-919e-36a06ae5a84a?&start=2024-12-11&end=2025-01-11
IDENTITY CHANGE; REMOVE,,,,cargo,,,,627256000,AM ELIZABETH,GHA,cargo,low,other,cargo,SEN,DAKAR,12/30/24 18:09,4,1/6/25 0:35,4,6.3,ABIDJAN,NA,NA,FALSE,NA,NA,FALSE,NA,FALSE,NA,FALSE,NA,NA,https://globalfishingwatch.org/map/vessel/2a635cf11-1aae-2292-bce5-c4c694c8ddd4?&start=2024-12-28&end=2025-01-08
IDENTITY CHANGE,,,,support,,,,306881000,ARTIKE,CUW,support,low,fishing,purse_seine_support,CIV,ABIDJAN,11/12/24 14:41,4,2/2/25 6:53,4,81.7,ABIDJAN,NA,NA,FALSE,NA,NA,FALSE,NA,FALSE,NA,FALSE,NA,NA,https://globalfishingwatch.org/map/vessel/e00d865a1-148f-fb0e-8283-dc436a245c07?&start=2024-11-10&end=2025-02-04
IDENTITY CHANGE,,,,support,,,,306881000,ARTIKE,CUW,support,low,fishing,purse_seine_support,CIV,ABIDJAN,2/17/25 7:55,4,3/4/25 11:25,4,15.1,ABIDJAN,NA,NA,TRUE,"394,652,777,777,778","SLE, CIV",FALSE,"ICCAT, SRFC, IWC, FCWC, ACAP, NAMMCO",FALSE,NA,TRUE,1,14.2,https://globalfishingwatch.org/map/vessel/e00d865a1-148f-fb0e-8283-dc436a245c07?&start=2025-02-15&end=2025-03-06
,,,,,,,,312864000,ATLANTIC GLORY,BLZ,fishing,high,fishing,tuna_purse_seines,CIV,ABIDJAN,2/22/25 11:40,4,3/14/25 6:54,4,19.8,ABIDJAN,NA,NA,TRUE,"364,666,666,666,667",GHA,FALSE,"ACAP, ICCAT, FCWC, IWC, NAMMCO",FALSE,NA,TRUE,3,12.4,https://globalfishingwatch.org/map/vessel/f2134364c-c3d5-8ee9-ddd4-5511c0500a50?&start=2025-02-20&end=2025-03-16
,,,,,,,,312864000,ATLANTIC GLORY,BLZ,fishing,high,fishing,tuna_purse_seines,CIV,ABIDJAN,1/11/25 12:46,4,2/15/25 6:01,4,34.7,ABIDJAN,NA,NA,FALSE,NA,NA,FALSE,NA,FALSE,NA,FALSE,NA,5,https://globalfishingwatch.org/map/vessel/f2134364c-c3d5-8ee9-ddd4-5511c0500a50?&start=2025-01-09&end=2025-02-17
,,,,,,,,312867000,ATLANTIC PRINCE,BLZ,fishing,high,fishing,tuna_purse_seines,GHA,TEMA,2/25/25 14:55,4,3/18/25 6:59,4,20.7,ABIDJAN,NA,NA,FALSE,NA,NA,FALSE,NA,FALSE,NA,FALSE,NA,4.6,https://globalfishingwatch.org/map/vessel/a8fa13d03-3876-ae64-a357-4823082c2984?&start=2025-02-23&end=2025-03-20
,,,,,,,,312867000,ATLANTIC PRINCE,BLZ,fishing,high,fishing,tuna_purse_seines,CIV,ABIDJAN,1/6/25 15:39,4,2/1/25 4:36,4,25.5,ABIDJAN,NA,NA,TRUE,"137,979,722,222,222",NA,TRUE,"ICCAT, NAMMCO, ACAP, IWC",FALSE,NA,TRUE,13,35.7,https://globalfishingwatch.org/map/vessel/a8fa13d03-3876-ae64-a357-4823082c2984?&start=2025-01-04&end=2025-02-03
,,,,,,,,627179000,ATLANTIC QUEEN,GHA,fishing,high,fishing,tuna_purse_seines,GHA,SEKONDI-TAKORADI,2/24/25 14:30,4,2/25/25 7:06,4,0.7,PORT BOUET ANCHORAGE,NA,NA,TRUE,"244,166,666,666,667",CIV,FALSE,"FCWC, IWC, ICCAT, ACAP, NAMMCO",FALSE,NA,FALSE,NA,100,https://globalfishingwatch.org/map/vessel/3f7c46fe4-45f8-0685-a7e5-60d531c7c352?&start=2025-02-22&end=2025-02-27
,,,,,,,,352351000,AVUNDA REEFER,PAN,carrier,high,carrier,carrier,MRT,CANSADO,1/24/25 23:11,4,2/1/25 12:09,4,7.5,ABIDJAN,NA,NA,FALSE,NA,NA,FALSE,NA,FALSE,NA,TRUE,1,100,https://globalfishingwatch.org/map/vessel/665ebd33c-c956-3093-dee2-b41b11d83307?&start=2025-01-22&end=2025-02-03
IDENTITY CHANGE; REMOVE,,,,reefer containership,,,,311001000,BALTIC PATRIOT,BHS,reefer containership,high,carrier,reefer containership,RUS,VISTINO,2/13/25 11:35,4,2/26/25 12:31,4,13,ABIDJAN,NA,NA,FALSE,NA,NA,FALSE,NA,FALSE,NA,TRUE,1,99.4,https://globalfishingwatch.org/map/vessel/5a04c42e4-4840-6ae0-10aa-38344cb3ee87?&start=2025-02-11&end=2025-02-28
,,,,,,,,312756000,BAO LUCKY,BLZ,fishing,high,fishing,tuna_purse_seines,CIV,ABIDJAN,1/15/25 10:48,4,2/5/25 6:05,4,20.8,ABIDJAN,NA,NA,TRUE,"216,541,666,666,667",CIV,FALSE,"ICCAT, NAMMCO, ACAP, IWC, FCWC",FALSE,NA,FALSE,NA,5,https://globalfishingwatch.org/map/vessel/68ab5e789-96a1-fd61-016c-92bd413a9682?&start=2025-01-13&end=2025-02-07
,,,,,,,,312756000,BAO LUCKY,BLZ,fishing,high,fishing,tuna_purse_seines,CIV,ABIDJAN,12/11/24 9:47,4,1/6/25 7:03,4,25.9,ABIDJAN,NA,NA,FALSE,NA,NA,FALSE,NA,FALSE,NA,FALSE,NA,NA,https://globalfishingwatch.org/map/vessel/68ab5e789-96a1-fd61-016c-92bd413a9682?&start=2024-12-09&end=2025-01-08
IDENTITY CHANGE,,BAO WIN,,,,,,312797000,BAO WIN,BLZ,fishing,high,fishing,tuna_purse_seines,CIV,ABIDJAN,12/11/24 13:13,4,1/4/25 14:09,4,24,ABIDJAN,NA,NA,TRUE,"442,638,888,888,889",CIV,FALSE,"NAMMCO, ACAP, IWC, ICCAT, FCWC",FALSE,NA,FALSE,NA,NA,https://globalfishingwatch.org/map/vessel/b5d3439b6-6d19-5385-9d6b-08a0dfd60fa7?&start=2024-12-09&end=2025-01-06
IDENTITY CHANGE,,BAO WIN,,,,,,312797000,BAO WIN,BLZ,fishing,high,fishing,tuna_purse_seines,CIV,ABIDJAN,1/12/25 15:42,4,2/5/25 18:53,4,24.1,ABIDJAN,NA,NA,FALSE,NA,NA,FALSE,NA,FALSE,NA,FALSE,NA,4.8,https://globalfishingwatch.org/map/vessel/b5d3439b6-6d19-5385-9d6b-08a0dfd60fa7?&start=2025-01-10&end=2025-02-07
IDENTITY CHANGE; REMOVE,,,,reefer containership,,,,563229800,CAMEROUN EXPRESS,SGP,reefer containership,low,other,reefer containership,GHA,TEMA,2/8/25 15:36,4,2/9/25 5:55,4,0.6,ABIDJAN,NA,NA,FALSE,NA,NA,FALSE,NA,FALSE,NA,FALSE,NA,100,https://globalfishingwatch.org/map/vessel/7bf03aa76-6d87-6b95-cc07-490ae627673d?&start=2025-02-06&end=2025-02-11
IDENTITY CHANGE; REMOVE,,,,reefer containership,,,,563229800,CAMEROUN EXPRESS,SGP,reefer containership,low,other,reefer containership,MAR,AGADIR,12/27/24 5:39,4,1/3/25 4:42,4,7,ABIDJAN,NA,NA,FALSE,NA,NA,FALSE,NA,FALSE,NA,FALSE,NA,NA,https://globalfishingwatch.org/map/vessel/7bf03aa76-6d87-6b95-cc07-490ae627673d?&start=2024-12-25&end=2025-01-05
IDENTITY CHANGE; REMOVE,,,,reefer containership,,,,563229800,CAMEROUN EXPRESS,SGP,reefer containership,low,other,reefer containership,GHA,TEMA,1/10/25 7:25,4,1/10/25 22:32,4,0.6,ABIDJAN,NA,NA,FALSE,NA,NA,FALSE,NA,FALSE,NA,FALSE,NA,100,https://globalfishingwatch.org/map/vessel/7bf03aa76-6d87-6b95-cc07-490ae627673d?&start=2025-01-08&end=2025-01-12
IDENTITY CHANGE; REMOVE,,,,reefer containership,,,,636013068,CARIBBEAN STAR,LBR,reefer containership,low,carrier,reefer containership,GHA,TEMA,1/1/25 3:01,4,1/1/25 19:39,4,0.7,ABIDJAN,NA,NA,FALSE,NA,NA,FALSE,NA,FALSE,NA,FALSE,NA,100,https://globalfishingwatch.org/map/vessel/6215b49b8-8d6d-c4dc-240a-8d5e38e826d6?&start=2024-12-30&end=2025-01-03
IDENTITY CHANGE; REMOVE,,,,reefer containership,,,,636013068,CARIBBEAN STAR,LBR,reefer containership,low,carrier,reefer containership,BEL,ANTWERP,1/18/25 14:13,4,1/28/25 5:34,4,9.6,ABIDJAN,NA,NA,FALSE,NA,NA,FALSE,NA,FALSE,NA,FALSE,NA,99.1,https://globalfishingwatch.org/map/vessel/6215b49b8-8d6d-c4dc-240a-8d5e38e826d6?&start=2025-01-16&end=2025-01-30
IDENTITY CHANGE; REMOVE,,,,reefer containership,,,,636013068,CARIBBEAN STAR,LBR,reefer containership,low,carrier,reefer containership,GHA,TEMA,2/4/25 22:10,4,2/5/25 15:25,4,0.7,ABIDJAN,NA,NA,FALSE,NA,NA,FALSE,NA,FALSE,NA,FALSE,NA,100,https://globalfishingwatch.org/map/vessel/6215b49b8-8d6d-c4dc-240a-8d5e38e826d6?&start=2025-02-02&end=2025-02-07
,,,,,,,,277397000,CASSIOPEA,LTU,carrier,high,carrier,carrier,MRT,CANSADO,2/8/25 10:43,4,2/13/25 9:14,4,4.9,ABIDJAN,NA,NA,FALSE,NA,NA,FALSE,NA,FALSE,NA,FALSE,NA,100,https://globalfishingwatch.org/map/vessel/7483bb953-3a1d-a5b3-c25b-3c87872cbc7b?&start=2025-02-06&end=2025-02-15
IDENTITY CHANGE; REMOVE,,,,reefer containership,,,,636014240,COLOMBIAN STAR,LBR,reefer containership,low,carrier,reefer containership,GHA,TEMA,2/13/25 3:09,4,2/13/25 18:58,4,0.6,ABIDJAN,NA,NA,FALSE,NA,NA,FALSE,NA,FALSE,NA,FALSE,NA,100,https://globalfishingwatch.org/map/vessel/8bce66adf-faea-4494-cf58-4990faf56820?&start=2025-02-11&end=2025-02-15
IDENTITY CHANGE; REMOVE,,,,reefer containership,,,,636014240,COLOMBIAN STAR,LBR,reefer containership,low,carrier,reefer containership,FRA,FRA-4,1/29/25 17:53,4,2/6/25 20:20,4,8.1,ABIDJAN,NA,NA,FALSE,NA,NA,FALSE,NA,FALSE,NA,FALSE,NA,100,https://globalfishingwatch.org/map/vessel/8bce66adf-faea-4494-cf58-4990faf56820?&start=2025-01-27&end=2025-02-08
IDENTITY CHANGE; REMOVE,,,,reefer containership,,,,636014240,COLOMBIAN STAR,LBR,reefer containership,low,carrier,reefer containership,GHA,TEMA,1/8/25 1:45,4,1/8/25 19:43,4,0.7,ABIDJAN,NA,NA,FALSE,NA,NA,FALSE,NA,FALSE,NA,FALSE,NA,100,https://globalfishingwatch.org/map/vessel/8bce66adf-faea-4494-cf58-4990faf56820?&start=2025-01-06&end=2025-01-10
,,,,,,,,627255000,COMMANDER,GHA,fishing,high,fishing,tuna_purse_seines,GHA,TEMA,3/28/25 10:20,4,3/29/25 8:01,3,0.9,ABIDJAN,NA,NA,FALSE,NA,NA,FALSE,NA,FALSE,NA,FALSE,NA,100,https://globalfishingwatch.org/map/vessel/0e6e33a8e-ed23-7936-49be-11f4af2becf9?&start=2025-03-26&end=2025-03-31
,,,,,,,,354294000,COOL GIRL,PAN,carrier,low,carrier,carrier,CHL,CORONEL,1/29/25 6:35,4,2/17/25 18:23,4,19.5,ABIDJAN,NA,NA,FALSE,NA,NA,FALSE,NA,FALSE,NA,TRUE,1,100,https://globalfishingwatch.org/map/vessel/ad9a86c7c-cdba-b3c9-c490-ef49adf8c407?&start=2025-01-27&end=2025-02-19
IDENTITY CHANGE; REMOVE,,,,reefer containership,,,,636013073,COSTA RICAN STAR,LBR,reefer containership,low,carrier,reefer containership,GHA,TEMA,1/28/25 23:35,4,1/29/25 16:55,4,0.7,ABIDJAN,NA,NA,FALSE,NA,NA,FALSE,NA,FALSE,NA,FALSE,NA,100,https://globalfishingwatch.org/map/vessel/ace7e52e7-7e8a-f948-ef45-d49a0b5a77af?&start=2025-01-26&end=2025-01-31
IDENTITY CHANGE; REMOVE,,,,reefer containership,,,,636013073,COSTA RICAN STAR,LBR,reefer containership,low,carrier,reefer containership,BEL,ANTWERP,2/14/25 6:12,4,2/25/25 21:30,4,11.6,ABIDJAN,NA,NA,FALSE,NA,NA,FALSE,NA,FALSE,NA,TRUE,1,100,https://globalfishingwatch.org/map/vessel/ace7e52e7-7e8a-f948-ef45-d49a0b5a77af?&start=2025-02-12&end=2025-02-27
IDENTITY CHANGE; REMOVE,,,,reefer containership,,,,636013073,COSTA RICAN STAR,LBR,reefer containership,low,carrier,reefer containership,BEL,ANTWERP,1/12/25 0:14,4,1/21/25 5:38,4,9.2,ABIDJAN,NA,NA,FALSE,NA,NA,FALSE,NA,FALSE,NA,FALSE,NA,100,https://globalfishingwatch.org/map/vessel/ace7e52e7-7e8a-f948-ef45-d49a0b5a77af?&start=2025-01-10&end=2025-01-23
IDENTITY CHANGE; REMOVE,,,,reefer containership,,,,636014241,COTE D IVOIRIAN STAR,LBR,reefer containership,low,carrier,reefer containership,GHA,TEMA,2/19/25 2:15,4,2/19/25 20:27,4,0.8,ABIDJAN,NA,NA,FALSE,NA,NA,FALSE,NA,FALSE,NA,FALSE,NA,100,https://globalfishingwatch.org/map/vessel/c24029a18-8c22-ebb8-d92d-02fc96ad2d26?&start=2025-02-17&end=2025-02-21
IDENTITY CHANGE; REMOVE,,,,reefer containership,,,,636014241,COTE D IVOIRIAN STAR,LBR,reefer containership,low,carrier,reefer containership,BEL,ANTWERP,2/1/25 23:28,4,2/11/25 7:43,4,9.3,ABIDJAN,NA,NA,FALSE,NA,NA,FALSE,NA,FALSE,NA,FALSE,NA,96.4,https://globalfishingwatch.org/map/vessel/c24029a18-8c22-ebb8-d92d-02fc96ad2d26?&start=2025-01-30&end=2025-02-13
IDENTITY CHANGE; REMOVE,,,,reefer containership,,,,636014241,COTE D IVOIRIAN STAR,LBR,reefer containership,low,carrier,reefer containership,GHA,TEMA,1/14/25 23:30,4,1/15/25 23:00,4,1,ABIDJAN,NA,NA,FALSE,NA,NA,FALSE,NA,FALSE,NA,FALSE,NA,100,https://globalfishingwatch.org/map/vessel/c24029a18-8c22-ebb8-d92d-02fc96ad2d26?&start=2025-01-12&end=2025-01-17
IDENTITY CHANGE; REMOVE,,,,reefer containership,,,,636014241,COTE D IVOIRIAN STAR,LBR,reefer containership,low,carrier,reefer containership,BEL,ANTWERP,12/28/24 16:34,4,1/7/25 3:55,4,9.5,ABIDJAN,NA,NA,FALSE,NA,NA,FALSE,NA,FALSE,NA,FALSE,NA,NA,https://globalfishingwatch.org/map/vessel/c24029a18-8c22-ebb8-d92d-02fc96ad2d26?&start=2024-12-26&end=2025-01-09
IDENTITY CHANGE; REMOVE,,,,reefer containership,,,,563237900,COTE DIVOIRE EXPRESS,SGP,reefer containership,low,other,reefer containership,GHA,TEMA,1/23/25 17:16,4,1/24/25 10:15,4,0.7,ABIDJAN,NA,NA,FALSE,NA,NA,FALSE,NA,FALSE,NA,FALSE,NA,100,https://globalfishingwatch.org/map/vessel/c101e6df7-7c74-f0bd-dff3-8cf9eb76b89b?&start=2025-01-21&end=2025-01-26
IDENTITY CHANGE; REMOVE,,,,reefer containership,,,,563237900,COTE DIVOIRE EXPRESS,SGP,reefer containership,low,other,reefer containership,MAR,AGADIR,1/7/25 19:46,4,1/15/25 4:35,4,7.3,ABIDJAN,NA,NA,FALSE,NA,NA,FALSE,NA,FALSE,NA,TRUE,1,100,https://globalfishingwatch.org/map/vessel/c101e6df7-7c74-f0bd-dff3-8cf9eb76b89b?&start=2025-01-05&end=2025-01-17
IDENTITY CHANGE; REMOVE,,,,reefer containership,,,,563237900,COTE DIVOIRE EXPRESS,SGP,reefer containership,low,other,reefer containership,GHA,TEMA,2/23/25 9:24,4,2/24/25 1:05,4,0.6,ABIDJAN,NA,NA,FALSE,NA,NA,FALSE,NA,FALSE,NA,FALSE,NA,100,https://globalfishingwatch.org/map/vessel/c101e6df7-7c74-f0bd-dff3-8cf9eb76b89b?&start=2025-02-21&end=2025-02-26
IDENTITY CHANGE,,,,,,tuna_purse_seines,,312697000,DICHA UNO,BLZ,fishing,low,fishing,tuna_purse_seines,GHA,TEMA,1/10/25 13:30,4,1/26/25 8:45,4,15.8,ABIDJAN,NA,NA,TRUE,"939,305,555,555,556",CIV,FALSE,"ACAP, FCWC, NAMMCO, IWC, ICCAT",FALSE,NA,FALSE,NA,5.3,https://globalfishingwatch.org/map/vessel/2842f60c5-5d09-d79a-ea8d-a65b3a62a81b?&start=2025-01-08&end=2025-01-28
IDENTITY CHANGE,,,,,,tuna_purse_seines,,312697000,DICHA UNO,BLZ,fishing,low,fishing,tuna_purse_seines,CIV,ABIDJAN,2/1/25 9:00,4,2/15/25 4:14,4,13.8,ABIDJAN,NA,NA,FALSE,NA,NA,FALSE,NA,FALSE,NA,FALSE,NA,3.6,https://globalfishingwatch.org/map/vessel/2842f60c5-5d09-d79a-ea8d-a65b3a62a81b?&start=2025-01-30&end=2025-02-17
IDENTITY CHANGE,,,,,,tuna_purse_seines,,312697000,DICHA UNO,BLZ,fishing,low,fishing,tuna_purse_seines,CIV,ABIDJAN,3/4/25 8:09,4,3/13/25 15:40,4,9.3,ABIDJAN,NA,NA,TRUE,"815,736,111,111,111","CIV, GHA",FALSE,"FCWC, NAMMCO, IWC, ACAP, ICCAT",FALSE,NA,TRUE,1,9.4,https://globalfishingwatch.org/map/vessel/2842f60c5-5d09-d79a-ea8d-a65b3a62a81b?&start=2025-03-02&end=2025-03-15
IDENTITY CHANGE,,,,,,tuna_purse_seines,,312078000,EGALABUR,BLZ,fishing,low,cargo,tuna_purse_seines,CIV,ABIDJAN,12/1/24 13:50,4,1/2/25 5:35,4,31.6,ABIDJAN,NA,NA,FALSE,NA,NA,FALSE,NA,FALSE,NA,TRUE,10,NA,https://globalfishingwatch.org/map/vessel/e381c1064-4581-8291-c3dc-2be09ac071b9?&start=2024-11-29&end=2025-01-04
IDENTITY CHANGE,,,,,,tuna_purse_seines,,312078000,EGALABUR,BLZ,fishing,low,cargo,tuna_purse_seines,CIV,ABIDJAN,1/4/25 22:14,4,1/27/25 5:34,4,22.3,ABIDJAN,NA,NA,FALSE,NA,NA,FALSE,NA,TRUE,1,TRUE,7,19,https://globalfishingwatch.org/map/vessel/e381c1064-4581-8291-c3dc-2be09ac071b9?&start=2025-01-02&end=2025-01-29
,,,,,,,,224580000,EGALUZE,ESP,fishing,high,fishing,tuna_purse_seines,CIV,ABIDJAN,2/10/25 15:59,4,2/11/25 7:43,4,0.6,ABIDJAN,NA,NA,TRUE,"704,180,555,555,556",CIV,FALSE,"FCWC, ICCAT, NAMMCO, ACAP, IWC",FALSE,NA,FALSE,NA,100,https://globalfishingwatch.org/map/vessel/a0aa90604-4562-1097-2a1e-56ca4a57e84f?&start=2025-02-08&end=2025-02-13
,,,,,,,,224580000,EGALUZE,ESP,fishing,high,fishing,tuna_purse_seines,SEN,DAKAR,2/26/25 12:30,4,3/24/25 15:18,4,26.1,ABIDJAN,NA,NA,TRUE,"137,194,722,222,222","SLE, CIV",TRUE,"IWC, NAMMCO, FCWC, ACAP, SRFC, ICCAT",TRUE,1,TRUE,6,22.3,https://globalfishingwatch.org/map/vessel/a0aa90604-4562-1097-2a1e-56ca4a57e84f?&start=2025-02-24&end=2025-03-26
,,,,,,,,224580000,EGALUZE,ESP,fishing,high,fishing,tuna_purse_seines,CIV,ABIDJAN,12/12/24 7:10,4,1/4/25 8:00,4,23,ABIDJAN,NA,NA,TRUE,"111,590,555,555,556",CIV,TRUE,"NAMMCO, ACAP, IWC, ICCAT, FCWC",FALSE,NA,TRUE,6,NA,https://globalfishingwatch.org/map/vessel/a0aa90604-4562-1097-2a1e-56ca4a57e84f?&start=2024-12-10&end=2025-01-06
,,,,,,,,224580000,EGALUZE,ESP,fishing,high,fishing,tuna_purse_seines,CIV,ABIDJAN,1/8/25 19:01,4,2/10/25 15:34,4,32.8,ABIDJAN,NA,NA,TRUE,"171,971,111,111,111",CIV,TRUE,"FCWC, ICCAT, NAMMCO, ACAP, IWC",FALSE,NA,TRUE,4,13.4,https://globalfishingwatch.org/map/vessel/a0aa90604-4562-1097-2a1e-56ca4a57e84f?&start=2025-01-06&end=2025-02-12
,,,,,,,,224727000,F/V ALBACORA QUINCE,ESP,fishing,high,fishing,tuna_purse_seines,CIV,ABIDJAN,1/8/25 20:09,4,2/15/25 6:06,4,37.4,ABIDJAN,NA,NA,TRUE,"200,472,222,222,222",CIV,FALSE,"ICCAT, IWC, ACAP, NAMMCO, FCWC",FALSE,NA,TRUE,1,1.2,https://globalfishingwatch.org/map/vessel/83487d338-8fba-2645-7342-563c4cb5611f?&start=2025-01-06&end=2025-02-17
,,,,,,,,224727000,F/V ALBACORA QUINCE,ESP,fishing,high,fishing,tuna_purse_seines,CIV,ABIDJAN,11/16/24 22:05,4,1/3/25 7:39,4,47.4,ABIDJAN,NA,NA,FALSE,NA,NA,FALSE,NA,FALSE,NA,FALSE,NA,NA,https://globalfishingwatch.org/map/vessel/83487d338-8fba-2645-7342-563c4cb5611f?&start=2024-11-14&end=2025-01-05
,,,,,,,,228280000,F/V CAP BOJADOR,FRA,fishing,high,fishing,tuna_purse_seines,CIV,ABIDJAN,1/16/25 15:57,4,1/26/25 9:42,4,9.7,ABIDJAN,NA,NA,TRUE,"254,078,611,111,111",CIV,TRUE,"FCWC, ICCAT, NAMMCO, IWC, ACAP",FALSE,NA,TRUE,6,98.7,https://globalfishingwatch.org/map/vessel/cc9dd42b8-8263-d5f5-d479-8027efd525be?&start=2025-01-14&end=2025-01-28
,,,,,,,,228280000,F/V CAP BOJADOR,FRA,fishing,high,fishing,tuna_purse_seines,CIV,ABIDJAN,2/1/25 10:53,4,3/25/25 6:32,4,51.8,ABIDJAN,NA,NA,FALSE,NA,NA,FALSE,NA,TRUE,1,TRUE,3,8.6,https://globalfishingwatch.org/map/vessel/cc9dd42b8-8263-d5f5-d479-8027efd525be?&start=2025-01-30&end=2025-03-27
,,,,,,,,228280000,F/V CAP BOJADOR,FRA,fishing,high,fishing,tuna_purse_seines,GHA,TEMA,12/6/24 10:17,4,1/14/25 6:49,4,38.8,ABIDJAN,NA,NA,FALSE,NA,NA,FALSE,NA,FALSE,NA,FALSE,NA,NA,https://globalfishingwatch.org/map/vessel/cc9dd42b8-8263-d5f5-d479-8027efd525be?&start=2024-12-04&end=2025-01-16
,,,,,,,,227549000,F/V GUEOTEC,FRA,fishing,high,fishing,tuna_purse_seines,CIV,ABIDJAN,12/31/24 8:44,4,2/19/25 15:20,4,50.3,ABIDJAN,NA,NA,TRUE,"293,242,222,222,222",CIV,TRUE,"ICCAT, IWC, ACAP, FCWC, NAMMCO",TRUE,1,TRUE,9,NA,https://globalfishingwatch.org/map/vessel/96e442d84-489f-962f-588a-33e367aa0330?&start=2024-12-29&end=2025-02-21
,,,,,,,,227550000,F/V GUERIDEN,FRA,fishing,high,fishing,tuna_purse_seines,GHA,TEMA,11/24/24 8:15,4,1/3/25 11:45,4,40.1,ABIDJAN,NA,NA,FALSE,NA,NA,FALSE,NA,FALSE,NA,FALSE,NA,NA,https://globalfishingwatch.org/map/vessel/1fe43f651-11a3-402d-dfed-efde848e7eee?&start=2024-11-22&end=2025-01-05
IDENTITY CHANGE,,,SLV,,,,,359003000,F/V MONTELAPE,SLV,fishing,high,fishing,tuna_purse_seines,CIV,ABIDJAN,1/21/25 17:45,4,2/17/25 19:05,4,27,ABIDJAN,NA,NA,TRUE,"313,175,277,777,778","LBR, CIV",TRUE,"ICCAT, NAMMCO, ACAP, FCWC, IWC",FALSE,NA,TRUE,4,17.4,https://globalfishingwatch.org/map/vessel/ebf43c4d8-8e6a-bddd-493a-eafa2e1b4049?&start=2025-01-19&end=2025-02-19
IDENTITY CHANGE,,,SLV,,,,,359003000,F/V MONTELAPE,SLV,fishing,high,fishing,tuna_purse_seines,CIV,ABIDJAN,11/25/24 20:05,4,1/15/25 6:41,4,50.4,ABIDJAN,NA,NA,TRUE,"168,302,777,777,778",CIV,TRUE,"ACAP, ICCAT, IWC, NAMMCO, FCWC",FALSE,NA,TRUE,5,NA,https://globalfishingwatch.org/map/vessel/ebf43c4d8-8e6a-bddd-493a-eafa2e1b4049?&start=2024-11-23&end=2025-01-17
,,,,,,,,226180000,F/V STERENN,FRA,fishing,high,fishing,tuna_purse_seines,CIV,ABIDJAN,1/27/25 19:18,4,2/17/25 16:20,4,20.9,ABIDJAN,NA,NA,TRUE,"199,722,222,222,222",CIV,FALSE,"ACAP, IWC, NAMMCO, ICCAT, FCWC",FALSE,NA,FALSE,NA,14.7,https://globalfishingwatch.org/map/vessel/ec049fc02-2932-810d-f9b3-293e4eec0799?&start=2025-01-25&end=2025-02-19
,,,,,,,,226180000,F/V STERENN,FRA,fishing,high,fishing,tuna_purse_seines,CIV,ABIDJAN,12/27/24 16:13,4,1/22/25 21:25,4,26.2,ABIDJAN,NA,NA,TRUE,"618,727,777,777,778",CIV,TRUE,"IWC, FCWC, NAMMCO, ICCAT, ACAP",FALSE,NA,TRUE,2,NA,https://globalfishingwatch.org/map/vessel/ec049fc02-2932-810d-f9b3-293e4eec0799?&start=2024-12-25&end=2025-01-24
IDENTITY CHANGE,,,,support,,,,359082024,FARO DE LIBERTAD,SLV,support,high,fishing,purse_seine_support,CIV,ABIDJAN,12/8/24 12:11,4,2/5/25 8:25,4,58.8,ABIDJAN,NA,NA,TRUE,"923,475",NA,TRUE,"IWC, NAMMCO, ICCAT, ACAP",FALSE,NA,TRUE,8,NA,https://globalfishingwatch.org/map/vessel/aef0e60a4-40f1-e90a-e4aa-d840f22eda4f?&start=2024-12-06&end=2025-02-07
IDENTITY CHANGE,,,,support,,,,359082024,FARO DE LIBERTAD,SLV,support,high,fishing,purse_seine_support,CIV,ABIDJAN,2/8/25 18:06,4,2/25/25 23:13,4,17.2,ABIDJAN,NA,NA,FALSE,NA,NA,FALSE,NA,FALSE,NA,FALSE,NA,5.8,https://globalfishingwatch.org/map/vessel/aef0e60a4-40f1-e90a-e4aa-d840f22eda4f?&start=2025-02-06&end=2025-02-27
,,,,,,,,311001575,FRIO CHIKUMA,BHS,carrier,high,carrier,carrier,MRT,CANSADO,1/13/25 14:41,4,1/20/25 7:29,4,6.7,ABIDJAN,NA,NA,FALSE,NA,NA,FALSE,NA,FALSE,NA,FALSE,NA,100,https://globalfishingwatch.org/map/vessel/99978859a-a724-2fdc-81f3-5539b528a994?&start=2025-01-11&end=2025-01-22
,,,,,,,,311001593,FRIO MARATHON,BHS,carrier,high,carrier,carrier,LBR,MONROVIA,2/20/25 10:52,4,2/22/25 7:52,4,1.8,ABIDJAN,NA,NA,FALSE,NA,NA,FALSE,NA,FALSE,NA,FALSE,NA,100,https://globalfishingwatch.org/map/vessel/f9534c19e-e2ce-1a02-5f59-ace5f93c0be4?&start=2025-02-18&end=2025-02-24
IDENTITY CHANGE,,,,support,,,,225461000,GARBOLA,ESP,support,low,support,purse_seine_support,CIV,ABIDJAN,1/29/25 14:44,4,3/28/25 7:08,4,57.7,ABIDJAN,NA,NA,FALSE,NA,NA,FALSE,NA,TRUE,1,TRUE,2,6.4,https://globalfishingwatch.org/map/vessel/cf930809d-da1e-0f57-d725-bee6826624ab?&start=2025-01-27&end=2025-03-30
IDENTITY CHANGE,,,,support,,,,225461000,GARBOLA,ESP,support,low,support,purse_seine_support,CIV,ABIDJAN,11/28/24 8:01,4,1/27/25 6:05,4,59.9,ABIDJAN,NA,NA,FALSE,NA,NA,FALSE,NA,FALSE,NA,FALSE,NA,NA,https://globalfishingwatch.org/map/vessel/cf930809d-da1e-0f57-d725-bee6826624ab?&start=2024-11-26&end=2025-01-29
IDENTITY CHANGE,,,,support,,,,359081220,GOLFO DE FONSECA,PAN,support,low,support,purse_seine_support,CPV,MINDELO,12/14/24 9:51,4,1/4/25 10:40,4,21,ABIDJAN,NA,NA,FALSE,NA,NA,FALSE,NA,FALSE,NA,FALSE,NA,NA,https://globalfishingwatch.org/map/vessel/da9134ed0-0636-14b3-6fb5-65cfd917f24a?&start=2024-12-12&end=2025-01-06
,,,,,,,,311009700,GREEN CRYSTAL,BHS,carrier,high,carrier,carrier,MRT,CANSADO,1/9/25 8:29,4,1/14/25 10:49,4,5.1,ABIDJAN,NA,NA,FALSE,NA,NA,FALSE,NA,FALSE,NA,FALSE,NA,100,https://globalfishingwatch.org/map/vessel/ce56262b2-27e2-2871-b2a2-645b787f9fb0?&start=2025-01-07&end=2025-01-16
IDENTITY CHANGE,,,,,fishing_trawler,,,412209610,HAILUFENG8,CHN,fishing,med,fishing,fishing_trawler,CIV,ABIDJAN,1/16/25 18:26,4,2/27/25 21:51,4,42.1,ABIDJAN,NA,NA,FALSE,NA,NA,FALSE,NA,FALSE,NA,FALSE,NA,1.6,https://globalfishingwatch.org/map/vessel/dc63fa3e1-1043-eabe-bea4-0ac7b71eb8aa?&start=2025-01-14&end=2025-03-01
IDENTITY CHANGE,,,,,fishing_trawler,,,412209610,HAILUFENG8,CHN,fishing,med,fishing,fishing_trawler,CIV,ABIDJAN,12/8/24 23:00,4,1/3/25 18:22,4,25.8,ABIDJAN,NA,NA,FALSE,NA,NA,FALSE,NA,FALSE,NA,FALSE,NA,NA,https://globalfishingwatch.org/map/vessel/dc63fa3e1-1043-eabe-bea4-0ac7b71eb8aa?&start=2024-12-06&end=2025-01-05
IDENTITY CHANGE,,,,support,purse_seine_support,,,306142000,HAIZEA BAT,CUW,support,med,fishing,purse_seine_support,CIV,ABIDJAN,2/12/25 10:53,4,3/5/25 10:45,4,21,ABIDJAN,NA,NA,FALSE,NA,NA,FALSE,NA,FALSE,NA,FALSE,NA,100,https://globalfishingwatch.org/map/vessel/83524b6ef-fe68-222c-e1cf-d77531c428ab?&start=2025-02-10&end=2025-03-07
IDENTITY CHANGE,,,,support,purse_seine_support,,,306142000,HAIZEA BAT,CUW,support,med,fishing,purse_seine_support,CIV,ABIDJAN,12/21/24 9:05,4,2/10/25 12:28,4,51.1,ABIDJAN,NA,NA,TRUE,"202,129,444,444,444",NA,TRUE,"NAMMCO, IWC, ICCAT, ACAP",FALSE,NA,TRUE,3,NA,https://globalfishingwatch.org/map/vessel/83524b6ef-fe68-222c-e1cf-d77531c428ab?&start=2024-12-19&end=2025-02-12
IDENTITY CHANGE,,,,,fishing_trawler,,,412209590,HLF7,CHN,fishing,high,fishing,fishing_trawler,CIV,ABIDJAN,1/16/25 17:02,4,2/26/25 22:23,4,41.2,ABIDJAN,NA,NA,FALSE,NA,NA,FALSE,NA,FALSE,NA,FALSE,NA,0.4,https://globalfishingwatch.org/map/vessel/fbed92149-9677-4209-36a6-b3850b14affc?&start=2025-01-14&end=2025-02-28
IDENTITY CHANGE,,,,,fishing_trawler,,,412209590,HLF7,CHN,fishing,high,fishing,fishing_trawler,CIV,ABIDJAN,12/1/24 10:49,4,1/4/25 16:21,4,34.2,PORT BOUET ANCHORAGE,NA,NA,TRUE,"179,875",CIV,FALSE,"IWC, NAMMCO, ICCAT, FCWC, ACAP",FALSE,NA,FALSE,NA,NA,https://globalfishingwatch.org/map/vessel/fbed92149-9677-4209-36a6-b3850b14affc?&start=2024-11-29&end=2025-01-06
IDENTITY CHANGE,,,,,tuna_purse_seines,,,312155000,JC GLORIA,BLZ,fishing,low,cargo,tuna_purse_seines,CIV,ABIDJAN,3/7/25 10:26,4,3/9/25 7:28,3,1.9,ABIDJAN,NA,NA,FALSE,NA,NA,FALSE,NA,FALSE,NA,FALSE,NA,100,https://globalfishingwatch.org/map/vessel/ba4343d28-82b7-2393-0c4d-15ac0c4951fb?&start=2025-03-05&end=2025-03-11
IDENTITY CHANGE,,,,,tuna_purse_seines,,,312155000,JC GLORIA,BLZ,fishing,low,cargo,tuna_purse_seines,CIV,ABIDJAN,1/8/25 10:13,4,2/6/25 13:09,4,29.1,ABIDJAN,NA,NA,FALSE,NA,NA,FALSE,NA,FALSE,NA,TRUE,2,9.4,https://globalfishingwatch.org/map/vessel/ba4343d28-82b7-2393-0c4d-15ac0c4951fb?&start=2025-01-06&end=2025-02-08
IDENTITY CHANGE,,,,,tuna_purse_seines,,,312860000,JC VICTORIA,BLZ,fishing,med,fishing,tuna_purse_seines,CIV,ABIDJAN,2/7/25 8:58,4,2/25/25 5:34,3,17.8,ABIDJAN,NA,NA,TRUE,"167,222,222,222,222",CIV,FALSE,"NAMMCO, ACAP, FCWC, ICCAT, IWC",FALSE,NA,FALSE,NA,11.4,https://globalfishingwatch.org/map/vessel/9e508de0a-aa7b-0fae-2a32-a0111c773dfe?&start=2025-02-05&end=2025-02-27
IDENTITY CHANGE,,,,,tuna_purse_seines,,,312860000,JC VICTORIA,BLZ,fishing,med,fishing,tuna_purse_seines,CIV,ABIDJAN,1/11/25 9:45,4,2/3/25 9:51,4,23,ABIDJAN,NA,NA,FALSE,NA,NA,FALSE,NA,FALSE,NA,FALSE,NA,6.9,https://globalfishingwatch.org/map/vessel/9e508de0a-aa7b-0fae-2a32-a0111c773dfe?&start=2025-01-09&end=2025-02-05
IDENTITY CHANGE,,,,,tuna_purse_seines,,,312860000,JC VICTORIA,BLZ,fishing,med,fishing,tuna_purse_seines,CIV,ABIDJAN,12/12/24 10:46,4,1/3/25 7:10,4,21.8,ABIDJAN,NA,NA,TRUE,"317,180,555,555,556",CIV,FALSE,"ICCAT, IWC, FCWC, ACAP, NAMMCO",FALSE,NA,TRUE,1,NA,https://globalfishingwatch.org/map/vessel/9e508de0a-aa7b-0fae-2a32-a0111c773dfe?&start=2024-12-10&end=2025-01-05
IDENTITY CHANGE,,,GHA,,,,,627221000,LONG TAI 1,GHA,fishing,high,fishing,tuna_purse_seines,GHA,TEMA,1/27/25 1:47,3,1/27/25 6:08,3,0.2,ABIDJAN,NA,NA,FALSE,NA,NA,FALSE,NA,FALSE,NA,FALSE,NA,NA,https://globalfishingwatch.org/map/vessel/2c4a58278-8909-14b2-965f-333aa97ea5df?&start=2025-01-25&end=2025-01-29
,,,,,,,,355295000,MARTA REEFER,PAN,carrier,high,carrier,carrier,NAM,WALVIS BAY,2/8/25 2:58,4,2/15/25 10:22,4,7.3,ABIDJAN,NA,NA,FALSE,NA,NA,FALSE,NA,FALSE,NA,FALSE,NA,100,https://globalfishingwatch.org/map/vessel/bcb7b9666-6e7b-c035-a144-c0c6a909f2a3?&start=2025-02-06&end=2025-02-17
IDENTITY CHANGE,,,SLV,,,,,359102000,MONTECELO,SLV,fishing,high,fishing,tuna_purse_seines,CIV,ABIDJAN,12/24/24 15:54,4,1/12/25 16:03,4,19,ABIDJAN,NA,NA,TRUE,"666,777,777,777,778",CIV,FALSE,"IWC, ICCAT, FCWC, ACAP, NAMMCO",TRUE,1,TRUE,2,NA,https://globalfishingwatch.org/map/vessel/4bb1068b0-07b4-134f-87ed-a7ea92c038e9?&start=2024-12-22&end=2025-01-14
IDENTITY CHANGE,,,SLV,,,,,359102000,MONTECELO,SLV,fishing,high,fishing,tuna_purse_seines,CIV,ABIDJAN,1/18/25 18:22,4,2/18/25 14:28,4,30.8,ABIDJAN,NA,NA,TRUE,"185,655",CIV,TRUE,"NAMMCO, FCWC, ICCAT, IWC, ACAP",FALSE,NA,TRUE,5,13.4,https://globalfishingwatch.org/map/vessel/4bb1068b0-07b4-134f-87ed-a7ea92c038e9?&start=2025-01-16&end=2025-02-20
,,,,,,,,355855000,MONTELAURA,PAN,carrier,high,carrier,carrier,ESP,POBRA DO CARAMINAL,1/23/25 17:09,4,2/5/25 6:49,4,12.5,ABIDJAN,NA,NA,FALSE,NA,NA,FALSE,NA,FALSE,NA,FALSE,NA,100,https://globalfishingwatch.org/map/vessel/115b89b37-784e-18ae-2885-d92d06a99119?&start=2025-01-21&end=2025-02-07
,,,,,,,,224742000,MONTERAIOLA,ESP,fishing,high,fishing,tuna_purse_seines,CIV,ABIDJAN,11/21/24 16:07,4,1/3/25 4:59,4,42.5,ABIDJAN,NA,NA,TRUE,"38,885",CIV,TRUE,"ACAP, IWC, NAMMCO, FCWC, ICCAT",FALSE,NA,TRUE,3,NA,https://globalfishingwatch.org/map/vessel/c44bf0cee-e97e-f9c4-3c32-97d90554b144?&start=2024-11-19&end=2025-01-05
,,,,,,,,224742000,MONTERAIOLA,ESP,fishing,high,fishing,tuna_purse_seines,CIV,ABIDJAN,1/7/25 10:11,4,1/21/25 4:47,4,13.8,ABIDJAN,NA,NA,FALSE,NA,NA,FALSE,NA,FALSE,NA,FALSE,NA,5.1,https://globalfishingwatch.org/map/vessel/c44bf0cee-e97e-f9c4-3c32-97d90554b144?&start=2025-01-05&end=2025-01-23
,,,,,,,,224742000,MONTERAIOLA,ESP,fishing,high,fishing,tuna_purse_seines,CIV,ABIDJAN,1/25/25 11:01,4,2/27/25 13:45,4,33.1,ABIDJAN,NA,NA,TRUE,"231,041,666,666,667",SLE,FALSE,"IWC, SRFC, ACAP, ICCAT, NAMMCO",FALSE,NA,TRUE,1,4.5,https://globalfishingwatch.org/map/vessel/c44bf0cee-e97e-f9c4-3c32-97d90554b144?&start=2025-01-23&end=2025-03-01
,,,,,,,,370115000,NESTOS REEFER,PAN,carrier,med,other,other,BRA,RIO GRANDE,1/15/25 19:25,4,1/29/25 12:56,4,13.7,ABIDJAN,NA,NA,FALSE,NA,NA,FALSE,NA,FALSE,NA,FALSE,NA,99.1,https://globalfishingwatch.org/map/vessel/7d465e38a-ab64-93f1-565b-7bce7fae6d56?&start=2025-01-13&end=2025-01-31
,,,,,,,,311001171,NOVA ZEELANDIA,BHS,carrier,high,carrier,carrier,AGO,LUANDA,12/30/24 11:15,4,1/6/25 16:14,4,7.2,ABIDJAN,NA,NA,FALSE,NA,NA,FALSE,NA,FALSE,NA,TRUE,3,NA,https://globalfishingwatch.org/map/vessel/4b3eb996d-d6a1-a914-61e3-2151c105a03c?&start=2024-12-28&end=2025-01-08
,,,,,,,,311001171,NOVA ZEELANDIA,BHS,carrier,high,carrier,carrier,CIV,ABIDJAN,1/10/25 10:53,4,1/10/25 22:55,4,0.5,ABIDJAN,NA,NA,FALSE,NA,NA,FALSE,NA,FALSE,NA,FALSE,NA,100,https://globalfishingwatch.org/map/vessel/4b3eb996d-d6a1-a914-61e3-2151c105a03c?&start=2025-01-08&end=2025-01-12
IDENTITY CHANGE,,,DMA,,,,,325955000,NOVAYA ZEMLYA,DMA,carrier,high,carrier,carrier,MRT,CANSADO,1/8/25 19:25,4,1/14/25 7:00,4,5.5,ABIDJAN,NA,NA,FALSE,NA,NA,FALSE,NA,FALSE,NA,FALSE,NA,100,https://globalfishingwatch.org/map/vessel/7b6688435-5b3a-7a03-f26b-8ac411de28aa?&start=2025-01-06&end=2025-01-16
,,,,,,,,311000713,ORANGE SEA,BHS,carrier,high,carrier,carrier,NGA,LAGOS,2/23/25 23:33,4,2/26/25 7:43,4,2.3,ABIDJAN,NA,NA,FALSE,NA,NA,FALSE,NA,FALSE,NA,FALSE,NA,80.7,https://globalfishingwatch.org/map/vessel/f8f94e538-83e7-3344-2d4a-09ad94082937?&start=2025-02-21&end=2025-02-28
,,,,,,,,627071000,PANOFI DISCOVERER,GHA,fishing,high,fishing,tuna_purse_seines,GHA,SEKONDI-TAKORADI,3/21/25 19:40,4,3/22/25 9:02,3,0.5,ABIDJAN,NA,NA,FALSE,NA,NA,FALSE,NA,FALSE,NA,FALSE,NA,100,https://globalfishingwatch.org/map/vessel/2781849c8-849b-ce64-e1e3-3ed0ae3cd66a?&start=2025-03-19&end=2025-03-24
,,,,,,,,627072000,PANOFI FORE RUNNER,GHA,fishing,high,fishing,tuna_purse_seines,GHA,TEMA,3/26/25 8:25,4,3/27/25 8:40,3,1,ABIDJAN,NA,NA,FALSE,NA,NA,FALSE,NA,FALSE,NA,FALSE,NA,96,https://globalfishingwatch.org/map/vessel/04b95cb83-31d8-06e7-0845-8691696643f5?&start=2025-03-24&end=2025-03-29
,,,,,,,,627266000,PANOFI GRACE,GHA,fishing,high,fishing,tuna_purse_seines,GHA,TEMA,3/21/25 6:46,3,3/24/25 6:55,2,3,ABIDJAN,NA,NA,FALSE,NA,NA,FALSE,NA,FALSE,NA,FALSE,NA,94.5,https://globalfishingwatch.org/map/vessel/2a72ff6a5-59df-ddc3-fc65-23e0845044e5?&start=2025-03-19&end=2025-03-26
,,,,,,,,627997000,PANOFI MASTER,GHA,fishing,high,fishing,tuna_purse_seines,GHA,TEMA,3/20/25 8:05,4,3/21/25 7:42,3,1,ABIDJAN,NA,NA,FALSE,NA,NA,FALSE,NA,FALSE,NA,FALSE,NA,100,https://globalfishingwatch.org/map/vessel/7b4c7f97f-f297-3a81-22a7-5d210ca4d71e?&start=2025-03-18&end=2025-03-23
,,,,,,,,627073000,PANOFI PATH FINDER,GHA,fishing,high,fishing,tuna_purse_seines,CIV,ABIDJAN,1/20/25 10:14,4,1/20/25 13:40,4,0.1,ABIDJAN,NA,NA,TRUE,"891,805,555,555,555",CIV,FALSE,"FCWC, ICCAT, IWC, ACAP, NAMMCO",FALSE,NA,FALSE,NA,100,https://globalfishingwatch.org/map/vessel/1abad9a58-8758-383e-8c58-6c8029ecaa44?&start=2025-01-18&end=2025-01-22
,,,,,,,,627073000,PANOFI PATH FINDER,GHA,fishing,high,fishing,tuna_purse_seines,GHA,SEKONDI-TAKORADI,12/31/24 14:25,4,1/1/25 4:36,4,0.6,ABIDJAN,NA,NA,FALSE,NA,NA,FALSE,NA,FALSE,NA,FALSE,NA,NA,https://globalfishingwatch.org/map/vessel/1abad9a58-8758-383e-8c58-6c8029ecaa44?&start=2024-12-29&end=2025-01-03
IDENTITY CHANGE,,,,,tuna_purse_seines,,,312360000,PLAYA DE LAGA,BLZ,fishing,med,fishing,tuna_purse_seines,CIV,ABIDJAN,1/20/25 22:22,4,2/18/25 6:34,4,28.3,ABIDJAN,NA,NA,FALSE,NA,NA,FALSE,NA,FALSE,NA,TRUE,2,8.2,https://globalfishingwatch.org/map/vessel/cc6b54a24-4542-6ce9-1e91-d4f17daeeda5?&start=2025-01-18&end=2025-02-20
IDENTITY CHANGE,,,,,tuna_purse_seines,,,312360000,PLAYA DE LAGA,BLZ,fishing,med,fishing,tuna_purse_seines,CIV,ABIDJAN,12/8/24 13:55,4,1/12/25 17:47,4,35.1,ABIDJAN,NA,NA,TRUE,"218,105,277,777,778","CIV, LBR",TRUE,"NAMMCO, ACAP, ICCAT, IWC, FCWC",FALSE,NA,TRUE,7,NA,https://globalfishingwatch.org/map/vessel/cc6b54a24-4542-6ce9-1e91-d4f17daeeda5?&start=2024-12-06&end=2025-01-14
IDENTITY CHANGE,,,,,tuna_purse_seines,,,312257000,PLAYA DE LAIDA,BLZ,fishing,low,fishing,tuna_purse_seines,CIV,ABIDJAN,12/4/24 17:06,4,1/5/25 21:17,4,32.2,ABIDJAN,NA,NA,TRUE,"140,180,555,555,556","SLE, CIV",FALSE,"SRFC, ACAP, ICCAT, NAMMCO, IWC, FCWC",FALSE,NA,TRUE,3,NA,https://globalfishingwatch.org/map/vessel/cb32968a9-93ec-23e7-7192-bf085ea98f2a?&start=2024-12-02&end=2025-01-07
,,,,,,,,224531000,PLAYA DE NOJA,ESP,fishing,high,fishing,tuna_purse_seines,CIV,ABIDJAN,1/30/25 9:14,4,1/30/25 17:37,4,0.3,ABIDJAN,NA,NA,TRUE,"210,638,888,888,889",CIV,FALSE,"FCWC, NAMMCO, ACAP, ICCAT, IWC",FALSE,NA,FALSE,NA,100,https://globalfishingwatch.org/map/vessel/472962590-0e8b-947d-3f92-4a00e908d511?&start=2025-01-28&end=2025-02-01
,,,,,,,,224531000,PLAYA DE NOJA,ESP,fishing,high,fishing,tuna_purse_seines,CIV,ABIDJAN,2/3/25 15:39,4,2/3/25 18:30,4,0.1,ABIDJAN,NA,NA,TRUE,"120,736,111,111,111",CIV,FALSE,"ACAP, ICCAT, NAMMCO, FCWC, IWC",FALSE,NA,FALSE,NA,100,https://globalfishingwatch.org/map/vessel/472962590-0e8b-947d-3f92-4a00e908d511?&start=2025-02-01&end=2025-02-05
,,,,,,,,224531000,PLAYA DE NOJA,ESP,fishing,high,fishing,tuna_purse_seines,CPV,MINDELO,12/28/24 22:29,4,1/4/25 5:42,4,6.3,ABIDJAN,NA,NA,FALSE,NA,NA,FALSE,NA,FALSE,NA,FALSE,NA,NA,https://globalfishingwatch.org/map/vessel/472962590-0e8b-947d-3f92-4a00e908d511?&start=2024-12-26&end=2025-01-06
,,,,,,,,311001187,SIERRA LAUREL,BHS,carrier,high,carrier,carrier,MRT,CANSADO,2/21/25 16:43,4,2/26/25 8:55,4,4.7,ABIDJAN,NA,NA,FALSE,NA,NA,FALSE,NA,FALSE,NA,FALSE,NA,99.1,https://globalfishingwatch.org/map/vessel/8593a4c60-0b5a-a4c9-c3e9-958590425e59?&start=2025-02-19&end=2025-02-28
IDENTITY CHANGE; REMOVE,,,,reefer containership,,,,566341000,STAR CARE,SGP,reefer containership,high,carrier,reefer containership,GHA,TEMA,1/17/25 19:05,4,1/18/25 10:14,4,0.6,ABIDJAN,NA,NA,FALSE,NA,NA,FALSE,NA,FALSE,NA,FALSE,NA,100,https://globalfishingwatch.org/map/vessel/8d3e0dff3-30a0-fa27-5fb8-4ea5cecdd00e?&start=2025-01-15&end=2025-01-20
IDENTITY CHANGE; REMOVE,,,,reefer containership,,,,311000876,STAR FIRST,BHS,reefer containership,low,other,reefer containership,SEN,DAKAR,2/15/25 3:53,4,2/18/25 4:47,4,3,ABIDJAN,NA,NA,FALSE,NA,NA,FALSE,NA,FALSE,NA,FALSE,NA,100,https://globalfishingwatch.org/map/vessel/1f2830fdf-fd8c-099e-c5e3-c9f9c4a16f76?&start=2025-02-13&end=2025-02-20
IDENTITY CHANGE; REMOVE,,,,reefer containership,,,,311000876,STAR FIRST,BHS,reefer containership,low,other,reefer containership,GHA,TEMA,1/21/25 10:23,4,1/22/25 11:15,4,1,ABIDJAN,NA,NA,FALSE,NA,NA,FALSE,NA,FALSE,NA,FALSE,NA,100,https://globalfishingwatch.org/map/vessel/1f2830fdf-fd8c-099e-c5e3-c9f9c4a16f76?&start=2025-01-19&end=2025-01-24
IDENTITY CHANGE; REMOVE,,,,reefer containership,,,,311000876,STAR FIRST,BHS,reefer containership,low,other,reefer containership,GHA,TEMA,2/26/25 1:28,4,2/26/25 19:12,4,0.7,ABIDJAN,NA,NA,FALSE,NA,NA,FALSE,NA,FALSE,NA,FALSE,NA,100,https://globalfishingwatch.org/map/vessel/1f2830fdf-fd8c-099e-c5e3-c9f9c4a16f76?&start=2025-02-24&end=2025-02-28
IDENTITY CHANGE; REMOVE,,,,reefer containership,,,,311000876,STAR FIRST,BHS,reefer containership,low,other,reefer containership,BEL,ANTWERP,1/4/25 10:58,4,1/13/25 21:40,4,9.4,ABIDJAN,NA,NA,FALSE,NA,NA,FALSE,NA,FALSE,NA,FALSE,NA,100,https://globalfishingwatch.org/map/vessel/1f2830fdf-fd8c-099e-c5e3-c9f9c4a16f76?&start=2025-01-02&end=2025-01-15
IDENTITY CHANGE; REMOVE,,,,reefer containership,,,,311000958,STAR PRIMA,BHS,reefer containership,low,other,reefer containership,MAR,AGADIR,1/15/25 12:45,4,1/23/25 17:09,4,8.2,ABIDJAN,NA,NA,FALSE,NA,NA,FALSE,NA,FALSE,NA,TRUE,1,100,https://globalfishingwatch.org/map/vessel/3997f5344-4346-5b2b-e215-f5932f787437?&start=2025-01-13&end=2025-01-25
IDENTITY CHANGE; REMOVE,,,,reefer containership,,,,311000958,STAR PRIMA,BHS,reefer containership,low,other,reefer containership,GHA,TEMA,2/27/25 14:21,4,2/28/25 5:20,4,0.6,ABIDJAN,NA,NA,FALSE,NA,NA,FALSE,NA,FALSE,NA,FALSE,NA,100,https://globalfishingwatch.org/map/vessel/3997f5344-4346-5b2b-e215-f5932f787437?&start=2025-02-25&end=2025-03-02
IDENTITY CHANGE; REMOVE,,,,reefer containership,,,,311000958,STAR PRIMA,BHS,reefer containership,low,other,reefer containership,GHA,TEMA,1/30/25 14:11,4,1/31/25 7:35,4,0.7,ABIDJAN,NA,NA,FALSE,NA,NA,FALSE,NA,FALSE,NA,FALSE,NA,100,https://globalfishingwatch.org/map/vessel/3997f5344-4346-5b2b-e215-f5932f787437?&start=2025-01-28&end=2025-02-02
IDENTITY CHANGE,,,PAN,,,tuna_purse_seines,,356262000,SYDNEY SOFIA,PAN,fishing,med,fishing,tuna_purse_seines,CIV,ABIDJAN,2/15/25 17:57,4,3/5/25 12:45,4,17.8,ABIDJAN,NA,NA,TRUE,219.58,NA,TRUE,"IWC, ACAP, NAMMCO, ICCAT",FALSE,NA,TRUE,8,75.9,https://globalfishingwatch.org/map/vessel/f2de78309-99b3-6b6a-2926-8af2b3051672?&start=2025-02-13&end=2025-03-07
IDENTITY CHANGE,,,PAN,,,tuna_purse_seines,,356262000,SYDNEY SOFIA,PAN,fishing,med,fishing,tuna_purse_seines,CIV,ABIDJAN,1/17/25 9:51,4,2/11/25 15:41,4,25.2,ABIDJAN,NA,NA,TRUE,"366,882,222,222,222",CIV,TRUE,"NAMMCO, ICCAT, FCWC, ACAP, IWC",FALSE,NA,TRUE,15,66.2,https://globalfishingwatch.org/map/vessel/f2de78309-99b3-6b6a-2926-8af2b3051672?&start=2025-01-15&end=2025-02-13
IDENTITY CHANGE,,,PAN,,,tuna_purse_seines,,356262000,SYDNEY SOFIA,PAN,fishing,med,fishing,tuna_purse_seines,CIV,ABIDJAN,3/8/25 10:22,4,3/17/25 14:35,3,9.2,ABIDJAN,NA,NA,TRUE,"145,055,833,333,333",NA,TRUE,"ICCAT, IWC, NAMMCO, ACAP",FALSE,NA,TRUE,4,91.4,https://globalfishingwatch.org/map/vessel/f2de78309-99b3-6b6a-2926-8af2b3051672?&start=2025-03-06&end=2025-03-19
IDENTITY CHANGE,,,PAN,,,tuna_purse_seines,,356262000,SYDNEY SOFIA,PAN,fishing,med,fishing,tuna_purse_seines,CIV,ABIDJAN,12/27/24 17:08,4,1/12/25 7:25,4,15.6,ABIDJAN,NA,NA,TRUE,"272,827,777,777,778",LBR,TRUE,"FCWC, ICCAT, IWC, NAMMCO, ACAP",FALSE,NA,TRUE,6,NA,https://globalfishingwatch.org/map/vessel/f2de78309-99b3-6b6a-2926-8af2b3051672?&start=2024-12-25&end=2025-01-14
,,,,,,,,627047000,VOLTA GLORY,GHA,carrier,high,carrier,carrier,GHA,SEKONDI-TAKORADI,1/16/25 23:53,4,1/17/25 14:43,4,0.6,PORT BOUET ANCHORAGE,NA,NA,FALSE,NA,NA,FALSE,NA,FALSE,NA,FALSE,NA,100,https://globalfishingwatch.org/map/vessel/321c72ecf-fb14-deda-49a2-2451e9e35a47?&start=2025-01-14&end=2025-01-19
,,,,,,,,627047000,VOLTA GLORY,GHA,carrier,high,carrier,carrier,GHA,SEKONDI-TAKORADI,2/27/25 23:35,4,2/28/25 13:43,4,0.6,ABIDJAN,NA,NA,FALSE,NA,NA,FALSE,NA,FALSE,NA,FALSE,NA,100,https://globalfishingwatch.org/map/vessel/321c72ecf-fb14-deda-49a2-2451e9e35a47?&start=2025-02-25&end=2025-03-02
IDENTITY CHANGE,,,,support,,,,312507000,ZILLARRI,BLZ,support,low,support,purse_seine_support,CIV,ABIDJAN,1/11/25 14:23,4,2/22/25 13:32,4,42,ABIDJAN,NA,NA,FALSE,NA,NA,FALSE,NA,FALSE,NA,TRUE,3,22.5,https://globalfishingwatch.org/map/vessel/1eb24bd25-5b68-347b-9498-ad3df136de22?&start=2025-01-09&end=2025-02-24
IDENTITY CHANGE,,,,support,,,,312507000,ZILLARRI,BLZ,support,low,support,purse_seine_support,CIV,ABIDJAN,12/7/24 14:51,4,1/6/25 12:45,4,29.9,ABIDJAN,NA,NA,FALSE,NA,NA,FALSE,NA,FALSE,NA,TRUE,1,NA,https://globalfishingwatch.org/map/vessel/1eb24bd25-5b68-347b-9498-ad3df136de22?&start=2024-12-05&end=2025-01-08
,,,,,,,,224587000,ZUBEROA,ESP,fishing,high,fishing,tuna_purse_seines,CIV,ABIDJAN,1/25/25 20:15,4,2/21/25 7:45,4,26.5,ABIDJAN,NA,NA,TRUE,"260,773,888,888,889","GHA, CIV",TRUE,"ACAP, IWC, ICCAT, FCWC, NAMMCO",FALSE,NA,TRUE,5,25.5,https://globalfishingwatch.org/map/vessel/dcefb03af-f441-973d-84c3-df67066f5a56?&start=2025-01-23&end=2025-02-23
,,,,,,,,224587000,ZUBEROA,ESP,fishing,high,fishing,tuna_purse_seines,CIV,ABIDJAN,2/26/25 0:10,4,3/28/25 4:38,4,30.2,ABIDJAN,NA,NA,TRUE,"213,646,388,888,889","SLE, CIV",TRUE,"IWC, SRFC, NAMMCO, ACAP, FCWC, ICCAT",FALSE,NA,TRUE,11,26.6,https://globalfishingwatch.org/map/vessel/dcefb03af-f441-973d-84c3-df67066f5a56?&start=2025-02-24&end=2025-03-30
,,,,,,,,224587000,ZUBEROA,ESP,fishing,high,fishing,tuna_purse_seines,CIV,ABIDJAN,12/28/24 23:15,4,1/22/25 9:30,4,24.4,ABIDJAN,NA,NA,TRUE,"220,761,111,111,111",CIV,TRUE,"NAMMCO, IWC, ACAP, FCWC, ICCAT",FALSE,NA,TRUE,8,NA,https://globalfishingwatch.org/map/vessel/dcefb03af-f441-973d-84c3-df67066f5a56?&start=2024-12-26&end=2025-01-24