"vessel_name","MMSI","Flag2","vessel_class","vessel_type","previous_port_country","previous_port","trip_start","trip_end","trip_duration_days","end_port","fishing","fishing_hours","fishing_eez","fishing_hs","fishing_rfmos","encounter","num_encounters","loitering","num_loitering","at_dock","percent_ais_voyage","vessel.ID","trip.ID","Start.confidence","End.confidence"
"?????","412331128","CHN","fishing","trawlers","SEN","DAKAR","13/03/2024 20:18","29/05/2024 10:12","76.5","DAKAR","FALSE",NA,NA,"FALSE",NA,"FALSE",NA,"FALSE",NA,NA,"0.1","4f7ca4553-30a1-2559-513c-ffc93e6d26e2","412331128-4f7ca4553-30a1-2559-513c-ffc93e6d26e2-018e3976f4a8","2","3"
"ALBACORA CARIBE","353171000","PAN","fishing","tuna_purse_seines","CIV","ABIDJAN","05/11/2024 08:22","19/06/2024 06:55","38.9","DAKAR","TRUE","584.0222222","GNB","TRUE","NAMMCO, SRFC, ICCAT, IWC, ACAP","FALSE",NA,"TRUE","7","TRUE","17.5","ef9f4545a-a733-e7a5-4cb3-b9cc3cbf66c0","353171000-ef9f4545a-a733-e7a5-4cb3-b9cc3cbf66c0-018f66bf3c80","4","4"
"ALBACORA UNO","224782000","ESP","fishing","tuna_purse_seines","SYC","PORT VICTORIA","04/04/2024 13:30","05/02/2024 06:48","27.7","DAKAR","TRUE","13.96888889","MYT","FALSE","ACAP, IOTC, SWIOFC, IWC","FALSE",NA,"TRUE","2",NA,"58.7","630f3fbd5-5b60-a9f9-264a-bb6d949ba3b2","224782000-630f3fbd5-5b60-a9f9-264a-bb6d949ba3b2-018ea94de818","3","4"
"ALBONIGA","224745000","ESP","fishing","tuna_purse_seines","CIV","ABIDJAN","21/04/2024 22:11","16/05/2024 13:25","24.6","DAKAR","TRUE","1138.055556","GIN, GNB","FALSE","NAMMCO, ICCAT, IWC, ACAP, SRFC","FALSE",NA,"TRUE","12","TRUE","59.6","818356b57-7844-a4ae-919e-36a06ae5a84a","224745000-818356b57-7844-a4ae-919e-36a06ae5a84a-018f02b6edf0","4","4"
"ALBONIGA","224745000","ESP","fishing","tuna_purse_seines","SEN","DAKAR","19/05/2024 07:25","06/10/2024 05:39","21.9","DAKAR","TRUE","1098.486667","SEN, GNB, GIN","TRUE","NAMMCO, ACAP, IWC, SRFC, ICCAT","FALSE",NA,"TRUE","14","TRUE","46.5","818356b57-7844-a4ae-919e-36a06ae5a84a","224745000-818356b57-7844-a4ae-919e-36a06ae5a84a-018f8fbe1fe8","4","4"
"ALFONSO RIERA CUARTO","224026860","ESP","fishing","trawlers","GIN","CONAKRY","04/09/2024 14:36","17/05/2024 19:02","38.2","DAKAR","TRUE","6479.241667","GIN, GNB","TRUE","SRFC, NAMMCO, IWC, ICCAT, ACAP","FALSE",NA,"FALSE",NA,"TRUE","100","a054330ca-a2bd-7d39-14d8-3f381abda295","224026860-a054330ca-a2bd-7d39-14d8-3f381abda295-018ec349b378","4","4"
"ALFONSO RIERA CUARTO","224026860","ESP","fishing","trawlers","SEN","DAKAR","19/05/2024 12:20","06/12/2024 23:30","24.5","DAKAR","TRUE","2849.620833","GIN, GNB","FALSE","ACAP, ICCAT, IWC, NAMMCO, SRFC","TRUE","1","TRUE","1","TRUE","100","a054330ca-a2bd-7d39-14d8-3f381abda295","224026860-a054330ca-a2bd-7d39-14d8-3f381abda295-018f90cbe280","4","4"
"ALFONSO RIERA SEGUND","224032270","ESP","fishing","trawlers","GIN","CONAKRY","04/09/2024 14:29","17/05/2024 19:14","38.2","DAKAR","TRUE","4474.088889","GNB, GIN","TRUE","ACAP, ICCAT, SRFC, NAMMCO, IWC","FALSE",NA,"TRUE","1","TRUE","100","ebdafaa65-595c-2373-4337-eaf2cebdadae","224032270-ebdafaa65-595c-2373-4337-eaf2cebdadae-018ec343cbc0","4","4"
"ALFONSO RIERA SEGUND","224032270","ESP","fishing","trawlers","SEN","DAKAR","25/05/2024 15:08","26/06/2024 04:04","31.5","DAKAR","TRUE","3417.083333","GIN, GNB","FALSE","NAMMCO, SRFC, ICCAT, ACAP, IWC","TRUE","1","TRUE","2","TRUE","100","ebdafaa65-595c-2373-4337-eaf2cebdadae","224032270-ebdafaa65-595c-2373-4337-eaf2cebdadae-018fb04c0c48","4","4"
"ALFONSO RIERA TERCER","224282000","ESP","fishing","trawlers","SEN","DAKAR","04/03/2024 11:04","05/02/2024 07:11","28.8","DAKAR","TRUE","5623.477778","GNB","FALSE","NAMMCO, IWC, ICCAT, ACAP, SRFC","FALSE",NA,"FALSE",NA,"TRUE","100","d7f0a49c3-35ca-c6db-7786-d49a798e2e3c","224282000-d7f0a49c3-35ca-c6db-7786-d49a798e2e3c-018ea3a1a6c0","4","4"
"ATOUMAY","654007400","MRT","fishing","trawlers","MRT","CANSADO","19/05/2024 07:40","21/05/2024 00:23","1.7","DAKAR","FALSE",NA,NA,"FALSE",NA,"FALSE",NA,"FALSE",NA,"TRUE","100","7ee65946a-a57f-6f16-e049-e3fe16f66782","654007400-7ee65946a-a57f-6f16-e049-e3fe16f66782-018f8fcb8980","4","4"
"ATOUMAY","654007400","MRT","fishing","trawlers","SEN","DAKAR","25/05/2024 16:40","26/05/2024 09:47","0.7","DAKAR","TRUE","43.475","SEN","FALSE","ACAP, SRFC, NAMMCO, IWC, ICCAT","FALSE",NA,"FALSE",NA,"TRUE","100","7ee65946a-a57f-6f16-e049-e3fe16f66782","654007400-7ee65946a-a57f-6f16-e049-e3fe16f66782-018fb09fa6a0","4","4"
"ATOUMAY","654007400","MRT","fishing","trawlers","SEN","DAKAR","06/06/2024 16:27","06/07/2024 09:00","0.7","DAKAR","TRUE","14.35833333","SEN","FALSE","NAMMCO, ICCAT, ACAP, IWC, SRFC","FALSE",NA,"FALSE",NA,"TRUE","100","7ee65946a-a57f-6f16-e049-e3fe16f66782","654007400-7ee65946a-a57f-6f16-e049-e3fe16f66782-018fee60e2b0","4","4"
"BACALAM","630124008","GNB","fishing","trawlers","GNB","BISSAU","18/04/2024 22:45","05/01/2024 07:47","12.4","DAKAR","TRUE","5553.251389","SEN, GNB","FALSE","NAMMCO, ICCAT, SRFC, IWC, ACAP","FALSE",NA,"TRUE","2","TRUE","74.2","1ea684eb3-34e7-885e-a813-29bcbce1f753","630124008-1ea684eb3-34e7-885e-a813-29bcbce1f753-018ef3633d18","4","4"
"CHAMYUAMYU11","412200988","CHN","fishing","trawlers","SEN","DAKAR","16/03/2024 11:45","04/02/2024 06:47","16.8","DAKAR","TRUE","98.5125","SEN","FALSE","ICCAT, SRFC, ACAP, IWC, NAMMCO","FALSE",NA,"TRUE","3","TRUE","12.9","f5b96f9c3-3dea-a442-a8f1-d9330bb93f69","412200988-f5b96f9c3-3dea-a442-a8f1-d9330bb93f69-018e471479a0","4","3"
"CHAMYUAMYU11","412200988","CHN","fishing","trawlers","MEX","MEX-175","04/11/2024 06:06","30/04/2024 01:45","18.8","DAKAR","FALSE",NA,NA,"FALSE",NA,"FALSE",NA,"TRUE","5","TRUE","7.1","f5b96f9c3-3dea-a442-a8f1-d9330bb93f69","412200988-f5b96f9c3-3dea-a442-a8f1-d9330bb93f69-018ecbc3e5c8","2","3"
"CHAMYUAMYU11","412200988","CHN","fishing","trawlers","MEX","MEX-175","05/09/2024 05:32","16/05/2024 10:42","7.2","DAKAR","FALSE",NA,NA,"FALSE",NA,"FALSE",NA,"FALSE",NA,"TRUE","2.3","f5b96f9c3-3dea-a442-a8f1-d9330bb93f69","412200988-f5b96f9c3-3dea-a442-a8f1-d9330bb93f69-018f5bd67360","2","2"
"CHAMYUAMYU11","412200988","CHN","fishing","trawlers","MEX","MEX-175","06/06/2024 12:10","25/06/2024 17:34","19.2","DAKAR","FALSE",NA,NA,"FALSE",NA,"FALSE",NA,"TRUE","4","TRUE","3.9","f5b96f9c3-3dea-a442-a8f1-d9330bb93f69","412200988-f5b96f9c3-3dea-a442-a8f1-d9330bb93f69-018fed74d8e8","2","4"
"CHANG RONG 5","412280994","CHN","fishing","drifting_longlines","SEN","DAKAR","10/08/2023 09:29","26/04/2024 08:24","200.9","DAKAR","TRUE","12190.50333",NA,"TRUE","ICCAT, ACAP, NAMMCO, IWC","TRUE","2","TRUE","9","TRUE","95.4","5fef91cbd-d1f5-6e89-da98-e954963e1566","412280994-5fef91cbd-d1f5-6e89-da98-e954963e1566-018b0e9f3608","4","4"
"CHANG RONG 7","412519271","CHN","fishing","drifting_longlines","SEN","DAKAR","12/06/2023 15:00","26/04/2024 08:06","141.7","DAKAR","TRUE","5374.032222",NA,"TRUE","NAMMCO, ICCAT, ACAP, IWC","TRUE","2","TRUE","12","TRUE","83.6","69f55515f-f1f5-a137-0f67-0d96fd867654","412519271-69f55515f-f1f5-a137-0f67-0d96fd867654-018c3fa4e788","4","4"
"CHANG RONG 8","412549272","CHN","fishing","drifting_longlines","SEN","DAKAR","12/06/2023 15:00","26/04/2024 07:49","141.7","DAKAR","TRUE","5192.004444",NA,"TRUE","IWC, ACAP, NAMMCO, ICCAT","TRUE","1","TRUE","14","TRUE","80.3","2d467179f-f1de-c034-8a23-f091c3e4cadf","412549272-2d467179f-f1de-c034-8a23-f091c3e4cadf-018c3fa55100","4","4"
"CHIN SIANG WEN","416035800","TWN","fishing","drifting_longlines","MYS","TANJUNG PELEPAS","24/09/2022 12:16","18/04/2024 05:39","571.7","DAKAR","TRUE","1797.647222","GMB, SEN, GNB","TRUE","ICCAT, SRFC, IOTC, ACAP, IWC, NAMMCO, SIOFA","FALSE",NA,"FALSE",NA,"TRUE","94.2","6025d042e-e8c3-55c0-dc9d-2fe9ce105d47","416035800-6025d042e-e8c3-55c0-dc9d-2fe9ce105d47-01836f6d5396","4","4"
"CIUDAD DE HUELVA","225987981","ESP","fishing","trawlers","GNB","BISSAU","04/03/2024 15:23","21/04/2024 15:42","18","DAKAR","TRUE","2539.197222","SEN, GNB","FALSE","ACAP, NAMMCO, SRFC, IWC, ICCAT","FALSE",NA,"TRUE","5","TRUE","68.8","45fc67c5f-ffbb-8088-09a3-4baf211463bb","225987981-45fc67c5f-ffbb-8088-09a3-4baf211463bb-018ea48f2788","4","4"
"CIUDAD DE HUELVA","225987981","ESP","fishing","trawlers","SEN","DAKAR","25/04/2024 19:36","15/06/2024 02:08","50.3","DAKAR","TRUE","15658.85972","SEN, GNB","FALSE","NAMMCO, ICCAT, ACAP, IWC, SRFC","FALSE",NA,"TRUE","3","TRUE","98.8","45fc67c5f-ffbb-8088-09a3-4baf211463bb","225987981-45fc67c5f-ffbb-8088-09a3-4baf211463bb-018f16c2a4b0","4","4"
"COSTA DE HUELVA","224854000","ESP","fishing","trawlers","GNB","BISSAU","26/02/2024 23:42","04/12/2024 07:09","45.3","DAKAR","TRUE","11766.95556","GNB, SEN","FALSE","ICCAT, ACAP, IWC, NAMMCO, SRFC","FALSE",NA,"TRUE","3","TRUE","96","1e31d7cd6-6c64-7b64-d9fd-71ea2e122789","224854000-1e31d7cd6-6c64-7b64-d9fd-71ea2e122789-018de7ccdbb8","4","4"
"COSTA DE HUELVA","224854000","ESP","fishing","trawlers","SEN","DAKAR","04/12/2024 19:32","20/04/2024 07:24","7.5","DAKAR","TRUE","2448.698611","SEN, GNB","FALSE","ICCAT, IWC, SRFC, NAMMCO, ACAP","FALSE",NA,"FALSE",NA,"TRUE","100","1e31d7cd6-6c64-7b64-d9fd-71ea2e122789","224854000-1e31d7cd6-6c64-7b64-d9fd-71ea2e122789-018ed3cc7e10","4","4"
"COSTA DE HUELVA","224854000","ESP","fishing","trawlers","SEN","DAKAR","05/10/2024 09:50","15/06/2024 06:24","35.8","DAKAR","TRUE","12335.52778","SEN, GNB","FALSE","IWC, SRFC, ICCAT, NAMMCO, ACAP","FALSE",NA,"TRUE","2","TRUE","99.7","1e31d7cd6-6c64-7b64-d9fd-71ea2e122789","224854000-1e31d7cd6-6c64-7b64-d9fd-71ea2e122789-018f61e961e0","4","4"
"CURBEIRO","224106000","ESP","fishing","trawlers","SEN","DAKAR","18/03/2024 00:57","14/04/2024 13:58","27.5","DAKAR","TRUE","15553.34306","GNB, SEN","FALSE","IWC, ICCAT, NAMMCO, ACAP, SRFC","FALSE",NA,"FALSE",NA,"TRUE","96.9","abfdf22f1-145b-2a91-3e6b-7acb899cd1d7","224106000-abfdf22f1-145b-2a91-3e6b-7acb899cd1d7-018e4f1034f0","4","4"
"CURBEIRO","224106000","ESP","fishing","trawlers","SEN","DAKAR","17/04/2024 05:12","15/05/2024 13:50","28.3","DAKAR","TRUE","13982.61667","SEN, GNB","FALSE","NAMMCO, ACAP, ICCAT, IWC, SRFC","FALSE",NA,"FALSE",NA,"TRUE","93.5","abfdf22f1-145b-2a91-3e6b-7acb899cd1d7","224106000-abfdf22f1-145b-2a91-3e6b-7acb899cd1d7-018eea784798","4","4"
"CURBEIRO","224106000","ESP","fishing","trawlers","SEN","DAKAR","18/05/2024 09:14","13/06/2024 14:39","26.2","DAKAR","TRUE","4781.726389","SEN, GNB","FALSE","NAMMCO, ACAP, SRFC, ICCAT, IWC","FALSE",NA,"TRUE","3","TRUE","85.6","abfdf22f1-145b-2a91-3e6b-7acb899cd1d7","224106000-abfdf22f1-145b-2a91-3e6b-7acb899cd1d7-018f8afb0de0","4","4"
"CURBEIRO","224106000","ESP","fishing","trawlers","GMB","BANJUL","19/06/2024 22:35","26/06/2024 07:57","6.4","DAKAR","TRUE","1353.319444","GMB","FALSE","SRFC, ICCAT, NAMMCO, IWC, ACAP","FALSE",NA,"FALSE",NA,"TRUE","100","abfdf22f1-145b-2a91-3e6b-7acb899cd1d7","224106000-abfdf22f1-145b-2a91-3e6b-7acb899cd1d7-019032a3d4a0","4","4"
"CHANG YUAN YU 2","412200985","CHN","fishing","trawlers","SEN","DAKAR","04/02/2024 20:09","19/04/2024 07:00","16.4","DAKAR","FALSE",NA,NA,"FALSE",NA,"FALSE",NA,"FALSE",NA,"TRUE","1.5","9b0efc5e2-272a-58be-3126-959515ea3a09","412200985-9b0efc5e2-272a-58be-3126-959515ea3a09-018ea06e54a8","3","3"
"CHANG YUAN YU 2","412200985","CHN","fishing","trawlers","SEN","DAKAR","21/04/2024 20:59","05/08/2024 13:32","16.7","DAKAR","FALSE",NA,NA,"FALSE",NA,"FALSE",NA,"FALSE",NA,"TRUE","0.5","9b0efc5e2-272a-58be-3126-959515ea3a09","412200985-9b0efc5e2-272a-58be-3126-959515ea3a09-018f0274ff08","3","4"
"CHANG YUAN YU 2","412200985","CHN","fishing","trawlers","SEN","DAKAR","05/12/2024 11:16","06/06/2024 19:48","25.3","DAKAR","FALSE",NA,NA,"FALSE",NA,"FALSE",NA,"FALSE",NA,"TRUE","0.3","9b0efc5e2-272a-58be-3126-959515ea3a09","412200985-9b0efc5e2-272a-58be-3126-959515ea3a09-018f6c84f560","4","3"
"CHANG YUAN YU 2","412200985","CHN","fishing","trawlers","SEN","DAKAR","06/07/2024 00:37","29/06/2024 13:52","22.5","DAKAR","FALSE",NA,NA,"FALSE",NA,"FALSE",NA,"FALSE",NA,"TRUE","0.6","9b0efc5e2-272a-58be-3126-959515ea3a09","412200985-9b0efc5e2-272a-58be-3126-959515ea3a09-018ff020d678","3","3"
"DIMITRIOS I","629009092","GMB","fishing","trawlers","SEN","DAKAR","22/03/2024 16:04","18/04/2024 06:29","26.6","DAKAR","TRUE","4682.477778","SEN, GMB","FALSE","IWC, SRFC, NAMMCO, ACAP, ICCAT","FALSE",NA,"TRUE","2","TRUE","99.8","f581b4c7a-a4e9-81b0-dd1f-add5a6830a79","629009092-f581b4c7a-a4e9-81b0-dd1f-add5a6830a79-018e66e7b120","4","4"
"DIMITRIOS I","629009092","GMB","fishing","trawlers","SEN","DAKAR","20/04/2024 23:23","05/08/2024 08:38","17.4","DAKAR","TRUE","9927.5625","SEN, GMB","FALSE","ACAP, SRFC, NAMMCO, ICCAT, IWC","FALSE",NA,"TRUE","7","TRUE","100","f581b4c7a-a4e9-81b0-dd1f-add5a6830a79","629009092-f581b4c7a-a4e9-81b0-dd1f-add5a6830a79-018efdd23e70","4","4"
"DIMITRIOS I","629009092","GMB","fishing","trawlers","SEN","DAKAR","16/05/2024 22:33","19/06/2024 05:55","33.3","DAKAR","TRUE","7674.013889","GMB","FALSE","SRFC, NAMMCO, ICCAT, ACAP, IWC","FALSE",NA,"TRUE","4","TRUE","100","f581b4c7a-a4e9-81b0-dd1f-add5a6830a79","629009092-f581b4c7a-a4e9-81b0-dd1f-add5a6830a79-018f838a5c50","4","4"
"DUX","630123009","GNB","fishing","trawlers","SEN","DAKAR","29/03/2024 19:57","26/04/2024 10:40","27.6","DAKAR","TRUE","8692.511111","SEN, GNB","FALSE","ICCAT, SRFC, NAMMCO, ACAP, IWC","FALSE",NA,"FALSE",NA,"TRUE","100","ddede9953-3f41-0464-60f7-dd305ee6621a","630123009-ddede9953-3f41-0464-60f7-dd305ee6621a-018e8bc9dc70","4","4"
"DUX","630123009","GNB","fishing","trawlers","SEN","DAKAR","05/03/2024 20:20","31/05/2024 12:27","27.7","DAKAR","TRUE","6539.395833","SEN, GNB","FALSE","ACAP, NAMMCO, IWC, ICCAT, SRFC","FALSE",NA,"TRUE","5","TRUE","92.9","ddede9953-3f41-0464-60f7-dd305ee6621a","630123009-ddede9953-3f41-0464-60f7-dd305ee6621a-018f401d7740","4","4"
"EGALUZE","224580000","ESP","fishing","tuna_purse_seines","CIV","ABIDJAN","03/05/2024 12:04","04/11/2024 15:14","37.1","DAKAR","TRUE","102.9513889","SLE","FALSE","ICCAT, NAMMCO, IWC, SRFC, ACAP","FALSE",NA,"TRUE","3","TRUE","2.7","a0aa90604-4562-1097-2a1e-56ca4a57e84f","224580000-a0aa90604-4562-1097-2a1e-56ca4a57e84f-018e0e800a00","4","4"
"EGALUZE","224580000","ESP","fishing","tuna_purse_seines","SEN","DAKAR","15/04/2024 16:01","17/04/2024 04:21","1.5","DAKAR","FALSE",NA,NA,"FALSE",NA,"FALSE",NA,"FALSE",NA,"TRUE","32.4","a0aa90604-4562-1097-2a1e-56ca4a57e84f","224580000-a0aa90604-4562-1097-2a1e-56ca4a57e84f-018ee27debd8","4","4"
"EGALUZE","224580000","ESP","fishing","tuna_purse_seines","SEN","DAKAR","17/04/2024 08:58","15/05/2024 11:48","28.1","DAKAR","TRUE","947.7736111","GIN, GNB, SEN","FALSE","IWC, SRFC, NAMMCO, ICCAT, ACAP","FALSE",NA,"TRUE","10","TRUE","25.1","a0aa90604-4562-1097-2a1e-56ca4a57e84f","224580000-a0aa90604-4562-1097-2a1e-56ca4a57e84f-018eeb473ff8","4","4"
"EGALUZE","224580000","ESP","fishing","tuna_purse_seines","SEN","DAKAR","19/05/2024 07:29","06/10/2024 09:39","22.1","DAKAR","TRUE","1117.629167","SEN, GNB","FALSE","ICCAT, NAMMCO, SRFC, ACAP, IWC","FALSE",NA,"TRUE","8","TRUE","30.1","a0aa90604-4562-1097-2a1e-56ca4a57e84f","224580000-a0aa90604-4562-1097-2a1e-56ca4a57e84f-018f8fc18318","4","4"
"EGALUZE","224580000","ESP","fishing","tuna_purse_seines","SEN","DAKAR","14/06/2024 10:29","22/06/2024 06:26","7.8","DAKAR","TRUE","402.8347222","SEN, MRT","FALSE","SRFC, IWC, NAMMCO, ACAP, ICCAT","FALSE",NA,"TRUE","4","TRUE","77.2","a0aa90604-4562-1097-2a1e-56ca4a57e84f","224580000-a0aa90604-4562-1097-2a1e-56ca4a57e84f-0190164b7ba0","4","4"
"ELSAAD","629009158","GMB","fishing","other","GMB","BANJUL","28/03/2024 16:44","04/12/2024 01:40","14.3","DAKAR","FALSE",NA,NA,"FALSE",NA,"FALSE",NA,"FALSE",NA,"TRUE","100","88bcefbe0-0278-4687-8093-91e3e4ae847b","629009158-88bcefbe0-0278-4687-8093-91e3e4ae847b-018e85f2ce10","4","4"
"ELSAAD","629009158","GMB","fishing","other","SEN","DAKAR","18/04/2024 00:10","05/05/2024 07:31","17.3","DAKAR","FALSE",NA,NA,"FALSE",NA,"FALSE",NA,"TRUE","9","TRUE","99.3","88bcefbe0-0278-4687-8093-91e3e4ae847b","629009158-88bcefbe0-0278-4687-8093-91e3e4ae847b-018eee89fb60","4","4"
"ELSAAD","629009158","GMB","fishing","other","SEN","DAKAR","05/10/2024 17:29","29/05/2024 16:00","18.9","DAKAR","FALSE",NA,NA,"FALSE",NA,"FALSE",NA,"TRUE","3","TRUE","100","88bcefbe0-0278-4687-8093-91e3e4ae847b","629009158-88bcefbe0-0278-4687-8093-91e3e4ae847b-018f638d74f0","4","4"
"EVERRICH 636","100902469","CIV","fishing","drifting_longlines","SEN","DAKAR","23/01/2024 05:33","04/12/2024 10:05","80.2","DAKAR","TRUE","3155.630833",NA,"TRUE","IWC, ICCAT, ACAP","FALSE",NA,"TRUE","39","TRUE","76","e930e06c6-68bc-f92a-0a67-d097d3769d0a","100902469-e930e06c6-68bc-f92a-0a67-d097d3769d0a-018d34cef190","4","4"
"F/V ALBACORA QUINCE","224727000","ESP","fishing","tuna_purse_seines","CIV","ABIDJAN","14/03/2024 17:02","04/11/2024 06:25","27.5","DAKAR","TRUE","10.83111111",NA,"TRUE","NAMMCO, ACAP, ICCAT, IWC","FALSE",NA,"TRUE","1","TRUE","6.1","83487d338-8fba-2645-7342-563c4cb5611f","224727000-83487d338-8fba-2645-7342-563c4cb5611f-018e3de9e310","4","4"
"F/V CORONA DEL MAR","228967000","FRA","fishing","pole_and_line","SEN","DAKAR","26/04/2024 09:56","26/04/2024 13:40","0.1","DAKAR","TRUE","25.83333333","SEN","FALSE","SRFC, ACAP, NAMMCO, IWC, ICCAT","FALSE",NA,"FALSE",NA,"TRUE","100","225be91ff-f744-cd74-80d0-163ad2a6d887","228967000-225be91ff-f744-cd74-80d0-163ad2a6d887-018f19d5c498","4","4"
"F/V CORONA DEL MAR","228967000","FRA","fishing","pole_and_line","SEN","DAKAR","27/04/2024 09:49","28/04/2024 15:00","1.2","DAKAR","TRUE","29.49583333","SEN","FALSE","IWC, NAMMCO, ICCAT, SRFC, ACAP","FALSE",NA,"FALSE",NA,"TRUE","96.8","225be91ff-f744-cd74-80d0-163ad2a6d887","228967000-225be91ff-f744-cd74-80d0-163ad2a6d887-018f1ef58d00","4","4"
"F/V CORONA DEL MAR","228967000","FRA","fishing","pole_and_line","SEN","DAKAR","29/04/2024 10:03","29/04/2024 20:38","0.4","DAKAR","TRUE","43.05833333","SEN","FALSE","NAMMCO, ICCAT, SRFC, IWC, ACAP","FALSE",NA,"FALSE",NA,"TRUE","100","225be91ff-f744-cd74-80d0-163ad2a6d887","228967000-225be91ff-f744-cd74-80d0-163ad2a6d887-018f294f3968","4","4"
"F/V CORONA DEL MAR","228967000","FRA","fishing","pole_and_line","SEN","DAKAR","05/03/2024 11:28","05/03/2024 18:34","0.3","DAKAR","TRUE","71.4125","SEN","FALSE","ACAP, SRFC, NAMMCO, IWC, ICCAT","FALSE",NA,"FALSE",NA,"TRUE","100","225be91ff-f744-cd74-80d0-163ad2a6d887","228967000-225be91ff-f744-cd74-80d0-163ad2a6d887-018f3e362170","4","4"
"F/V CORONA DEL MAR","228967000","FRA","fishing","pole_and_line","SEN","DAKAR","05/05/2024 14:22","24/05/2024 21:37","19.3","DAKAR","TRUE","190.2877778",NA,"TRUE","NAMMCO, ICCAT, ACAP, IWC","FALSE",NA,"TRUE","8","TRUE","28.9","225be91ff-f744-cd74-80d0-163ad2a6d887","228967000-225be91ff-f744-cd74-80d0-163ad2a6d887-018f4922e618","4","4"
"F/V CORONA DEL MAR","228967000","FRA","fishing","pole_and_line","SEN","DAKAR","06/01/2024 11:22","22/06/2024 20:31","21.4","DAKAR","TRUE","5.620833333","SEN","FALSE","ACAP, ICCAT, SRFC, NAMMCO, IWC","FALSE",NA,"FALSE",NA,"TRUE","0.6","225be91ff-f744-cd74-80d0-163ad2a6d887","228967000-225be91ff-f744-cd74-80d0-163ad2a6d887-018fd3899400","4","4"
"F/V MONTELAPE","359003000","SLV","fishing","tuna_purse_seines","ESP","VIGO","25/05/2024 06:44","06/07/2024 15:09","13.3","DAKAR","TRUE","167.225","MRT, CPV","FALSE","NAMMCO, ICCAT, ACAP, IWC, SRFC","FALSE",NA,"TRUE","4","TRUE","49.4","ebf43c4d8-8e6a-bddd-493a-eafa2e1b4049","359003000-ebf43c4d8-8e6a-bddd-493a-eafa2e1b4049-018fae7e8fa8","4","4"
"F/V MONTELAPE","359003000","SLV","fishing","tuna_purse_seines","SEN","DAKAR","06/08/2024 12:54","30/06/2024 16:53","22.1","DAKAR","TRUE","194.2008333","CPV","TRUE","ACAP, NAMMCO, IWC, ICCAT, SRFC","FALSE",NA,"TRUE","7","TRUE","28.7","ebf43c4d8-8e6a-bddd-493a-eafa2e1b4049","359003000-ebf43c4d8-8e6a-bddd-493a-eafa2e1b4049-018ff7e9ba28","4","4"
"F/V PLAYA DE LAIDA","312257000","BLZ","fishing","tuna_purse_seines","ESP","LAS PALMAS","05/09/2024 12:45","05/12/2024 15:02","3.1","DAKAR","FALSE",NA,NA,"FALSE",NA,"FALSE",NA,"FALSE",NA,NA,"100","cb32968a9-93ec-23e7-7192-bf085ea98f2a","312257000-cb32968a9-93ec-23e7-7192-bf085ea98f2a-018f5d62b4c8","4","4"
"F/V STERENN","226180000","FRA","fishing","tuna_purse_seines","SEN","DAKAR","04/10/2024 12:45","13/05/2024 06:49","32.8","DAKAR","TRUE","192.4472222","GIN","FALSE","NAMMCO, IWC, ACAP, ICCAT, SRFC","FALSE",NA,"TRUE","3","TRUE","10.5","ec049fc02-2932-810d-f9b3-293e4eec0799","226180000-ec049fc02-2932-810d-f9b3-293e4eec0799-018ec80aa2a0","3","4"
"FU YUAN YU 372","412440267","CHN","fishing","trawlers","GIN","CONAKRY","05/12/2024 00:00","14/05/2024 03:20","2.1","DAKAR","FALSE",NA,NA,"FALSE",NA,"FALSE",NA,"FALSE",NA,"TRUE","5.8","11e2f9c75-583c-3436-271c-275c273c32a8","412440267-11e2f9c75-583c-3436-271c-275c273c32a8-018f6a19b9f0","2","3"
"FU YUAN YU 373","412440268","CHN","fishing","trawlers","GIN","CONAKRY","05/03/2024 11:32","05/05/2024 01:48","1.6","DAKAR","FALSE",NA,NA,"FALSE",NA,"FALSE",NA,"FALSE",NA,"TRUE","51.3","3e24cdb87-795c-1b60-72d5-0b1288f94e55","412440268-3e24cdb87-795c-1b60-72d5-0b1288f94e55-018f3e39bf38","4","4"
"FU YUAN YU 373","412440268","CHN","fishing","trawlers","GIN","CONAKRY","05/11/2024 20:59","14/05/2024 01:11","2.2","DAKAR","FALSE",NA,NA,"FALSE",NA,"FALSE",NA,"FALSE",NA,"TRUE","79.6","3e24cdb87-795c-1b60-72d5-0b1288f94e55","412440268-3e24cdb87-795c-1b60-72d5-0b1288f94e55-018f69742b20","4","4"
"FU YUAN YU 373","412440268","CHN","fishing","trawlers","GIN","CONAKRY","06/08/2024 13:54","06/10/2024 17:15","2.1","DAKAR","FALSE",NA,NA,"FALSE",NA,"FALSE",NA,"FALSE",NA,"TRUE","35.8","3e24cdb87-795c-1b60-72d5-0b1288f94e55","412440268-3e24cdb87-795c-1b60-72d5-0b1288f94e55-018ff820df58","3","4"
"FU YUAN YU 7852","412440814","CHN","fishing","drifting_longlines","SEN","DAKAR","06/03/2023 18:25","17/05/2024 08:00","348.5","DAKAR","TRUE","17722.91361","SEN, MRT","TRUE","NAMMCO, ACAP, IWC, SRFC, ICCAT","FALSE",NA,"TRUE","30","TRUE","89.5","a813b29d4-4f66-a145-ab5e-84e72e8dade4","412440814-a813b29d4-4f66-a145-ab5e-84e72e8dade4-0188828183d0","4","4"
"FU YUAN YU 7853","412440815","CHN","fishing","drifting_longlines","SEN","DAKAR","16/09/2023 10:11","29/05/2024 06:59","255.8","DAKAR","TRUE","12312.80194","SEN, GMB","TRUE","NAMMCO, ICCAT, IWC, SRFC, ACAP","FALSE",NA,"TRUE","22","TRUE","90.4","60cdb0f2c-c4eb-0bb6-687f-54caeeb6bd3a","412440815-60cdb0f2c-c4eb-0bb6-687f-54caeeb6bd3a-018a9d78e708","4","4"
"FU YUAN YU 7855","412440839","CHN","fishing","drifting_longlines","SEN","DAKAR","23/12/2023 16:00","24/05/2024 13:10","152.9","DAKAR","TRUE","9087.75",NA,"TRUE","IWC, ICCAT, NAMMCO, ACAP","TRUE","2","TRUE","9","TRUE","98.8","de1f0afa2-25e2-4c62-f533-e69236076a26","412440839-de1f0afa2-25e2-4c62-f533-e69236076a26-018c97680978","4","4"
"FU YUAN YU 7856","412440841","CHN","fishing","drifting_longlines","SEN","DAKAR","22/12/2023 13:45","23/05/2024 08:01","152.8","DAKAR","TRUE","7663.9625","SEN","TRUE","IWC, ICCAT, ACAP, NAMMCO, SRFC","TRUE","4","TRUE","13","TRUE","100","cb0516612-2ad9-bf4f-1a2b-f0aec3d58bbb","412440841-cb0516612-2ad9-bf4f-1a2b-f0aec3d58bbb-018c91c5da40","4","4"
"FU YUAN YU 7857","412440842","CHN","fishing","drifting_longlines","SEN","DAKAR","22/12/2023 13:41","15/06/2024 08:00","175.8","DAKAR","TRUE","8389.112222",NA,"TRUE","IWC, ICCAT, NAMMCO, ACAP","TRUE","1","TRUE","20","TRUE","94.9","37d18a147-79f8-1fdc-3e0d-2baa5b6f4631","412440842-37d18a147-79f8-1fdc-3e0d-2baa5b6f4631-018c91c2c148","4","4"
"FU YUAN YU NO.7858","412440796","CHN","fishing","drifting_longlines","SEN","DAKAR","16/12/2023 10:04","14/06/2024 12:26","181.1","DAKAR","TRUE","7863.6125","CPV","TRUE","NAMMCO, SRFC, IWC, ACAP, ICCAT","TRUE","3","TRUE","16","TRUE","66","2b3348d71-138e-ea60-d691-2e3e560e68d5","412440796-2b3348d71-138e-ea60-d691-2e3e560e68d5-018c72156530","4","4"
"FU YUAN YU7859","412440797","CHN","fishing","drifting_longlines","SEN","DAKAR","13/12/2023 15:36","06/08/2024 09:48","177.8","DAKAR","TRUE","486.0244444",NA,"TRUE","ICCAT, IWC, NAMMCO, ACAP","FALSE",NA,"TRUE","42","TRUE","14.1","8c2377963-35b8-2df4-48e3-5ce277f9a967","412440797-8c2377963-35b8-2df4-48e3-5ce277f9a967-018c63d2ab40","4","4"
"GARBOLA","225461000","ESP","support","purse_seine_support","CIV","ABIDJAN","30/03/2024 11:09","20/05/2024 05:22","50.8","DAKAR","FALSE",NA,NA,"FALSE",NA,"FALSE",NA,"FALSE",NA,"TRUE","1.8","cf930809d-da1e-0f57-d725-bee6826624ab","225461000-cf930809d-da1e-0f57-d725-bee6826624ab-018e8f0d43b8","3","4"
"GOBER CUARTO","224068180","ESP","fishing","trawlers","MRT","CANSADO","22/05/2024 21:42","25/05/2024 08:02","2.4","DAKAR","TRUE","81.07916667","SEN","FALSE","NAMMCO, IWC, ACAP, SRFC, ICCAT","FALSE",NA,"FALSE",NA,"TRUE","100","b529cea41-1fe1-7857-0b7d-0d0d1441b9c2","224068180-b529cea41-1fe1-7857-0b7d-0d0d1441b9c2-018fa2417958","4","4"
"GOBER TERCERO","224013270","ESP","fishing","trawlers","MRT","CANSADO","22/05/2024 21:09","25/05/2024 07:54","2.4","DAKAR","TRUE","87.74166667","SEN","FALSE","IWC, SRFC, ACAP, NAMMCO, ICCAT","FALSE",NA,"TRUE","1","TRUE","100","9a14ae05e-ea59-e046-aa06-068534b976aa","224013270-9a14ae05e-ea59-e046-aa06-068534b976aa-018fa2235680","4","4"
"GUOJIN901","412549196","CHN","fishing","trawlers","SEN","DAKAR","23/04/2024 20:01","05/09/2024 18:28","15.9","DAKAR","TRUE","2499.320833","SEN","FALSE","IWC, ACAP, ICCAT, NAMMCO, SRFC","FALSE",NA,"TRUE","7","TRUE","60.1","e1978b237-794c-1a7d-171c-6c11f629c154","412549196-e1978b237-794c-1a7d-171c-6c11f629c154-018f0c8c7e08","2","4"
"GUOJIN901","412549196","CHN","fishing","trawlers","SEN","DAKAR","05/09/2024 21:57","16/05/2024 23:48","7","DAKAR","TRUE","150.8458333","SEN","FALSE","ICCAT, NAMMCO, IWC, SRFC, ACAP","FALSE",NA,"TRUE","6","TRUE","31.6","e1978b237-794c-1a7d-171c-6c11f629c154","412549196-e1978b237-794c-1a7d-171c-6c11f629c154-018f5f5c65d0","4","4"
"GUOJIN901","412549196","CHN","fishing","trawlers","SEN","DAKAR","23/05/2024 04:51","06/03/2024 22:41","11.7","DAKAR","TRUE","3624.4125","SEN","FALSE","ICCAT, IWC, ACAP, SRFC, NAMMCO","FALSE",NA,"TRUE","11","TRUE","99.6","e1978b237-794c-1a7d-171c-6c11f629c154","412549196-e1978b237-794c-1a7d-171c-6c11f629c154-018fa3ca0588","4","4"
"GUOJIN901","412549196","CHN","fishing","trawlers","SEN","DAKAR","06/04/2024 17:12","29/06/2024 14:54","24.9","DAKAR","TRUE","6021.729167","SEN","FALSE","ACAP, SRFC, IWC, ICCAT, NAMMCO","FALSE",NA,"TRUE","18","TRUE","94.8","e1978b237-794c-1a7d-171c-6c11f629c154","412549196-e1978b237-794c-1a7d-171c-6c11f629c154-018fe43cc920","4","4"
"GUOJIN908","412549197","CHN","fishing","trawlers","SEN","DAKAR","21/03/2024 12:33","04/02/2024 00:12","11.5","DAKAR","TRUE","3115.258333","SEN","FALSE","ICCAT, IWC, SRFC, NAMMCO, ACAP","FALSE",NA,"FALSE",NA,"TRUE","100","b1746e808-87ff-d6f5-bd85-255ca80d9d1a","412549197-b1746e808-87ff-d6f5-bd85-255ca80d9d1a-018e6100b888","4","4"
"GUOJIN908","412549197","CHN","fishing","trawlers","SEN","DAKAR","04/02/2024 01:43","04/04/2024 18:44","2.7","DAKAR","TRUE","396.5916667","SEN","FALSE","SRFC, ICCAT, NAMMCO, ACAP, IWC","FALSE",NA,"FALSE",NA,"TRUE","100","b1746e808-87ff-d6f5-bd85-255ca80d9d1a","412549197-b1746e808-87ff-d6f5-bd85-255ca80d9d1a-018e9c7977b0","4","3"
"HAI FENG 823","412660240","CHN","carrier","carrier","GNB","BISSAU","04/07/2024 11:52","04/09/2024 05:40","1.7","DAKAR","FALSE",NA,NA,"FALSE",NA,"FALSE",NA,"TRUE","1","TRUE","100","d9b062f9d-de93-3a60-dd7c-87572c21a53b","412660240-d9b062f9d-de93-3a60-dd7c-87572c21a53b-018eb8672030","4","4"
"HAI FENG 823","412660240","CHN","carrier","carrier","GNB","BISSAU","30/04/2024 16:57","05/02/2024 07:25","1.6","DAKAR","FALSE",NA,NA,"FALSE",NA,"FALSE",NA,"FALSE",NA,"TRUE","100","d9b062f9d-de93-3a60-dd7c-87572c21a53b","412660240-d9b062f9d-de93-3a60-dd7c-87572c21a53b-018f2ff10df0","4","4"
"HAI FENG 823","412660240","CHN","carrier","carrier","GNB","BISSAU","22/05/2024 12:43","24/05/2024 00:50","1.5","DAKAR","FALSE",NA,NA,"FALSE",NA,"FALSE",NA,"FALSE",NA,"TRUE","100","d9b062f9d-de93-3a60-dd7c-87572c21a53b","412660240-d9b062f9d-de93-3a60-dd7c-87572c21a53b-018fa053a760","4","4"
"HAI FENG 823","412660240","CHN","carrier","carrier","GNB","BISSAU","13/06/2024 17:07","15/06/2024 04:42","1.5","DAKAR","FALSE",NA,NA,"FALSE",NA,"FALSE",NA,"FALSE",NA,"TRUE","100","d9b062f9d-de93-3a60-dd7c-87572c21a53b","412660240-d9b062f9d-de93-3a60-dd7c-87572c21a53b-01901291abd8","4","4"
"HAIXIN210","412201212","CHN","fishing","trawlers","COG","POINTE NOIRE","12/11/2023 03:12","04/02/2024 02:47","113","DAKAR","FALSE",NA,NA,"FALSE",NA,"FALSE",NA,"FALSE",NA,NA,NA,"e77e32382-27e9-798b-0676-1f1e77da0b4f","412201212-e77e32382-27e9-798b-0676-1f1e77da0b4f-018c56dce3b0","2","2"
"HAIXIN30","412549435","CHN","fishing","inconclusive","GNB","BISSAU","06/06/2024 13:44","28/06/2024 08:50","21.8","DAKAR","FALSE",NA,NA,"FALSE",NA,"FALSE",NA,"FALSE",NA,"TRUE","0.4","1d5831c69-9b97-f930-2ce6-f17fe72d8157","412549435-1d5831c69-9b97-f930-2ce6-f17fe72d8157-018fedcaff98","3","3"
"HAIZEA BAT","306142000","CUW","support","other","CIV","ABIDJAN","05/09/2024 08:07","06/07/2024 16:34","29.3","DAKAR","FALSE",NA,NA,"FALSE",NA,"FALSE",NA,"FALSE",NA,"TRUE","94","83524b6ef-fe68-222c-e1cf-d77531c428ab","306142000-83524b6ef-fe68-222c-e1cf-d77531c428ab-018f5c64f7c0","4","4"
"HUNG CHUAN FA","416006881","TWN","fishing","drifting_longlines","MYS","TANJUNG PELEPAS","11/05/2023 05:05","20/04/2024 05:54","167","DAKAR","TRUE","2657.255278",NA,"TRUE","ICCAT, IOTC, IWC, NAMMCO, ACAP, SEAFDEC","FALSE",NA,"TRUE","39",NA,"67.7","a37f0f7e2-2140-b353-eb0a-529b57dcf864","416006881-a37f0f7e2-2140-b353-eb0a-529b57dcf864-018b9ddf25a8","4","4"
"HUNG SHENG","416867000","TWN","fishing","drifting_longlines","SEN","DAKAR","09/07/2023 12:13","06/09/2024 09:48","275.9","DAKAR","TRUE","10423.44306",NA,"TRUE","NAMMCO, IWC, ACAP, ICCAT","FALSE",NA,"TRUE","20",NA,"47.7","bc972450a-ae8d-6baf-7d90-63eb1321ef00","416867000-bc972450a-ae8d-6baf-7d90-63eb1321ef00-018a6f902fb8","4","4"
"JAIME R","224069140","ESP","fishing","trawlers","SEN","DAKAR","13/03/2024 10:22","19/04/2024 14:09","37.1","DAKAR","TRUE","6424.427778","SEN, GNB","FALSE","ICCAT, NAMMCO, SRFC, ACAP, IWC","FALSE",NA,"TRUE","45","TRUE","73.4","c55db3f88-825c-7b5e-ea2b-90578f54ef3f","224069140-c55db3f88-825c-7b5e-ea2b-90578f54ef3f-018e3755a318","4","4"
"JAIME R","224069140","ESP","fishing","trawlers","SEN","DAKAR","23/04/2024 23:54","16/05/2024 17:17","22.7","DAKAR","TRUE","3727.058333","GNB, SEN","FALSE","ICCAT, NAMMCO, ACAP, SRFC, IWC","FALSE",NA,"TRUE","35","TRUE","77","c55db3f88-825c-7b5e-ea2b-90578f54ef3f","224069140-c55db3f88-825c-7b5e-ea2b-90578f54ef3f-018f0d622170","4","4"
"JAIME R","224069140","ESP","fishing","trawlers","SEN","DAKAR","17/05/2024 07:30","15/06/2024 09:49","29.1","DAKAR","TRUE","3771.669444","GNB, SEN","FALSE","IWC, ACAP, NAMMCO, SRFC, ICCAT","FALSE",NA,"TRUE","61","TRUE","61.7","c55db3f88-825c-7b5e-ea2b-90578f54ef3f","224069140-c55db3f88-825c-7b5e-ea2b-90578f54ef3f-018f8575e840","4","4"
"JIN SHENG NO.2","413270430","CHN","fishing","drifting_longlines","SEN","DAKAR","10/03/2023 09:56","26/04/2024 08:31","205.9","DAKAR","TRUE","10109.31722",NA,"TRUE","ICCAT, IWC, NAMMCO, ACAP","TRUE","2","TRUE","20","TRUE","98.5","f6e04ce87-7891-0f6d-2760-6f9040cde342","413270430-f6e04ce87-7891-0f6d-2760-6f9040cde342-018af4f789d0","4","3"
"JINFENG2","412549565","CHN","fishing","drifting_longlines","MYS","TANJUNG PELEPAS","31/10/2023 10:04","26/04/2024 07:42","177.9","DAKAR","TRUE","6073.122222",NA,"TRUE","IWC, NAMMCO, IOTC, SIOFA, ACAP, ICCAT, CCSBT, CCSBT-Primary-Area","TRUE","2","TRUE","14","TRUE","100","a9918df53-37f5-64cf-300f-d03cab381a91","412549565-a9918df53-37f5-64cf-300f-d03cab381a91-018b85318910","4","4"
"JOMAFRAN SEGUNDO","225995265","ESP","fishing","trawlers","SEN","DAKAR","25/03/2024 17:39","24/04/2024 16:05","29.9","DAKAR","TRUE","5777.880556","GNB","FALSE","IWC, ICCAT, ACAP, NAMMCO, SRFC","FALSE",NA,"FALSE",NA,"TRUE","99.5","cbd74e07f-fa3d-b182-eee3-802733bc5d5e","225995265-cbd74e07f-fa3d-b182-eee3-802733bc5d5e-018e76b26aa0","4","4"
"KAO FONG NO8","416331000","TWN","fishing","drifting_longlines","SEN","DAKAR","02/09/2024 21:48","28/06/2024 05:55","139.3","DAKAR","TRUE","6505.926944","SEN","TRUE","ACAP, NAMMCO, SRFC, IWC, ICCAT","TRUE","1","TRUE","16","TRUE","91.8","016f8eeff-f841-a1c3-3504-4135810656b9","416331000-016f8eeff-f841-a1c3-3504-4135810656b9-018d8fd816c0","4","3"
"KAO FONG NO817","416146700","TWN","fishing","drifting_longlines","SEN","DAKAR","15/01/2024 10:28","27/06/2024 06:40","163.8","DAKAR","TRUE","741.42",NA,"TRUE","ICCAT, NAMMCO, ACAP, IWC","FALSE",NA,"TRUE","64","TRUE","45.6","5dd0ef1b1-15ce-86c3-e7de-d27d2f134aff","416146700-5dd0ef1b1-15ce-86c3-e7de-d27d2f134aff-018d0caa6898","4","3"
"LA PINTA R","224175000","ESP","fishing","trawlers","SEN","DAKAR","29/02/2024 21:25","04/01/2024 05:22","31.3","DAKAR","TRUE","8200.465278","GNB, SEN","FALSE","ACAP, IWC, NAMMCO, ICCAT, SRFC","FALSE",NA,"TRUE","6","TRUE","100","c17075854-49bb-6c86-ad25-6b9f2d6f6ddd","224175000-c17075854-49bb-6c86-ad25-6b9f2d6f6ddd-018df6c1e230","4","4"
"LA PINTA R","224175000","ESP","fishing","trawlers","SEN","DAKAR","04/03/2024 17:59","18/04/2024 20:42","15.1","DAKAR","TRUE","5924.513889","GNB, SEN","FALSE","SRFC, NAMMCO, IWC, ICCAT, ACAP","FALSE",NA,"TRUE","1","TRUE","97.3","c17075854-49bb-6c86-ad25-6b9f2d6f6ddd","224175000-c17075854-49bb-6c86-ad25-6b9f2d6f6ddd-018ea51e01d8","4","4"
"LA PINTA R","224175000","ESP","fishing","trawlers","SEN","DAKAR","24/04/2024 11:37","29/04/2024 21:21","5.4","DAKAR","TRUE","1729.798611","GNB, SEN","FALSE","ICCAT, NAMMCO, IWC, SRFC, ACAP","FALSE",NA,"TRUE","3","TRUE","96.9","c17075854-49bb-6c86-ad25-6b9f2d6f6ddd","224175000-c17075854-49bb-6c86-ad25-6b9f2d6f6ddd-018f0fe5bf10","4","4"
"LA PINTA R","224175000","ESP","fishing","trawlers","SEN","DAKAR","05/07/2024 18:33","05/08/2024 21:53","1.1","DAKAR","FALSE",NA,NA,"FALSE",NA,"FALSE",NA,"FALSE",NA,"TRUE","100","c17075854-49bb-6c86-ad25-6b9f2d6f6ddd","224175000-c17075854-49bb-6c86-ad25-6b9f2d6f6ddd-018f5454e568","4","4"
"LA PINTA R","224175000","ESP","fishing","trawlers","SEN","DAKAR","05/12/2024 16:38","16/05/2024 17:18","4","DAKAR","TRUE","920.5833333","SEN, GNB","FALSE","NAMMCO, SRFC, ICCAT, ACAP, IWC","FALSE",NA,"TRUE","2","TRUE","98","c17075854-49bb-6c86-ad25-6b9f2d6f6ddd","224175000-c17075854-49bb-6c86-ad25-6b9f2d6f6ddd-018f6daba6c8","4","4"
"LA PINTA R","224175000","ESP","fishing","trawlers","SEN","DAKAR","23/05/2024 12:29","15/06/2024 12:26","23","DAKAR","TRUE","11710.65","GNB, SEN","FALSE","SRFC, NAMMCO, IWC, ACAP, ICCAT","FALSE",NA,"TRUE","5","TRUE","80.5","c17075854-49bb-6c86-ad25-6b9f2d6f6ddd","224175000-c17075854-49bb-6c86-ad25-6b9f2d6f6ddd-018fa56d97b0","4","4"
"LIAO YUAN YU 99","413201110","CHN","fishing","drifting_longlines","SEN","DAKAR","13/01/2024 18:26","04/03/2024 11:59","80.7","DAKAR","TRUE","147.1988889",NA,"TRUE","ACAP, ICCAT, IWC, NAMMCO","FALSE",NA,"TRUE","46","TRUE","56.7","cb0df71f9-918a-ca7a-8d04-3221f45b4f2e","413201110-cb0df71f9-918a-ca7a-8d04-3221f45b4f2e-018d04133c50","4","4"
"LU QING YUAN YU 023","412331029","CHN","fishing","drifting_longlines","SEN","DAKAR","10/07/2023 09:53","05/02/2024 20:27","208.4","DAKAR","TRUE","9.0675",NA,"TRUE","ICCAT, ACAP, IWC","FALSE",NA,"TRUE","29","TRUE","4.2","3fd19bf6d-d53e-28d2-2650-c9b8b3f9120c","412331029-3fd19bf6d-d53e-28d2-2650-c9b8b3f9120c-018b098edad8","4","4"
"LU QING YUAN YU 057","412331135","CHN","fishing","trawlers","SEN","DAKAR","27/03/2024 01:00","16/04/2024 18:53","20.7","DAKAR","FALSE",NA,NA,"FALSE",NA,"FALSE",NA,"FALSE",NA,"TRUE","71","a3fdbd55a-a6f5-36d3-8bc4-ed7d833c3532","412331135-a3fdbd55a-a6f5-36d3-8bc4-ed7d833c3532-018e7d6ca928","4","4"
"LU QING YUAN YU 057","412331135","CHN","fishing","trawlers","SEN","DAKAR","20/04/2024 06:11","24/05/2024 10:05","34.1","DAKAR","FALSE",NA,NA,"FALSE",NA,"FALSE",NA,"FALSE",NA,"TRUE","49.9","a3fdbd55a-a6f5-36d3-8bc4-ed7d833c3532","412331135-a3fdbd55a-a6f5-36d3-8bc4-ed7d833c3532-018efa21c160","4","4"
"LUQINGYUAN021","412331027","CHN","fishing","drifting_longlines","SEN","DAKAR","16/11/2023 09:55","05/10/2024 07:27","175.9","DAKAR","TRUE","5240.545","SEN","TRUE","NAMMCO, ACAP, IWC, ICCAT, SRFC","TRUE","2","TRUE","15","TRUE","64.1","c8d692d98-8481-70ad-9b44-c51d7ae38f5f","412331027-c8d692d98-8481-70ad-9b44-c51d7ae38f5f-018bd78f0bb0","4","4"
"LUQINGYUANYU 026","412331031","CHN","fishing","drifting_longlines","SEN","DAKAR","13/11/2023 08:21","16/05/2024 14:49","185.3","DAKAR","TRUE","3199.808333",NA,"TRUE","ACAP, IWC, ICCAT","FALSE",NA,"TRUE","55","TRUE","51.1","9a9b72c4f-f07e-a0c8-9381-3bf9e2c04cdb","412331031-9a9b72c4f-f07e-a0c8-9381-3bf9e2c04cdb-018bc7c530d8","4","4"
"KIRSA 058","412331136","RUS","fishing","trawlers","GNB","BISSAU","15/04/2024 16:50","28/04/2024 02:35","12.4","DAKAR","TRUE","350.3444444","GNB","FALSE","NAMMCO, IWC, ICCAT, SRFC, ACAP","FALSE",NA,"FALSE",NA,"TRUE","31.8","8bdc35cd8-8f3e-0f61-aa7d-59737997061a","412331136-8bdc35cd8-8f3e-0f61-aa7d-59737997061a-018ee2ab4538","3","4"
"KIRSA 058","412331136","RUS","fishing","trawlers","SEN","DAKAR","05/04/2024 19:49","31/05/2024 03:14","26.3","DAKAR","TRUE","802.1472222","GNB","FALSE","SRFC, ACAP, NAMMCO, IWC, ICCAT","FALSE",NA,"FALSE",NA,"TRUE","32.1","8bdc35cd8-8f3e-0f61-aa7d-59737997061a","412331136-8bdc35cd8-8f3e-0f61-aa7d-59737997061a-018f45276200","4","4"
"LUQINGYUANYU56","412331134","CHN","fishing","trawlers","GNB","BISSAU","14/05/2024 18:25","06/10/2024 09:39","26.6","DAKAR","TRUE","3022.695833","GNB, SEN","FALSE","ACAP, IWC, ICCAT, NAMMCO, SRFC","FALSE",NA,"TRUE","21","TRUE","64.4","e39f4d444-4c14-f1eb-2aa6-38eb42180ae9","412331134-e39f4d444-4c14-f1eb-2aa6-38eb42180ae9-018f785a2608","4","4"
"MONTECELO","359102000","SLV","fishing","tuna_purse_seines","CIV","ABIDJAN","24/04/2024 08:11","21/05/2024 17:48","27.4","DAKAR","TRUE","871.8230556","GIN, GNB, LBR","TRUE","ICCAT, ACAP, FCWC, SRFC, NAMMCO, IWC","FALSE",NA,"TRUE","11","TRUE","36.3","4bb1068b0-07b4-134f-87ed-a7ea92c038e9","359102000-4bb1068b0-07b4-134f-87ed-a7ea92c038e9-018f0f289160","4","4"
"MONTECELO","359102000","SLV","fishing","tuna_purse_seines","SEN","DAKAR","28/05/2024 22:14","29/06/2024 08:57","31.4","DAKAR","TRUE","160.0875","MRT, CPV","FALSE","IWC, SRFC, ACAP, NAMMCO, ICCAT","FALSE",NA,"TRUE","3","TRUE","5.2","4bb1068b0-07b4-134f-87ed-a7ea92c038e9","359102000-4bb1068b0-07b4-134f-87ed-a7ea92c038e9-018fc144a320","4","4"
"MONTEFRISA NUEVE","359101000","SLV","fishing","tuna_purse_seines","CIV","ABIDJAN","03/09/2024 09:54","15/04/2024 13:55","37.2","DAKAR","TRUE","196.6475","GNB, CIV","TRUE","ACAP, ICCAT, IWC, SRFC, NAMMCO, FCWC","FALSE",NA,"TRUE","4","TRUE","6","a812d4320-0608-5ad0-1929-d5206eda123a","359101000-a812d4320-0608-5ad0-1929-d5206eda123a-018e22a2dad0","4","4"
"MONTERAIOLA","224742000","ESP","fishing","tuna_purse_seines","CIV","ABIDJAN","03/11/2024 19:42","04/11/2024 04:20","30.3","DAKAR","TRUE","78.49333333",NA,"TRUE","ICCAT, ACAP, NAMMCO, IWC","FALSE",NA,"TRUE","2","TRUE","12.7","c44bf0cee-e97e-f9c4-3c32-97d90554b144","224742000-c44bf0cee-e97e-f9c4-3c32-97d90554b144-018e2f096668","4","4"
"MONTERAIOLA","224742000","ESP","fishing","tuna_purse_seines","SEN","DAKAR","15/04/2024 09:21","25/05/2024 14:23","40.2","DAKAR","TRUE","1336.388889","GNB, SLE, SEN, GIN","FALSE","ICCAT, ACAP, NAMMCO, SRFC, IWC","FALSE",NA,"TRUE","17","TRUE","30.2","c44bf0cee-e97e-f9c4-3c32-97d90554b144","224742000-c44bf0cee-e97e-f9c4-3c32-97d90554b144-018ee10f8310","4","4"
"LU QING YUAN YU 027","412331032","CHN","fishing","drifting_longlines","GHA","TEMA","17/04/2024 16:27","05/06/2024 06:28","18.6","DAKAR","TRUE","18.75666667",NA,"TRUE","ACAP, IWC, ICCAT, NAMMCO","FALSE",NA,"TRUE","1","TRUE","25.1","f37ebdc1b-be44-0740-7904-49397360e29d","412331032-f37ebdc1b-be44-0740-7904-49397360e29d-018eece2c788","4","4"
"PEIX MAR VEINTINUEVE","224372000","ESP","fishing","trawlers","SEN","DAKAR","23/03/2024 16:13","05/05/2024 07:12","42.6","DAKAR","TRUE","7055.488889","SEN, GNB","FALSE","IWC, ICCAT, NAMMCO, ACAP, SRFC","FALSE",NA,"TRUE","3","TRUE","80.5","0e7b1acdf-f7c8-f125-35fc-f22f72aa558d","224372000-0e7b1acdf-f7c8-f125-35fc-f22f72aa558d-018e6c1661f0","4","4"
"PEIX MAR VEINTINUEVE","224372000","ESP","fishing","trawlers","SEN","DAKAR","05/07/2024 20:19","15/06/2024 05:14","38.3","DAKAR","TRUE","14385.05694","GNB, SEN","FALSE","NAMMCO, IWC, ICCAT, SRFC, ACAP","FALSE",NA,"TRUE","1","TRUE","100","0e7b1acdf-f7c8-f125-35fc-f22f72aa558d","224372000-0e7b1acdf-f7c8-f125-35fc-f22f72aa558d-018f54b5aec0","4","3"
"PEIX MAR VEINTIOCHO","224275000","ESP","fishing","trawlers","SEN","DAKAR","22/03/2024 19:12","05/05/2024 07:16","43.5","DAKAR","TRUE","6797.104167","SEN, GMB, GNB","FALSE","IWC, NAMMCO, ICCAT, SRFC, ACAP","FALSE",NA,"TRUE","4","TRUE","78.8","f838ed30c-cd84-c08a-815c-57b587afac9d","224275000-f838ed30c-cd84-c08a-815c-57b587afac9d-018e67940a38","4","4"
"PEIX MAR VEINTIOCHO","224275000","ESP","fishing","trawlers","SEN","DAKAR","05/07/2024 20:13","15/06/2024 05:11","38.3","DAKAR","TRUE","21448.4875","GNB, SEN","FALSE","ICCAT, NAMMCO, ACAP, SRFC, IWC","FALSE",NA,"TRUE","1","TRUE","99.5","f838ed30c-cd84-c08a-815c-57b587afac9d","224275000-f838ed30c-cd84-c08a-815c-57b587afac9d-018f54b0e818","4","3"
"PILAR TORRE","224896000","ESP","fishing","pole_and_line","SEN","DAKAR","05/01/2024 20:17","05/05/2024 09:02","3.5","DAKAR","TRUE","213.9083333","SEN","FALSE","IWC, ACAP, NAMMCO, SRFC, ICCAT","FALSE",NA,"FALSE",NA,"TRUE","45.3","b8f7f1240-0e98-18c8-b3c7-9b5c0d818d7b","224896000-b8f7f1240-0e98-18c8-b3c7-9b5c0d818d7b-018f35ce65b0","4","3"
"PILAR TORRE","224896000","ESP","fishing","pole_and_line","SEN","DAKAR","31/05/2024 12:47","31/05/2024 17:33","0.2","DAKAR","TRUE","58.1125","SEN","FALSE","ICCAT, SRFC, NAMMCO, IWC, ACAP","FALSE",NA,"FALSE",NA,"TRUE","100","b8f7f1240-0e98-18c8-b3c7-9b5c0d818d7b","224896000-b8f7f1240-0e98-18c8-b3c7-9b5c0d818d7b-018fceb130f0","3","4"
"PILAR TORRE","224896000","ESP","fishing","pole_and_line","SEN","DAKAR","06/04/2024 18:54","18/06/2024 15:25","13.8","DAKAR","FALSE",NA,NA,"FALSE",NA,"FALSE",NA,"FALSE",NA,"TRUE","0.3","b8f7f1240-0e98-18c8-b3c7-9b5c0d818d7b","224896000-b8f7f1240-0e98-18c8-b3c7-9b5c0d818d7b-018fe49a6dc8","3","4"
"PITUFO","312344000","BLZ","fishing","drifting_longlines","CPV","MINDELO","05/10/2024 13:39","13/05/2024 07:58","2.8","DAKAR","FALSE",NA,NA,"FALSE",NA,"FALSE",NA,"FALSE",NA,NA,"100","5927419b0-055b-463c-c1b7-83e4c912e74b","312344000-5927419b0-055b-463c-c1b7-83e4c912e74b-018f62bb4458","4","4"
"PLAYA DE NOJA","224531000","ESP","fishing","tuna_purse_seines","CPV","MINDELO","05/12/2024 14:39","14/05/2024 21:42","2.3","DAKAR","TRUE","9.502777778","CPV","FALSE","NAMMCO, ACAP, SRFC, ICCAT, IWC","FALSE",NA,"FALSE",NA,"TRUE","100","472962590-0e8b-947d-3f92-4a00e908d511","224531000-472962590-0e8b-947d-3f92-4a00e908d511-018f6d3e4e98","4","3"
"RELEIXO","224706000","ESP","fishing","trawlers","SEN","DAKAR","21/03/2024 08:36","14/04/2024 06:39","23.9","DAKAR","TRUE","4274.526389","GNB, SEN","FALSE","ICCAT, ACAP, SRFC, NAMMCO, IWC","FALSE",NA,"TRUE","12","TRUE","73","558a18907-7f2e-104c-9b70-4dedcc92675b","224706000-558a18907-7f2e-104c-9b70-4dedcc92675b-018e6027b5d8","4","4"
"RELEIXO","224706000","ESP","fishing","trawlers","SEN","DAKAR","17/04/2024 14:34","05/08/2024 06:00","20.6","DAKAR","TRUE","2915.376389","SEN, GNB","FALSE","IWC, NAMMCO, ICCAT, ACAP, SRFC","FALSE",NA,"TRUE","3","TRUE","32","558a18907-7f2e-104c-9b70-4dedcc92675b","224706000-558a18907-7f2e-104c-9b70-4dedcc92675b-018eec7addf8","4","4"
"RELEIXO","224706000","ESP","fishing","trawlers","SEN","DAKAR","05/11/2024 14:09","06/07/2024 05:45","26.6","DAKAR","TRUE","381.8347222","GNB, SEN","FALSE","SRFC, ICCAT, NAMMCO, IWC, ACAP","FALSE",NA,"TRUE","2","TRUE","12.2","558a18907-7f2e-104c-9b70-4dedcc92675b","224706000-558a18907-7f2e-104c-9b70-4dedcc92675b-018f67fd07f8","4","3"
"RIODOMAR CUARTO","224009000","ESP","fishing","trawlers","MRT","CANSADO","04/09/2024 08:38","04/11/2024 08:08","2","DAKAR","FALSE",NA,NA,"FALSE",NA,"FALSE",NA,"FALSE",NA,"TRUE","100","f98e773d9-9f32-9ebb-15d9-21c905db40b0","224009000-f98e773d9-9f32-9ebb-15d9-21c905db40b0-018ec20208a8","4","4"
"RIODOMAR QUINTO","224394000","ESP","fishing","trawlers","MRT","CANSADO","04/09/2024 08:41","04/11/2024 08:22","2","DAKAR","FALSE",NA,NA,"FALSE",NA,"FALSE",NA,"FALSE",NA,"TRUE","100","4a0a5f1e2-200f-d3b6-8e90-73874b930291","224394000-4a0a5f1e2-200f-d3b6-8e90-73874b930291-018ec2048d30","4","4"
"RUITAIFENG88","412217977","CHN","carrier","carrier","GIN","CONAKRY","19/04/2024 15:25","21/04/2024 18:33","2.1","DAKAR","FALSE",NA,NA,"FALSE",NA,"FALSE",NA,"FALSE",NA,"TRUE","100","1ad0c9598-8f03-b516-5ded-51f5a32ad0e9","412217977-1ad0c9598-8f03-b516-5ded-51f5a32ad0e9-018ef6f6b090","4","4"
"RUITAIFENG88","412217977","CHN","carrier","carrier","GIN","CONAKRY","06/04/2024 09:56","06/06/2024 13:23","2.1","DAKAR","FALSE",NA,NA,"FALSE",NA,"FALSE",NA,"FALSE",NA,"TRUE","100","1ad0c9598-8f03-b516-5ded-51f5a32ad0e9","412217977-1ad0c9598-8f03-b516-5ded-51f5a32ad0e9-018fe2ad6ad8","4","4"
"LU QING YUAN YU 022","412331028","CHN","fishing","drifting_longlines","CIV","ABIDJAN","12/06/2023 18:25","14/05/2024 06:58","159.5","DAKAR","TRUE","41.83916667",NA,"TRUE","IWC, ACAP, ICCAT","FALSE",NA,"TRUE","53","TRUE","13","808c0e489-9ae4-4976-9d72-ef1dff4af96c","412331028-808c0e489-9ae4-4976-9d72-ef1dff4af96c-018c4060cd18","4","4"
"SANTO DO MAR","224387000","ESP","fishing","trawlers","SEN","DAKAR","22/03/2024 19:24","05/05/2024 06:00","43.4","DAKAR","TRUE","12007.00972","SEN, GNB","FALSE","ICCAT, NAMMCO, ACAP, SRFC, IWC","FALSE",NA,"TRUE","1","TRUE","97.4","256e38fc3-3be3-b3ab-3774-d471c95c930a","224387000-256e38fc3-3be3-b3ab-3774-d471c95c930a-018e679f1270","4","4"
"SANTO DO MAR","224387000","ESP","fishing","trawlers","SEN","DAKAR","05/10/2024 03:44","26/05/2024 16:38","16.5","DAKAR","TRUE","2529.977778","GNB, SEN","FALSE","ICCAT, ACAP, IWC, NAMMCO, SRFC","FALSE",NA,"TRUE","4","TRUE","86.2","256e38fc3-3be3-b3ab-3774-d471c95c930a","224387000-256e38fc3-3be3-b3ab-3774-d471c95c930a-018f609a8738","4","4"
"SANTO DO MAR","224387000","ESP","fishing","trawlers","SEN","DAKAR","27/05/2024 20:27","16/06/2024 12:25","19.6","DAKAR","TRUE","3929.516667","GNB, SEN","FALSE","ICCAT, ACAP, NAMMCO, IWC, SRFC","FALSE",NA,"FALSE",NA,"TRUE","100","256e38fc3-3be3-b3ab-3774-d471c95c930a","224387000-256e38fc3-3be3-b3ab-3774-d471c95c930a-018fbbbcd1e8","4","4"
"SANTO DO MAR","224387000","ESP","fishing","trawlers","GMB","BANJUL","20/06/2024 21:07","25/06/2024 15:08","4.8","DAKAR","TRUE","952.6277778","GMB","FALSE","ICCAT, IWC, SRFC, ACAP, NAMMCO","FALSE",NA,"FALSE",NA,"TRUE","100","256e38fc3-3be3-b3ab-3774-d471c95c930a","224387000-256e38fc3-3be3-b3ab-3774-d471c95c930a-01903779c6b0","4","4"
"SEA FRONTIER","632001009","GIN","fishing","tuna_purse_seines","SEN","DAKAR","04/01/2024 11:02","20/04/2024 08:17","18.9","DAKAR","TRUE","19.21666667","SEN, GIN","FALSE","ACAP, IWC, SRFC, ICCAT, NAMMCO","FALSE",NA,"FALSE",NA,"TRUE","10.1","d2b4fe93a-aff7-7fee-8f10-183fa04a6252","632001009-d2b4fe93a-aff7-7fee-8f10-183fa04a6252-018e995377c0","4","4"
"SEA FRONTIER","632001009","GIN","fishing","tuna_purse_seines","SEN","DAKAR","24/04/2024 08:21","24/05/2024 16:39","30.3","DAKAR","FALSE",NA,NA,"FALSE",NA,"FALSE",NA,"FALSE",NA,"TRUE","5.3","d2b4fe93a-aff7-7fee-8f10-183fa04a6252","632001009-d2b4fe93a-aff7-7fee-8f10-183fa04a6252-018f0f3241d8","4","4"
"SH","412340010","CHN","fishing","drifting_longlines","ZAF","CAPE TOWN","11/06/2021 12:01","30/05/2024 11:22","936","DAKAR","FALSE",NA,NA,"FALSE",NA,"FALSE",NA,"FALSE",NA,"TRUE","4.1","50dca23a5-5964-3c90-250b-4bb4583f1432","412340010-50dca23a5-5964-3c90-250b-4bb4583f1432-017cf51fafb8","2","4"
"TIANG EI HU","412209083","CHN","fishing","fishing","GNB","BISSAU","16/04/2024 10:27","22/04/2024 13:13","6.1","DAKAR","TRUE","19.175","GNB","FALSE","NAMMCO, ICCAT, IWC, SRFC, ACAP","FALSE",NA,"TRUE","6","TRUE","30.4","364511e7e-ec82-68e9-2702-2ec05725207d","412209083-364511e7e-ec82-68e9-2702-2ec05725207d-018ee672bd18","2","3"
"TIANG EI HU","412209083","CHN","fishing","fishing","SEN","DAKAR","22/04/2024 20:07","21/05/2024 20:36","29","DAKAR","TRUE","1710.095833","SEN, GNB","FALSE","ACAP, ICCAT, SRFC, NAMMCO, IWC","FALSE",NA,"TRUE","21","TRUE","30","364511e7e-ec82-68e9-2702-2ec05725207d","412209083-364511e7e-ec82-68e9-2702-2ec05725207d-018f076bb7b8","3","4"
"TIANG EI HU","412209083","CHN","fishing","fishing","SEN","DAKAR","25/05/2024 17:31","06/06/2024 12:58","11.8","DAKAR","TRUE","125.9583333","SEN, GNB","FALSE","IWC, ICCAT, ACAP, SRFC, NAMMCO","FALSE",NA,"TRUE","4","TRUE","14.4","364511e7e-ec82-68e9-2702-2ec05725207d","412209083-364511e7e-ec82-68e9-2702-2ec05725207d-018fb0ce7318","4","4"
"WESTERO","266011000","SWE","fishing","trawlers","SEN","DAKAR","23/02/2024 13:42","17/04/2024 10:39","53.8","DAKAR","TRUE","1835.597222","SEN, GMB","FALSE","ACAP, ICCAT, IWC, NAMMCO, SRFC","FALSE",NA,"TRUE","3","TRUE","34.2","c65c0e5a3-38e1-fce8-013c-b5ae997aa5b2","266011000-c65c0e5a3-38e1-fce8-013c-b5ae997aa5b2-018dd633cad8","3","3"
"WESTERO","266011000","SWE","fishing","trawlers","SEN","DAKAR","18/04/2024 22:21","25/04/2024 01:15","6.1","DAKAR","TRUE","703.5416667","GMB","FALSE","NAMMCO, ICCAT, ACAP, IWC, SRFC","FALSE",NA,"TRUE","2","TRUE","63.5","c65c0e5a3-38e1-fce8-013c-b5ae997aa5b2","266011000-c65c0e5a3-38e1-fce8-013c-b5ae997aa5b2-018ef34cbf48","3","4"
"WESTERO","266011000","SWE","fishing","trawlers","SEN","DAKAR","27/04/2024 00:11","05/04/2024 02:37","7.1","DAKAR","TRUE","1048.575","GMB","FALSE","IWC, ICCAT, ACAP, SRFC, NAMMCO","FALSE",NA,"TRUE","6","TRUE","78.4","c65c0e5a3-38e1-fce8-013c-b5ae997aa5b2","266011000-c65c0e5a3-38e1-fce8-013c-b5ae997aa5b2-018f1ce448d0","4","4"
"WESTERO","266011000","SWE","fishing","trawlers","SEN","DAKAR","05/10/2024 00:31","16/05/2024 07:06","6.3","DAKAR","TRUE","1292.188889","GMB","FALSE","NAMMCO, SRFC, ICCAT, IWC, ACAP","FALSE",NA,"FALSE",NA,"TRUE","100","c65c0e5a3-38e1-fce8-013c-b5ae997aa5b2","266011000-c65c0e5a3-38e1-fce8-013c-b5ae997aa5b2-018f5fe92510","4","4"
"WESTERO","266011000","SWE","fishing","trawlers","SEN","DAKAR","17/05/2024 22:29","26/05/2024 18:01","8.8","DAKAR","TRUE","3723.722222","SEN, GMB","FALSE","NAMMCO, SRFC, ACAP, ICCAT, IWC","FALSE",NA,"TRUE","1","TRUE","100","c65c0e5a3-38e1-fce8-013c-b5ae997aa5b2","266011000-c65c0e5a3-38e1-fce8-013c-b5ae997aa5b2-018f88ac4798","4","4"
"WESTERO","266011000","SWE","fishing","trawlers","SEN","DAKAR","06/02/2024 01:34","06/10/2024 05:48","8.2","DAKAR","TRUE","1696.380556","GMB","FALSE","NAMMCO, ACAP, IWC, ICCAT, SRFC","FALSE",NA,"FALSE",NA,"TRUE","97.5","c65c0e5a3-38e1-fce8-013c-b5ae997aa5b2","266011000-c65c0e5a3-38e1-fce8-013c-b5ae997aa5b2-018fd6956ca0","4","4"
"WESTERO","266011000","SWE","fishing","trawlers","SEN","DAKAR","06/12/2024 20:20","19/06/2024 06:15","6.4","DAKAR","TRUE","2773.784722","SEN, GMB","FALSE","ICCAT, ACAP, SRFC, NAMMCO, IWC","FALSE",NA,"FALSE",NA,"TRUE","100","c65c0e5a3-38e1-fce8-013c-b5ae997aa5b2","266011000-c65c0e5a3-38e1-fce8-013c-b5ae997aa5b2-01900e1bd740","4","3"
"WESTERO","266011000","SWE","fishing","trawlers","SEN","DAKAR","19/06/2024 20:21","29/06/2024 05:40","9.4","DAKAR","TRUE","1244.947222","GMB, SEN","FALSE","ACAP, NAMMCO, SRFC, IWC, ICCAT","FALSE",NA,"TRUE","2","TRUE","61.9","c65c0e5a3-38e1-fce8-013c-b5ae997aa5b2","266011000-c65c0e5a3-38e1-fce8-013c-b5ae997aa5b2-019032293600","3","3"
"YANGMIN8002","412209196","CHN","fishing","trawlers","SEN","DAKAR","27/03/2024 22:17","04/11/2024 07:42","14.4","DAKAR","TRUE","721.1069444","SEN, GNB","FALSE","ICCAT, NAMMCO, SRFC, ACAP, IWC","FALSE",NA,"TRUE","9","TRUE","23","f23a6145b-bb7f-8e7e-5c7e-61a9e335f577","412209196-f23a6145b-bb7f-8e7e-5c7e-61a9e335f577-018e81fdaac8","4","4"
"YANGMIN8002","412209196","CHN","fishing","trawlers","SEN","DAKAR","04/12/2024 13:11","30/04/2024 20:29","18.3","DAKAR","TRUE","951","SEN, GNB","FALSE","NAMMCO, ICCAT, ACAP, IWC, SRFC","FALSE",NA,"TRUE","5","TRUE","25.9","f23a6145b-bb7f-8e7e-5c7e-61a9e335f577","412209196-f23a6145b-bb7f-8e7e-5c7e-61a9e335f577-018ed26f3800","4","3"
"YANGMIN8002","412209196","CHN","fishing","trawlers","SEN","DAKAR","05/01/2024 16:50","17/05/2024 18:01","16","DAKAR","TRUE","5018.043056","SEN, GNB","FALSE","SRFC, IWC, ICCAT, ACAP, NAMMCO","FALSE",NA,"TRUE","1","TRUE","87.1","f23a6145b-bb7f-8e7e-5c7e-61a9e335f577","412209196-f23a6145b-bb7f-8e7e-5c7e-61a9e335f577-018f35107c80","3","4"
"YANGMIN8002","412209196","CHN","fishing","trawlers","SEN","DAKAR","18/05/2024 20:47","06/08/2024 18:04","20.9","DAKAR","TRUE","1985.358333","GNB, SEN","FALSE","ACAP, SRFC, NAMMCO, ICCAT, IWC","FALSE",NA,"TRUE","14","TRUE","52.3","f23a6145b-bb7f-8e7e-5c7e-61a9e335f577","412209196-f23a6145b-bb7f-8e7e-5c7e-61a9e335f577-018f8d754d10","4","4"
"YANGMING8001","412209195","CHN","fishing","trawlers","SEN","DAKAR","04/02/2024 12:31","13/04/2024 06:31","10.8","DAKAR","FALSE",NA,NA,"FALSE",NA,"FALSE",NA,"TRUE","1","TRUE","3.9","a8625c39a-a471-45c0-218d-12f3cb9b5706","412209195-a8625c39a-a471-45c0-218d-12f3cb9b5706-018e9ecb1488","4","4"
"YANGMING8001","412209195","CHN","fishing","trawlers","SEN","DAKAR","14/04/2024 16:09","28/04/2024 08:16","13.7","DAKAR","TRUE","61.85416667","GNB, SEN","FALSE","NAMMCO, ICCAT, SRFC, IWC, ACAP","FALSE",NA,"TRUE","3","TRUE","8.8","a8625c39a-a471-45c0-218d-12f3cb9b5706","412209195-a8625c39a-a471-45c0-218d-12f3cb9b5706-018edd5ecf50","4","4"
"YANGMING8001","412209195","CHN","fishing","trawlers","SEN","DAKAR","08/02/2023 19:12","16/05/2024 03:46","287.3","DAKAR","FALSE",NA,NA,"FALSE",NA,"FALSE",NA,"FALSE",NA,"TRUE","0.1","5850431f5-5a2f-346e-e31c-ce77a7a5c2ad","412209195-5850431f5-5a2f-346e-e31c-ce77a7a5c2ad-0189b7aa1788","3","4"
"YANGMING8001","412209195","CHN","fishing","trawlers","SEN","DAKAR","30/04/2024 12:13","06/05/2024 16:20","36.2","DAKAR","TRUE","18.34722222","GNB","FALSE","IWC, ACAP, SRFC, NAMMCO, ICCAT","FALSE",NA,"TRUE","1","TRUE","4.8","a8625c39a-a471-45c0-218d-12f3cb9b5706","412209195-a8625c39a-a471-45c0-218d-12f3cb9b5706-018f2eeca5e0","4","3"
"YANGMING8001","412209195","CHN","fishing","trawlers","SEN","DAKAR","06/05/2024 18:55","26/06/2024 04:38","20.4","DAKAR","FALSE",NA,NA,"FALSE",NA,"FALSE",NA,"FALSE",NA,"TRUE","1","a8625c39a-a471-45c0-218d-12f3cb9b5706","412209195-a8625c39a-a471-45c0-218d-12f3cb9b5706-018fe9c20248","3","3"
"YANGMING8005","412209197","CHN","fishing","trawlers","SEN","DAKAR","05/09/2024 14:55","06/06/2024 16:30","28","DAKAR","FALSE",NA,NA,"FALSE",NA,"FALSE",NA,"FALSE",NA,"TRUE","0.3","0069639f1-1b76-f441-db80-7bd4d6f7f9e2","412209197-0069639f1-1b76-f441-db80-7bd4d6f7f9e2-018f5dda3e58","3","3"
"YANGMING8006","412209198","CHN","fishing","trawlers","SEN","DAKAR","18/03/2024 14:43","04/01/2024 05:41","13.6","DAKAR","TRUE","4954.870833","SEN, GNB, GMB","FALSE","ACAP, NAMMCO, SRFC, ICCAT, IWC","FALSE",NA,"TRUE","4","TRUE","100","053be272f-f82e-093f-d86c-862ba01b963d","412209198-053be272f-f82e-093f-d86c-862ba01b963d-018e52045358","4","4"
"YANGMING8006","412209198","CHN","fishing","trawlers","SEN","DAKAR","04/03/2024 17:34","18/04/2024 16:01","14.9","DAKAR","TRUE","5874.902778","GNB, SEN","FALSE","ICCAT, NAMMCO, IWC, ACAP, SRFC","FALSE",NA,"TRUE","9","TRUE","90.3","053be272f-f82e-093f-d86c-862ba01b963d","412209198-053be272f-f82e-093f-d86c-862ba01b963d-018ea5070af0","4","4"
"YANGMING8006","412209198","CHN","fishing","trawlers","SEN","DAKAR","19/04/2024 23:52","05/04/2024 04:40","14.2","DAKAR","TRUE","2640.265278","SEN, GNB","FALSE","IWC, ICCAT, ACAP, NAMMCO, SRFC","FALSE",NA,"TRUE","5","TRUE","82.7","053be272f-f82e-093f-d86c-862ba01b963d","412209198-053be272f-f82e-093f-d86c-862ba01b963d-018ef8c64840","4","3"
"YANGMING8006","412209198","CHN","fishing","trawlers","SEN","DAKAR","05/04/2024 21:35","24/05/2024 09:56","19.5","DAKAR","TRUE","2417.4375","SEN, GNB","FALSE","ACAP, SRFC, NAMMCO, ICCAT, IWC","FALSE",NA,"TRUE","7","TRUE","54.6","053be272f-f82e-093f-d86c-862ba01b963d","412209198-053be272f-f82e-093f-d86c-862ba01b963d-018f45881fa0","3","4"
"YANGMING8032","412209009","CHN","fishing","trawlers","SEN","DAKAR","25/03/2024 12:10","04/12/2024 14:41","18.1","DAKAR","TRUE","7847.804167","GNB, SEN","FALSE","ACAP, ICCAT, IWC, SRFC, NAMMCO","FALSE",NA,"TRUE","12","TRUE","92.1","fff3fc565-577b-cea2-43c6-9e6c215281f7","412209009-fff3fc565-577b-cea2-43c6-9e6c215281f7-018e75851600","4","4"
"YANGMING8032","412209009","CHN","fishing","trawlers","SEN","DAKAR","17/04/2024 17:55","18/04/2024 04:29","0.4","DAKAR","FALSE",NA,NA,"FALSE",NA,"FALSE",NA,"FALSE",NA,"TRUE","100","fff3fc565-577b-cea2-43c6-9e6c215281f7","412209009-fff3fc565-577b-cea2-43c6-9e6c215281f7-018eed32df70","4","4"
"YANGMING8032","412209009","CHN","fishing","trawlers","SEN","DAKAR","18/04/2024 18:18","05/07/2024 03:20","18.4","DAKAR","TRUE","5614.809722","SEN, GNB","FALSE","IWC, ACAP, ICCAT, NAMMCO, SRFC","FALSE",NA,"TRUE","8","TRUE","95","fff3fc565-577b-cea2-43c6-9e6c215281f7","412209009-fff3fc565-577b-cea2-43c6-9e6c215281f7-018ef26e4628","4","4"
"YANGMING8032","412209009","CHN","fishing","trawlers","SEN","DAKAR","05/09/2024 15:23","18/05/2024 17:28","9.1","DAKAR","TRUE","2106.488889","SEN, GNB","FALSE","SRFC, ICCAT, NAMMCO, ACAP, IWC","FALSE",NA,"TRUE","7","TRUE","81.7","fff3fc565-577b-cea2-43c6-9e6c215281f7","412209009-fff3fc565-577b-cea2-43c6-9e6c215281f7-018f5df42ef8","4","4"
"YANGMING8032","412209009","CHN","fishing","trawlers","SEN","DAKAR","31/05/2024 12:35","24/06/2024 23:12","24.4","DAKAR","TRUE","1288.398611","GNB, SEN","FALSE","NAMMCO, SRFC, IWC, ICCAT, ACAP","FALSE",NA,"TRUE","17","TRUE","41.7","fff3fc565-577b-cea2-43c6-9e6c215281f7","412209009-fff3fc565-577b-cea2-43c6-9e6c215281f7-018fcea59c18","4","3"
"YI CHUN NO232","416380000","TWN","fishing","drifting_longlines","SEN","DAKAR","22/07/2023 09:11","18/04/2024 05:41","270.8","DAKAR","TRUE","666.7388889","GMB","TRUE","SRFC, IWC, ACAP, ICCAT, NAMMCO","FALSE",NA,"TRUE","17","TRUE","18.8","ed33a1f76-6049-f8ed-2268-8160ea9843b6","416380000-ed33a1f76-6049-f8ed-2268-8160ea9843b6-01897cde5588","4","4"
"YI FENG 26","412209123","CHN","fishing","trawlers","SEN","DAKAR","04/01/2024 00:39","18/04/2024 07:14","17.3","DAKAR","FALSE",NA,NA,"FALSE",NA,"FALSE",NA,"TRUE","8","TRUE","84.1","a41428649-904a-9c5a-8352-36c736c97746","412209123-a41428649-904a-9c5a-8352-36c736c97746-018e9718d9a0","4","4"
"YI FENG 26","412209123","CHN","fishing","trawlers","SEN","DAKAR","19/04/2024 15:32","05/08/2024 08:48","18.7","DAKAR","FALSE",NA,NA,"FALSE",NA,"FALSE",NA,"TRUE","10","TRUE","64.7","a41428649-904a-9c5a-8352-36c736c97746","412209123-a41428649-904a-9c5a-8352-36c736c97746-018ef6fd28d0","4","4"
"YI FENG 26","412209123","CHN","fishing","trawlers","SEN","DAKAR","05/10/2024 20:38","06/02/2024 20:20","23","DAKAR","FALSE",NA,NA,"FALSE",NA,"FALSE",NA,"TRUE","12","TRUE","74.9","a41428649-904a-9c5a-8352-36c736c97746","412209123-a41428649-904a-9c5a-8352-36c736c97746-018f643ae748","4","4"
"YI FENG 26","412209123","CHN","fishing","trawlers","SEN","DAKAR","06/04/2024 23:08","29/06/2024 15:38","24.7","DAKAR","FALSE",NA,NA,"FALSE",NA,"FALSE",NA,"TRUE","19","TRUE","62.2","a41428649-904a-9c5a-8352-36c736c97746","412209123-a41428649-904a-9c5a-8352-36c736c97746-018fe5831460","4","3"
"YI FENG 30","412209128","CHN","fishing","trawlers","SEN","DAKAR","03/11/2024 13:38","04/04/2024 14:17","24","DAKAR","FALSE",NA,NA,"FALSE",NA,"FALSE",NA,"TRUE","6","TRUE","97.7","950337f10-0b9d-d461-c26c-1f50ba61d104","412209128-950337f10-0b9d-d461-c26c-1f50ba61d104-018e2dbc83a8","4","4"
"YI FENG 30","412209128","CHN","fishing","trawlers","SEN","DAKAR","04/06/2024 19:56","21/04/2024 08:21","14.5","DAKAR","FALSE",NA,NA,"FALSE",NA,"FALSE",NA,"TRUE","5","TRUE","96","950337f10-0b9d-d461-c26c-1f50ba61d104","412209128-950337f10-0b9d-d461-c26c-1f50ba61d104-018eb4fc2030","4","4"
"YI FENG 30","412209128","CHN","fishing","trawlers","SEN","DAKAR","22/04/2024 17:11","05/10/2024 06:55","17.5","DAKAR","FALSE",NA,NA,"FALSE",NA,"FALSE",NA,"TRUE","2","TRUE","96.7","950337f10-0b9d-d461-c26c-1f50ba61d104","412209128-950337f10-0b9d-d461-c26c-1f50ba61d104-018f06ca3fc8","4","4"
"YI FENG 30","412209128","CHN","fishing","trawlers","SEN","DAKAR","05/12/2024 13:54","06/01/2024 11:57","19.9","DAKAR","FALSE",NA,NA,"FALSE",NA,"FALSE",NA,"TRUE","8","TRUE","82.5","950337f10-0b9d-d461-c26c-1f50ba61d104","412209128-950337f10-0b9d-d461-c26c-1f50ba61d104-018f6d1546b0","4","4"
"YI FENG 30","412209128","CHN","fishing","trawlers","SEN","DAKAR","06/03/2024 18:11","26/06/2024 13:53","22.8","DAKAR","FALSE",NA,NA,"FALSE",NA,"FALSE",NA,"TRUE","17","TRUE","65","950337f10-0b9d-d461-c26c-1f50ba61d104","412209128-950337f10-0b9d-d461-c26c-1f50ba61d104-018fdf4c7910","4","4"
"YI FENG 8","412200997","CHN","fishing","trawlers","SEN","DAKAR","15/03/2024 19:37","04/04/2024 16:02","19.8","DAKAR","TRUE","7380.322222","SEN, GNB","FALSE","ICCAT, NAMMCO, SRFC, IWC, ACAP","FALSE",NA,"FALSE",NA,"TRUE","96.6","f5bd98f66-6d86-ae44-98a1-a86dbba4f507","412200997-f5bd98f66-6d86-ae44-98a1-a86dbba4f507-018e439e8108","4","4"
"YI FENG 8","412200997","CHN","fishing","trawlers","SEN","DAKAR","04/07/2024 09:38","24/04/2024 00:41","16.6","DAKAR","TRUE","5372.743056","GNB, SEN","FALSE","NAMMCO, IWC, SRFC, ICCAT, ACAP","FALSE",NA,"FALSE",NA,"TRUE","97.5","f5bd98f66-6d86-ae44-98a1-a86dbba4f507","412200997-f5bd98f66-6d86-ae44-98a1-a86dbba4f507-018eb7ecc7e0","4","4"
"YI FENG 8","412200997","CHN","fishing","trawlers","SEN","DAKAR","25/04/2024 17:53","14/05/2024 02:49","18.3","DAKAR","TRUE","4072.126389","SEN, GNB","FALSE","ACAP, IWC, ICCAT, SRFC, NAMMCO","FALSE",NA,"FALSE",NA,"TRUE","98.4","f5bd98f66-6d86-ae44-98a1-a86dbba4f507","412200997-f5bd98f66-6d86-ae44-98a1-a86dbba4f507-018f16641d78","4","4"
"YI FENG 8","412200997","CHN","fishing","trawlers","GNB","BISSAU","19/05/2024 20:55","06/09/2024 13:04","20.7","DAKAR","TRUE","3870.177778","GNB, SEN","FALSE","IWC, SRFC, NAMMCO, ICCAT, ACAP","FALSE",NA,"FALSE",NA,"TRUE","86.3","f5bd98f66-6d86-ae44-98a1-a86dbba4f507","412200997-f5bd98f66-6d86-ae44-98a1-a86dbba4f507-018f92a3a408","4","4"
"YIFENG10","412200999","CHN","fishing","trawlers","SEN","DAKAR","03/10/2024 17:12","04/03/2024 04:43","23.5","DAKAR","TRUE","1792.498611","SEN, GNB","FALSE","SRFC, ICCAT, IWC, NAMMCO, ACAP","FALSE",NA,"TRUE","14","TRUE","18.9","c5de9be58-8b54-b6da-c3b6-408c3c806ce8","412200999-c5de9be58-8b54-b6da-c3b6-408c3c806ce8-018e295a6208","4","4"
"YIFENG10","412200999","CHN","fishing","trawlers","SEN","DAKAR","04/06/2024 12:09","23/04/2024 01:42","16.5","DAKAR","TRUE","490.4708333","SEN, GNB","FALSE","ACAP, SRFC, IWC, NAMMCO, ICCAT","FALSE",NA,"TRUE","12","TRUE","23.1","c5de9be58-8b54-b6da-c3b6-408c3c806ce8","412200999-c5de9be58-8b54-b6da-c3b6-408c3c806ce8-018eb350a2b0","4","4"
"YIFENG10","412200999","CHN","fishing","trawlers","SEN","DAKAR","24/04/2024 15:23","05/11/2024 06:14","16.6","DAKAR","TRUE","1274.225","SEN, GNB","FALSE","SRFC, ACAP, NAMMCO, IWC, ICCAT","FALSE",NA,"TRUE","12","TRUE","51","c5de9be58-8b54-b6da-c3b6-408c3c806ce8","412200999-c5de9be58-8b54-b6da-c3b6-408c3c806ce8-018f10b4da98","4","4"
"YIFENG10","412200999","CHN","fishing","trawlers","SEN","DAKAR","13/05/2024 15:22","25/05/2024 19:35","12.2","DAKAR","TRUE","310.4111111","GNB","FALSE","IWC, ACAP, NAMMCO, SRFC, ICCAT","FALSE",NA,"TRUE","6","TRUE","31.1","c5de9be58-8b54-b6da-c3b6-408c3c806ce8","412200999-c5de9be58-8b54-b6da-c3b6-408c3c806ce8-018f728c4f08","4","4"
"YIFENG10","412200999","CHN","fishing","trawlers","SEN","DAKAR","27/05/2024 21:55","20/06/2024 11:31","23.5","DAKAR","FALSE",NA,NA,"FALSE",NA,"FALSE",NA,"TRUE","13","TRUE","18.9","c5de9be58-8b54-b6da-c3b6-408c3c806ce8","412200999-c5de9be58-8b54-b6da-c3b6-408c3c806ce8-018fbc0d18b0","4","4"
"YIFENG21","412209011","CHN","fishing","trawlers","SEN","DAKAR","13/03/2024 07:20","04/02/2024 15:13","20.3","DAKAR","TRUE","3686.538889","SEN, GNB","FALSE","SRFC, ICCAT, ACAP, NAMMCO, IWC","FALSE",NA,"TRUE","10","TRUE","92.5","c168bbf49-9c02-8ea2-724f-1f17ea5b988d","412209011-c168bbf49-9c02-8ea2-724f-1f17ea5b988d-018e36af6098","4","4"
"YIFENG21","412209011","CHN","fishing","trawlers","SEN","DAKAR","04/06/2024 15:58","24/04/2024 22:14","18.3","DAKAR","TRUE","3142.015278","GNB, SEN","FALSE","SRFC, IWC, ICCAT, NAMMCO, ACAP","FALSE",NA,"TRUE","6","TRUE","75.9","c168bbf49-9c02-8ea2-724f-1f17ea5b988d","412209011-c168bbf49-9c02-8ea2-724f-1f17ea5b988d-018eb421c5c0","4","4"
"YIFENG21","412209011","CHN","fishing","trawlers","SEN","DAKAR","27/04/2024 12:41","14/05/2024 04:51","16.7","DAKAR","TRUE","2673.147222","GNB, SEN","FALSE","SRFC, NAMMCO, ICCAT, ACAP, IWC","FALSE",NA,"TRUE","3","TRUE","82.3","c168bbf49-9c02-8ea2-724f-1f17ea5b988d","412209011-c168bbf49-9c02-8ea2-724f-1f17ea5b988d-018f1f92f5e0","4","4"
"YIFENG21","412209011","CHN","fishing","trawlers","SEN","DAKAR","16/05/2024 18:21","06/08/2024 10:47","22.7","DAKAR","TRUE","1080.738889","GNB","FALSE","SRFC, ICCAT, NAMMCO, IWC, ACAP","FALSE",NA,"TRUE","13","TRUE","48.3","c168bbf49-9c02-8ea2-724f-1f17ea5b988d","412209011-c168bbf49-9c02-8ea2-724f-1f17ea5b988d-018f82a37ad8","4","4"
"YIFENG28","412209126","CHN","fishing","trawlers","SEN","DAKAR","23/03/2024 20:56","04/07/2024 05:49","14.3","DAKAR","TRUE","2709.752778","SEN, GNB","FALSE","NAMMCO, IWC, SRFC, ICCAT, ACAP","FALSE",NA,"TRUE","11","TRUE","68.7","e37cb040b-bbe1-3f3c-c4fc-69d978402d3f","412209126-e37cb040b-bbe1-3f3c-c4fc-69d978402d3f-018e6d1a1a38","4","4"
"YIFENG28","412209126","CHN","fishing","trawlers","SEN","DAKAR","04/09/2024 14:15","25/04/2024 05:53","15.6","DAKAR","TRUE","4598.775","GNB, SEN","FALSE","IWC, ACAP, SRFC, NAMMCO, ICCAT","FALSE",NA,"TRUE","8","TRUE","85.1","e37cb040b-bbe1-3f3c-c4fc-69d978402d3f","412209126-e37cb040b-bbe1-3f3c-c4fc-69d978402d3f-018ec3370e08","4","4"
"YIFENG28","412209126","CHN","fishing","trawlers","GNB","BISSAU","05/07/2024 18:09","15/05/2024 22:14","8.2","DAKAR","TRUE","1465.309722","SEN, GNB","FALSE","IWC, NAMMCO, SRFC, ACAP, ICCAT","FALSE",NA,"TRUE","4","TRUE","80.2","e37cb040b-bbe1-3f3c-c4fc-69d978402d3f","412209126-e37cb040b-bbe1-3f3c-c4fc-69d978402d3f-018f543f4e10","4","4"
"YIFENG28","412209126","CHN","fishing","trawlers","SEN","DAKAR","17/05/2024 13:40","06/01/2024 11:58","14.9","DAKAR","TRUE","916.3777778","GNB","FALSE","NAMMCO, ICCAT, SRFC, ACAP, IWC","FALSE",NA,"TRUE","6","TRUE","61.8","e37cb040b-bbe1-3f3c-c4fc-69d978402d3f","412209126-e37cb040b-bbe1-3f3c-c4fc-69d978402d3f-018f86c839a0","4","4"
"YIFENG28","412209126","CHN","fishing","trawlers","SEN","DAKAR","06/04/2024 14:15","25/06/2024 17:09","21.1","DAKAR","TRUE","1345.338889","GNB, SEN","FALSE","ACAP, NAMMCO, ICCAT, SRFC, IWC","FALSE",NA,"TRUE","20","TRUE","58.7","e37cb040b-bbe1-3f3c-c4fc-69d978402d3f","412209126-e37cb040b-bbe1-3f3c-c4fc-69d978402d3f-018fe39af758","4","4"
"YIFENG7","412200996","CHN","fishing","trawlers","SEN","DAKAR","04/06/2024 22:41","23/04/2024 06:11","16.3","DAKAR","FALSE",NA,NA,"FALSE",NA,"FALSE",NA,"TRUE","12","TRUE","52.2","e0d511224-49a9-8047-a2ed-4fc1d0aaf626","412200996-e0d511224-49a9-8047-a2ed-4fc1d0aaf626-018eb592a758","4","4"
"YIFENG7","412200996","CHN","fishing","trawlers","SEN","DAKAR","25/04/2024 07:49","13/05/2024 19:59","18.5","DAKAR","FALSE",NA,NA,"FALSE",NA,"FALSE",NA,"TRUE","11","TRUE","74.2","e0d511224-49a9-8047-a2ed-4fc1d0aaf626","412200996-e0d511224-49a9-8047-a2ed-4fc1d0aaf626-018f143b03b8","4","4"
"YIFENG7","412200996","CHN","fishing","trawlers","SEN","DAKAR","16/05/2024 12:57","31/05/2024 17:31","15.2","DAKAR","FALSE",NA,NA,"FALSE",NA,"FALSE",NA,"TRUE","11","TRUE","45.6","e0d511224-49a9-8047-a2ed-4fc1d0aaf626","412200996-e0d511224-49a9-8047-a2ed-4fc1d0aaf626-018f817a4cb8","4","4"
"YIFENG7","412200996","CHN","fishing","trawlers","SEN","DAKAR","06/03/2024 12:24","15/06/2024 00:02","11.5","DAKAR","FALSE",NA,NA,"FALSE",NA,"FALSE",NA,"TRUE","9","TRUE","35.4","e0d511224-49a9-8047-a2ed-4fc1d0aaf626","412200996-e0d511224-49a9-8047-a2ed-4fc1d0aaf626-018fde0e7ad0","4","4"
"YINGMING8031","412209008","CHN","fishing","fishing","SEN","DAKAR","29/03/2024 18:58","21/04/2024 17:36","22.9","DAKAR","TRUE","3663.166667","GNB, SEN","FALSE","ICCAT, NAMMCO, IWC, ACAP, SRFC","FALSE",NA,"TRUE","17","TRUE","63.9","c5824d985-509c-6d36-cfd9-d45e58e5515b","412209008-c5824d985-509c-6d36-cfd9-d45e58e5515b-018e8b9441c8","3","4"
"YINGMING8031","412209008","CHN","fishing","fishing","SEN","DAKAR","23/04/2024 16:02","05/12/2024 03:31","18.5","DAKAR","TRUE","5403.525","GNB, SEN","FALSE","ICCAT, ACAP, NAMMCO, IWC, SRFC","FALSE",NA,"TRUE","4","TRUE","98.2","c5824d985-509c-6d36-cfd9-d45e58e5515b","412209008-c5824d985-509c-6d36-cfd9-d45e58e5515b-018f0bb15c60","4","4"
"YINGMING8031","412209008","CHN","fishing","fishing","SEN","DAKAR","15/05/2024 15:45","06/05/2024 05:49","20.6","DAKAR","TRUE","4318.375","GNB, SEN","FALSE","SRFC, ACAP, IWC, NAMMCO, ICCAT","FALSE",NA,"TRUE","5","TRUE","86.7","c5824d985-509c-6d36-cfd9-d45e58e5515b","412209008-c5824d985-509c-6d36-cfd9-d45e58e5515b-018f7cedf668","4","3"
"YUAN YU 883","412549547","CHN","fishing","trawlers","GNB","BISSAU","24/05/2024 18:32","26/05/2024 07:53","1.5","DAKAR","TRUE","29.24583333","SEN","FALSE","ICCAT, IWC, ACAP, SRFC, NAMMCO","FALSE",NA,"FALSE",NA,"TRUE","100","a7afe01e9-961b-0d5b-35b3-ced45f784c11","412549547-a7afe01e9-961b-0d5b-35b3-ced45f784c11-018fabdfccd0","4","4"
"YUNGCHI166","416004708","TWN","fishing","drifting_longlines","ZAF","CAPE TOWN","22/10/2023 11:43","30/05/2024 11:15","221","DAKAR","TRUE","2630.4325",NA,"TRUE","IWC, ACAP, ICCAT, NAMMCO","TRUE","1","TRUE","68","TRUE","33.1","1ae94285e-ed24-3636-30b1-eeaee2af1a91","416004708-1ae94285e-ed24-3636-30b1-eeaee2af1a91-018b5732f418","4","4"
"HAIXIN 29","412549434","CHN","fishing","trawlers","COD","Pointe Noire","06/02/2024 09:12","23/02/2024 11:29","17.8","DAKAR","FALSE","0","","FALSE","","FALSE",NA,"FALSE",NA,"TRUE","19","48b310f78-8edd-e2a3-8b30-722b2ee97cd6","manual","manual","manual"
"GUERIDIN","227550000","FRA","fishing","tuna_purse_seines","CIV","Abidjan","14/04/2024 08:03","27/04/2024 08:04","17.8","DAKAR","TRUE","487","CIV, GIN, GNB","FALSE","","FALSE",NA,"TRUE","43","TRUE","52","1fe43f651-11a3-402d-dfed-efde848e7eee","manual","manual","manual"
