Action,Rationale (Remove / Check),Name,Flag,Vessel type,Gear type,Confidence 2 port visits check,TMT notes,vessel_name,MMSI,Flag2,vessel_class,vessel_type,previous_port_country,previous_port,trip_start,Trip start,trip_end,Trip End ,trip_duration_days,end_port,fishing,fishing_hours,fishing_eez,fishing_hs,fishing_rfmos,encounter,num_encounters,loitering,num_loitering,at_dock,percent_ais_voyage
,,,,,,,,EGALUZE,224580000,ESP,fishing,tuna_purse_seines,CIV,ABIDJAN,2/24/25 10:52,4,2/25/25 17:44,4,"1,3",DAKAR,TRUE,"6,008,333,333",SEN,FALSE,"SRFC, ACAP, NAMMCO, ICCAT, IWC",FALSE,NA,FALSE,NA,TRUE,100
CHECK,,,,,Trawlers,,,FU YUAN YU 373,412440268,CHN,fishing,trawlers,GIN,CONAKRY,1/13/25 21:57,4,1/16/25 0:19,4,"2,1",DAKAR,FALSE,NA,NA,FALSE,NA,FALSE,NA,FALSE,NA,TRUE,"94,2"
,,,,,,,,DIMITRIOS I,629009092,GMB,fishing,trawlers,GMB,BANJUL,2/21/25 19:06,4,03/06/2025 07:18,4,"12,5",DAKAR,TRUE,"2,764,341,667",GMB,FALSE,"IWC, SRFC, ACAP, NAMMCO, ICCAT",FALSE,NA,FALSE,NA,TRUE,"99,7"
,,,,,,,,YANGMING8006,412209198,CHN,fishing,trawlers,SEN,DAKAR,12/15/24 13:36,4,01/01/2025 10:40,4,"16,9",DAKAR,TRUE,"1,382,736,111",GNB,FALSE,"IWC, NAMMCO, ACAP, ICCAT, SRFC",FALSE,NA,TRUE,7,NA,NA
CHECK,,,,,Trawlers,,,HAIXIN28,412201872,CHN,fishing,trawlers,CHN,DALIAN,12/01/2015 18:03,3,01/09/2025 12:07,4,"3326,8",DAKAR,FALSE,NA,NA,FALSE,NA,FALSE,NA,FALSE,NA,NA,NA
,,,,,,,,GUOJIN908,412549197,CHN,fishing,trawlers,SEN,DAKAR,03/07/2025 20:50,4,3/28/25 20:37,4,21,DAKAR,TRUE,"4,111,295,833",SEN,FALSE,"NAMMCO, ICCAT, ACAP, SRFC, IWC",TRUE,1,TRUE,5,TRUE,"99,4"
,,,,,,,,ILKER YILMAZ,271073688,TUR,fishing,other_purse_seines,MRT,CANSADO,1/15/25 18:52,4,1/17/25 11:04,4,"1,7",DAKAR,FALSE,NA,NA,FALSE,NA,FALSE,NA,FALSE,NA,NA,100
,,,,,,,,PEIX MAR 25,224033000,ESP,fishing,trawlers,MRT,CANSADO,1/18/25 16:46,4,1/20/25 10:20,4,"1,7",DAKAR,FALSE,NA,NA,FALSE,NA,FALSE,NA,FALSE,NA,TRUE,100
,,,,,,,,YANGMING8005,412209197,CHN,fishing,trawlers,SEN,DAKAR,12/05/2024 16:04,4,01/01/2025 08:24,3,"26,7",DAKAR,FALSE,NA,NA,FALSE,NA,FALSE,NA,FALSE,NA,NA,NA
CHECK,,,,,unknown,,,ZHONGYUE89,412549153,CHN,fishing,unknown,SEN,DAKAR,12/17/24 20:33,4,01/01/2025 17:13,4,"14,8",DAKAR,TRUE,"4,414,041,667",SEN,FALSE,"SRFC, ICCAT, NAMMCO, IWC, ACAP",FALSE,NA,TRUE,6,NA,NA
,,,,,,,,LAGOON PHOENIX,311001255,BHS,carrier,carrier,BEL,ANTWERP,1/16/25 20:11,4,1/23/25 12:25,4,"6,7",DAKAR,FALSE,NA,NA,FALSE,NA,FALSE,NA,FALSE,NA,NA,100
CHECK,,,,,Trawlers,,,YANGMING8001,412209195,CHN,fishing,trawlers,GNB,BISSAU,03/12/2025 22:40,4,3/25/25 18:21,4,"12,8",DAKAR,TRUE,"2,571,786,111","GNB, SEN",FALSE,"ACAP, IWC, SRFC, NAMMCO, ICCAT",FALSE,NA,TRUE,5,TRUE,"62,1"
CHECK,,,,,Trawlers,,,YI FENG 30,412209128,CHN,fishing,trawlers,GNB,BISSAU,2/13/25 19:14,4,03/06/2025 16:59,4,"20,9",DAKAR,TRUE,"7,640,548,611","GNB, SEN",FALSE,"SRFC, ACAP, NAMMCO, ICCAT, IWC",FALSE,NA,TRUE,5,TRUE,89
,,,,,,,,HAIXIN24,412201867,CHN,fishing,trawlers,SEN,DAKAR,01/02/2025 15:57,4,01/10/2025 13:51,4,"7,9",DAKAR,FALSE,NA,NA,FALSE,NA,FALSE,NA,FALSE,NA,TRUE,"0,5"
,,,,,,,,CURBEIRO,224106000,ESP,fishing,trawlers,GNB,BISSAU,03/11/2025 18:20,4,3/20/25 5:30,4,"8,5",DAKAR,TRUE,"3,577,761,111","GNB, SEN",FALSE,"SRFC, ACAP, ICCAT, NAMMCO, IWC",FALSE,NA,TRUE,1,NA,100
,,,,,,,,FU YUAN YU 7856,412440841,CHN,fishing,drifting_longlines,SEN,DAKAR,08/10/2024 23:44,4,3/26/25 14:51,4,"227,6",DAKAR,TRUE,"9,210,827,778",NA,TRUE,"ICCAT, IWC, NAMMCO, ACAP",TRUE,7,TRUE,17,NA,NA
REMOVE ,Converted from refrigerated carrier sonce 2020,,,,,,,ATLANTIC ROSE,511100124,PLW,carrier,carrier,BRA,RIO GRANDE,01/08/2025 05:38,4,1/21/25 8:37,4,"13,1",DAKAR,FALSE,NA,NA,FALSE,NA,FALSE,NA,TRUE,2,NA,"33,9"
CHECK,,,,fishing,Trawlers,,,YI FENG 9,412200998,CHN,fishing,trawlers,GNB,BISSAU,2/13/25 22:52,4,03/06/2025 17:12,4,"20,8",DAKAR,FALSE,NA,NA,FALSE,NA,FALSE,NA,TRUE,10,TRUE,"60,4"
,,,,,,,,SHENGHAI15,412549334,CHN,fishing,trawlers,GIN,CONAKRY,12/30/24 19:01,4,01/01/2025 12:42,4,"1,7",DAKAR,FALSE,NA,NA,FALSE,NA,FALSE,NA,FALSE,NA,NA,NA
CHECK,,,,,Trawlers,,,YI FENG 26,412209123,CHN,fishing,trawlers,SEN,DAKAR,03/04/2025 19:24,4,3/20/25 5:28,4,"15,4",DAKAR,TRUE,"3,202,380,556","GNB, SEN",FALSE,"SRFC, NAMMCO, ACAP, ICCAT, IWC",FALSE,NA,TRUE,9,TRUE,"79,5"
REMOVE ,not reefer,,,,,,,STAR FIRST,311000876,BHS,other,other,BEL,ANTWERP,02/07/2025 22:03,4,2/14/25 19:12,4,"6,9",DAKAR,FALSE,NA,NA,FALSE,NA,FALSE,NA,FALSE,NA,NA,100
,,,,,,,,YI FENG 8,412200997,CHN,fishing,trawlers,SEN,DAKAR,03/07/2025 20:50,4,3/22/25 1:43,4,"14,2",DAKAR,TRUE,"1,661,318,056","SEN, GNB",FALSE,"IWC, ACAP, SRFC, ICCAT, NAMMCO",FALSE,NA,TRUE,11,TRUE,"61,7"
,,,,,,,,YUAN YU 893,412549344,CHN,fishing,trawlers,GNB,BISSAU,1/18/25 10:36,4,1/19/25 22:30,4,"1,5",DAKAR,FALSE,NA,NA,FALSE,NA,FALSE,NA,FALSE,NA,TRUE,100
,,,,,,,,TWENTY,629009232,GMB,fishing,trawlers,SEN,DAKAR,02/12/2025 16:54,4,03/06/2025 10:53,4,"21,7",DAKAR,TRUE,"1252,05",GMB,FALSE,"ICCAT, ACAP, IWC, SRFC, NAMMCO",FALSE,NA,TRUE,11,TRUE,"36,7"
CHECK,,,,fishing,Trawlers,,,YI FENG 9,412200998,CHN,fishing,trawlers,SEN,DAKAR,3/16/25 16:56,4,3/21/25 9:02,4,"4,7",DAKAR,FALSE,NA,NA,FALSE,NA,FALSE,NA,TRUE,4,TRUE,57
,,,,,,,,YIFENG10,412200999,CHN,fishing,trawlers,SEN,DAKAR,2/24/25 19:26,4,03/08/2025 04:50,4,"11,4",DAKAR,TRUE,"1,453,084,722","GNB, SEN",FALSE,"SRFC, ACAP, NAMMCO, ICCAT, IWC",FALSE,NA,TRUE,6,TRUE,"45,6"
,,,,,,,,MENGXIN19,412209168,CHN,fishing,trawlers,GIN,CONAKRY,12/31/24 18:53,4,01/03/2025 11:10,4,"2,7",DAKAR,FALSE,NA,NA,FALSE,NA,FALSE,NA,FALSE,NA,NA,NA
CHECK,,,,,Trawlers,,,FU YUAN YU 372,412440267,CHN,fishing,trawlers,GIN,CONAKRY,03/05/2025 04:34,4,03/06/2025 05:58,4,1,DAKAR,FALSE,NA,NA,FALSE,NA,FALSE,NA,FALSE,NA,TRUE,"11,5"
CHECK,,FU YUAN YU 7857,,,,,,FU YUAN YU 7857,412440842,CHN,fishing,drifting_longlines,CHN,QUANZHOU,1/31/21 21:11,3,3/27/25 9:21,4,"1515,5",DAKAR,TRUE,"1,947,497,778",NA,TRUE,"IWC, ACAP, ICCAT, NAMMCO",TRUE,1,TRUE,7,NA,NA
CHECK,,,,,unknown,,,LURONGYUANYU216,412329514,CHN,fishing,unknown,GIN,CONAKRY,3/26/25 9:34,4,3/28/25 11:03,4,2,DAKAR,FALSE,NA,NA,FALSE,NA,FALSE,NA,FALSE,NA,TRUE,"84,3"
CHECK,,,,Fishing,Longliners,,,NATA 2,659034000,NAM,fishing,drifting_longlines,ZAF,CAPE TOWN,07/11/2024 16:45,4,01/07/2025 06:10,4,"179,5",DAKAR,FALSE,NA,NA,FALSE,NA,TRUE,7,TRUE,66,NA,NA
CHECK,,,,fishing,unknown,,,CHANG YUAN YU 1,412200983,CHN,fishing,unknown,GNB,BISSAU,2/21/25 19:21,4,3/13/25 14:26,4,"19,8",DAKAR,FALSE,NA,NA,FALSE,NA,FALSE,NA,TRUE,17,TRUE,"87,6"
,,,,,,,,TIANG EI HU,412209083,CHN,fishing,trawlers,SEN,DAKAR,03/11/2025 09:38,4,3/28/25 13:21,4,"17,1",DAKAR,TRUE,"8,908,333,333","SEN, GNB",FALSE,"SRFC, IWC, ACAP, ICCAT, NAMMCO",FALSE,NA,TRUE,9,TRUE,"10,2"
,,,,,,,,YIFENG7,412200996,CHN,fishing,trawlers,GNB,BISSAU,2/13/25 23:25,4,03/06/2025 15:32,4,"20,7",DAKAR,TRUE,"1,812,952,778","SEN, GNB",FALSE,"NAMMCO, ICCAT, SRFC, IWC, ACAP",FALSE,NA,TRUE,15,TRUE,"38,4"
CHECK,,,,,Trawlers,,,YI FENG 30,412209128,CHN,fishing,trawlers,SEN,DAKAR,03/08/2025 20:26,4,3/22/25 15:55,4,"13,8",DAKAR,TRUE,"3,303,566,667","GNB, SEN",FALSE,"SRFC, NAMMCO, ICCAT, ACAP, IWC",FALSE,NA,TRUE,5,TRUE,"97,6"
,,,,,,,,RIODOMAR CUARTO,224009000,ESP,fishing,trawlers,MRT,CANSADO,2/13/25 20:17,4,2/15/25 21:42,4,2,DAKAR,FALSE,NA,NA,FALSE,NA,FALSE,NA,FALSE,NA,TRUE,100
CHECK,,,,,Trawlers,,,PEIX MAR VEINTIOCHO,224275000,ESP,fishing,trawlers,GNB,BISSAU,1/31/25 22:02,4,3/14/25 7:04,4,"41,4",DAKAR,TRUE,"9,053,729,167","GNB, SEN",FALSE,"SRFC, ICCAT, NAMMCO, ACAP, IWC",FALSE,NA,TRUE,1,TRUE,"92,7"
,,,,,,,,YANGMING8007,412209199,CHN,fishing,trawlers,GNB,BISSAU,03/08/2025 14:55,4,03/09/2025 16:17,4,1,DAKAR,FALSE,NA,NA,FALSE,NA,FALSE,NA,FALSE,NA,TRUE,"96,3"
REMOVE ,not reefer,,,,,,,STAR FIRST,311000876,BHS,other,other,CIV,ABIDJAN,1/23/25 17:52,4,1/27/25 1:18,4,"3,3",DAKAR,FALSE,NA,NA,FALSE,NA,FALSE,NA,FALSE,NA,TRUE,100
,,,,,,,,ALFONSO RIERA TERCER,224282000,ESP,fishing,trawlers,GNB,BISSAU,02/06/2025 20:07,4,03/12/2025 17:09,4,"33,9",DAKAR,TRUE,"6,880,716,667",GNB,FALSE,"IWC, NAMMCO, SRFC, ACAP, ICCAT",FALSE,NA,TRUE,2,TRUE,100
,,,,,,,,YANGMING8006,412209198,CHN,fishing,trawlers,GNB,BISSAU,03/12/2025 19:31,4,3/27/25 1:50,4,"14,3",DAKAR,TRUE,"3,979,529,167","GNB, SEN",FALSE,"NAMMCO, ACAP, SRFC, IWC, ICCAT",FALSE,NA,TRUE,7,TRUE,"93,9"
REMOVE ,Research vessel ,,,,,,,ALHASSAN ALMARRAKCHI,242017400,MAR,fishing,inconclusive,MAR,AGADIR,01/09/2025 16:14,4,1/23/25 8:48,4,"13,7",DAKAR,TRUE,"1,450,573,333","ESH, MRT",FALSE,"SRFC, NAMMCO, ACAP, ICCAT, IWC",FALSE,NA,TRUE,18,NA,100
,,,,,,,,ZHEN YUAN YU 820,412420887,CHN,fishing,trawlers,GIN,CONAKRY,01/11/2025 18:11,4,1/13/25 12:58,4,"1,8",DAKAR,FALSE,NA,NA,FALSE,NA,FALSE,NA,FALSE,NA,TRUE,100
,,,,,,,,ALFONSO RIERA CUARTO,224026860,ESP,fishing,trawlers,MRT,CANSADO,1/31/25 7:51,4,02/02/2025 00:31,4,"1,7",DAKAR,FALSE,NA,NA,FALSE,NA,FALSE,NA,FALSE,NA,TRUE,100
,,,,,,,,FENG YA NO.11,416379000,TWN,fishing,drifting_longlines,SEN,DAKAR,2/24/24 8:30,4,2/20/25 8:35,4,362,DAKAR,TRUE,"1,046,769,056",SEN,TRUE,"ICCAT, SRFC, ACAP, NAMMCO, IWC",TRUE,37,TRUE,36,NA,NA
CHECK,,,,,unknown,,,ELSAAD,629009158,GMB,fishing,unknown,SEN,DAKAR,2/21/25 22:10,4,3/17/25 18:54,4,"23,8",DAKAR,TRUE,"4,462,655,556",GMB,FALSE,"IWC, ACAP, NAMMCO, ICCAT, SRFC",FALSE,NA,TRUE,2,TRUE,"98,6"
REMOVE ,not reefer,,,,,,,COLOMBIAN STAR,636014240,LBR,carrier,carrier,CIV,ABIDJAN,2/14/25 16:27,4,2/17/25 14:44,4,"2,9",DAKAR,FALSE,NA,NA,FALSE,NA,FALSE,NA,FALSE,NA,TRUE,100
,,,,,unknown,,,ZHEN YUAN YU 828,412420878,CHN,fishing,unknown,GIN,CONAKRY,01/01/2025 17:47,4,01/03/2025 11:26,4,"1,7",DAKAR,FALSE,NA,NA,FALSE,NA,FALSE,NA,FALSE,NA,TRUE,"97,7"
REMOVE ,not reefer,,,,,,,STAR PRIMA,311000958,BHS,other,other,MAR,AGADIR,2/20/25 10:39,4,2/22/25 18:41,4,"2,3",DAKAR,FALSE,NA,NA,FALSE,NA,FALSE,NA,FALSE,NA,NA,100
CHECK,,,,,unknown,,,ELSAAD,629009158,GMB,fishing,unknown,SEN,DAKAR,1/22/25 12:57,3,2/18/25 18:03,4,"27,2",DAKAR,TRUE,"3,878,111,111",GMB,FALSE,"ICCAT, IWC, NAMMCO, SRFC, ACAP",FALSE,NA,TRUE,2,TRUE,"99,1"
CHECK,,,,Fishing,purse seiners,,,EGALABUR,312078000,BLZ,fishing,tuna_purse_seines,CIV,ABIDJAN,1/31/25 20:41,4,03/03/2025 07:50,4,"30,5",DAKAR,FALSE,NA,NA,FALSE,NA,TRUE,1,TRUE,10,TRUE,"40,3"
,,,,,,,,YINGMING8031,412209008,CHN,fishing,trawlers,SEN,DAKAR,12/21/24 20:10,4,01/01/2025 09:02,4,"10,5",DAKAR,TRUE,"1,430,229,167","GNB, SEN",FALSE,"SRFC, IWC, ICCAT, ACAP, NAMMCO",FALSE,NA,TRUE,5,NA,NA
REMOVE ,not reefer,,,,,,,CARIBBEAN STAR,636013068,LBR,carrier,carrier,CIV,ABIDJAN,02/06/2025 13:40,4,02/09/2025 22:35,4,"3,3",DAKAR,FALSE,NA,NA,FALSE,NA,FALSE,NA,FALSE,NA,TRUE,100
,,,,,,,,YIFENG10,412200999,CHN,fishing,trawlers,GNB,BISSAU,2/13/25 23:30,4,2/22/25 9:43,4,"8,4",DAKAR,TRUE,"9,429,472,222","GNB, SEN",FALSE,"IWC, NAMMCO, ACAP, SRFC, ICCAT",FALSE,NA,TRUE,5,TRUE,"62,1"
,,,,,,,,F/V ALBACORA QUINCE,224727000,ESP,fishing,tuna_purse_seines,CIV,ABIDJAN,2/19/25 16:04,4,3/14/25 12:55,4,"22,8",DAKAR,FALSE,NA,NA,FALSE,NA,FALSE,NA,FALSE,NA,TRUE,"0,4"
,,,,,,,,YIFENG28,412209126,CHN,fishing,trawlers,GNB,BISSAU,2/13/25 21:02,4,03/05/2025 14:34,4,"19,7",DAKAR,TRUE,"4,126,423,611","GNB, SEN",FALSE,"NAMMCO, SRFC, IWC, ICCAT, ACAP",FALSE,NA,TRUE,7,TRUE,84
,,,,,,,,JAIME R,224069140,ESP,fishing,trawlers,GAB,PORT GENTIL,2/19/25 11:02,4,2/28/25 11:39,4,9,DAKAR,FALSE,NA,NA,FALSE,NA,FALSE,NA,FALSE,NA,TRUE,"36,9"
,,,,,,,,PRINCE OF SEAS,352002562,BHS,carrier,carrier,ESP,LAS PALMAS,01/05/2025 20:24,4,01/07/2025 21:26,4,2,DAKAR,FALSE,NA,NA,FALSE,NA,FALSE,NA,FALSE,NA,NA,100
,,,,,,,,BALTIC HOLLYHOCK,311000977,BHS,carrier,carrier,BEL,ANTWERP,01/11/2025 04:49,4,1/17/25 10:44,4,"6,2",DAKAR,FALSE,NA,NA,FALSE,NA,FALSE,NA,FALSE,NA,NA,100
,,,,,,,,LAGOON PHOENIX,311001255,BHS,carrier,carrier,BEL,ANTWERP,12/28/24 14:27,4,01/04/2025 07:11,4,"6,7",DAKAR,FALSE,NA,NA,FALSE,NA,FALSE,NA,FALSE,NA,NA,NA
,,,,,,,,MONTECELO,359102000,ESP,fishing,tuna_purse_seines,CIV,ABIDJAN,2/25/25 13:00,4,3/14/25 17:56,4,"17,2",DAKAR,FALSE,NA,NA,FALSE,NA,FALSE,NA,TRUE,1,NA,"17,4"
,,,,,,,,MIN LONG YU61146,412444322,CHN,fishing,trawlers,GNB,BISSAU,3/15/25 23:35,4,3/17/25 11:30,4,"1,5",DAKAR,TRUE,"1,158,444,444","GMB, GNB, SEN",FALSE,"SRFC, NAMMCO, ICCAT, ACAP, IWC",FALSE,NA,FALSE,NA,TRUE,100
,,,,,,,,RELEIXO,224706000,ESP,fishing,trawlers,GNB,BISSAU,02/05/2025 16:02,4,03/07/2025 06:35,4,"29,6",DAKAR,TRUE,"3,304,694,444","SEN, GNB",FALSE,"SRFC, ICCAT, IWC, ACAP, NAMMCO",FALSE,NA,FALSE,NA,TRUE,"3,9"
,,,,,,,,HAIXIN27,412201871,CHN,fishing,trawlers,GNB,BISSAU,02/12/2025 03:40,4,2/26/25 14:23,4,"14,4",DAKAR,TRUE,"3,411,054,167","GNB, SEN",FALSE,"ACAP, IWC, ICCAT, SRFC, NAMMCO",FALSE,NA,TRUE,12,TRUE,"63,2"
,,,,,,,,GOBER TERCERO,224013270,ESP,fishing,trawlers,MRT,CANSADO,02/05/2025 19:50,4,02/07/2025 16:59,4,"1,9",DAKAR,FALSE,NA,NA,FALSE,NA,FALSE,NA,FALSE,NA,TRUE,100
,,,,,,,,MAR DE ALBA,224023480,ESP,fishing,other_purse_seines,ESP,ESP-121,2/14/25 18:17,4,2/19/25 10:33,3,"4,7",DAKAR,FALSE,NA,NA,FALSE,NA,FALSE,NA,FALSE,NA,TRUE,"82,3"
,,,,,,,,DIMITRIOS I,629009092,GMB,fishing,trawlers,SEN,DAKAR,03/07/2025 23:38,4,3/28/25 9:25,4,"20,4",DAKAR,TRUE,"1,157,763,889",GMB,FALSE,"ICCAT, NAMMCO, SRFC, IWC, ACAP",FALSE,NA,TRUE,2,TRUE,"40,3"
,,,,,,,,GUOJIN901,412549196,CHN,fishing,trawlers,SEN,DAKAR,10/10/2024 06:56,4,02/01/2025 20:24,4,"114,5",DAKAR,FALSE,NA,NA,FALSE,NA,FALSE,NA,FALSE,NA,NA,NA
CHECK,,,,fishing,unknown,,,YI FENG 25,412209122,CHN,fishing,unknown,SEN,DAKAR,03/05/2025 10:04,4,3/20/25 13:53,4,"15,1",DAKAR,FALSE,NA,NA,FALSE,NA,FALSE,NA,TRUE,8,TRUE,"57,7"
,,,,,,,,YIFENG28,412209126,CHN,fishing,trawlers,SEN,DAKAR,03/06/2025 21:09,4,3/21/25 6:06,4,"14,3",DAKAR,TRUE,"2,470,495,833","GNB, SEN",FALSE,"NAMMCO, ACAP, SRFC, ICCAT, IWC",FALSE,NA,TRUE,7,TRUE,"75,4"
CHECK,,,,fishing,Trawlers,,,YIFENG29,412209127,CHN,fishing,trawlers,GNB,BISSAU,2/13/25 21:38,4,2/28/25 17:03,4,"14,8",DAKAR,FALSE,NA,NA,FALSE,NA,FALSE,NA,TRUE,7,TRUE,"76,2"
,,,,,,,,CIUDAD DE HUELVA,225987981,ESP,fishing,trawlers,GNB,BISSAU,1/31/25 21:16,4,3/17/25 8:06,4,"44,4",DAKAR,TRUE,"9,798,236,111","GNB, SEN",FALSE,"ACAP, ICCAT, NAMMCO, IWC, SRFC",FALSE,NA,FALSE,NA,TRUE,100
,,,,,,,,TIANG EI HU,412209083,CHN,fishing,trawlers,SEN,DAKAR,2/14/25 22:43,4,03/07/2025 22:26,4,21,DAKAR,TRUE,"4,279,347,222","GNB, SEN",FALSE,"NAMMCO, ICCAT, SRFC, ACAP, IWC",FALSE,NA,TRUE,11,TRUE,"20,2"
,,,,,,,,YIFENG10,412200999,CHN,fishing,trawlers,SEN,DAKAR,2/22/25 17:00,4,2/24/25 11:31,4,"1,8",DAKAR,FALSE,NA,NA,FALSE,NA,FALSE,NA,TRUE,1,TRUE,"69,8"
,,,,,,,,MENGXIN23,412209173,CHN,fishing,trawlers,GIN,CONAKRY,01/02/2025 21:12,4,01/04/2025 19:25,4,"1,9",DAKAR,FALSE,NA,NA,FALSE,NA,FALSE,NA,FALSE,NA,TRUE,"40,4"
,,,,,,,,FU YUAN YU 7853,412440815,CHN,fishing,drifting_longlines,SEN,DAKAR,10/16/24 15:09,4,01/05/2025 12:24,4,"80,9",DAKAR,TRUE,"3,318,466,667",NA,TRUE,"ICCAT, IWC, ACAP, NAMMCO",FALSE,NA,TRUE,3,NA,NA
CHECK,,,,fishing,Trawlers,,,YI FENG 9,412200998,CHN,fishing,trawlers,SEN,DAKAR,03/09/2025 16:40,4,3/14/25 12:22,4,"4,8",DAKAR,FALSE,NA,NA,FALSE,NA,FALSE,NA,TRUE,3,TRUE,"57,3"
,,,,,,,,ALFONSO RIERA SEGUND,224032270,ESP,fishing,trawlers,MRT,CANSADO,3/24/25 19:47,4,3/26/25 14:21,4,"1,8",DAKAR,FALSE,NA,NA,FALSE,NA,FALSE,NA,FALSE,NA,TRUE,100
CHECK,,SHENG HAI 3,,,unknown,,,SHENG HAI 3,412201826,CHN,fishing,unknown,GIN,CONAKRY,01/03/2025 11:37,4,01/11/2025 05:27,4,"7,7",DAKAR,FALSE,NA,NA,FALSE,NA,FALSE,NA,FALSE,NA,TRUE,"20,3"
,,,,,,,,FU YUAN YU 7852,412440814,CHN,fishing,drifting_longlines,SEN,DAKAR,10/09/2024 17:02,4,01/06/2025 04:45,4,"88,5",DAKAR,TRUE,"4,189,416,667",NA,TRUE,"ICCAT, ACAP, IWC",FALSE,NA,TRUE,4,NA,NA
,,,,,,,,HAIXIN24,412201867,CHN,fishing,trawlers,SEN,DAKAR,2/27/25 19:40,4,3/16/25 10:57,4,"16,6",DAKAR,TRUE,"9,003,527,778","GNB, SEN",FALSE,"ACAP, ICCAT, NAMMCO, IWC, SRFC",FALSE,NA,TRUE,9,TRUE,"32,8"
,,,,,,,,YUAN YU 891,412549342,CHN,fishing,trawlers,GNB,BISSAU,1/18/25 11:22,4,1/19/25 22:06,4,"1,4",DAKAR,FALSE,NA,NA,FALSE,NA,FALSE,NA,FALSE,NA,NA,100
,,,,,unknown,,,ZHENYUANYU822,412420882,CHN,fishing,unknown,SEN,DAKAR,02/07/2025 21:22,3,03/09/2025 04:22,4,"29,3",DAKAR,TRUE,"6,630,566,667",SEN,FALSE,"ICCAT, NAMMCO, ACAP, IWC, SRFC",TRUE,3,TRUE,11,TRUE,80
REMOVE ,not reefer,,,,,,,CARIBBEAN STAR,636013068,LBR,carrier,carrier,CIV,ABIDJAN,01/03/2025 05:00,4,01/06/2025 18:01,4,"3,5",DAKAR,FALSE,NA,NA,FALSE,NA,FALSE,NA,FALSE,NA,NA,100
REMOVE ,not reefer,,,,,,,COTE D IVOIRIAN STAR,636014241,LBR,carrier,carrier,CIV,ABIDJAN,2/20/25 18:37,4,2/23/25 19:25,4,3,DAKAR,FALSE,NA,NA,FALSE,NA,FALSE,NA,FALSE,NA,NA,"86,5"
,,,,,,,,MIN LONG YU61146,412444322,CHN,fishing,trawlers,GNB,BISSAU,01/05/2025 08:54,4,01/06/2025 14:40,4,"1,2",DAKAR,TRUE,"1,299,166,667",SEN,FALSE,"ACAP, SRFC, ICCAT, IWC, NAMMCO",FALSE,NA,FALSE,NA,TRUE,"93,5"
,,,,,,,,YANGMIN8002,412209196,CHN,fishing,trawlers,GNB,BISSAU,12/24/24 23:14,4,01/01/2025 07:20,4,"7,3",DAKAR,TRUE,"1,613,841,667","GNB, SEN",FALSE,"SRFC, ACAP, NAMMCO, ICCAT, IWC",FALSE,NA,FALSE,NA,NA,NA
CHECK,,,,,Trawlers,,,MENGX27,412209178,CHN,fishing,trawlers,GIN,CONAKRY,12/31/24 22:47,4,01/03/2025 11:10,4,"2,5",DAKAR,FALSE,NA,NA,FALSE,NA,FALSE,NA,FALSE,NA,NA,NA
CHECK,,,,Fishing,Longliners,,,SHANG FU,659019000,NAM,fishing,drifting_longlines,SEN,DAKAR,12/20/24 10:43,4,01/07/2025 11:20,4,18,DAKAR,FALSE,NA,NA,FALSE,NA,TRUE,1,TRUE,2,NA,NA
,,,,,,,,YUAN YU 892,412549343,CHN,fishing,trawlers,GNB,BISSAU,1/25/25 15:34,4,1/27/25 7:22,4,"1,6",DAKAR,TRUE,"27,55",SEN,FALSE,"SRFC, ICCAT, ACAP, NAMMCO, IWC",FALSE,NA,FALSE,NA,TRUE,100
,,,,,,,,PLAYA DE NOJA,224531000,ESP,fishing,tuna_purse_seines,CIV,ABIDJAN,02/06/2025 21:04,4,03/06/2025 06:10,4,"27,4",DAKAR,TRUE,"2,567,666,667",NA,TRUE,"ACAP, NAMMCO, ICCAT, IWC",FALSE,NA,TRUE,1,TRUE,"18,1"
CHECK,,,,,unknown,,,ZHONGYUE89,412549153,CHN,fishing,unknown,SEN,DAKAR,01/12/2025 06:33,4,02/01/2025 17:42,3,"20,5",DAKAR,TRUE,"9,636,666,667",SEN,FALSE,"SRFC, NAMMCO, ICCAT, ACAP, IWC",FALSE,NA,TRUE,2,TRUE,"4,5"
,,,,,,,,HAIXIN29,412549434,CHN,fishing,fishing,SEN,DAKAR,03/06/2025 19:54,3,3/25/25 4:38,4,"18,3",DAKAR,TRUE,"5,276,752,778","GNB, SEN",FALSE,"ICCAT, NAMMCO, ACAP, SRFC, IWC",FALSE,NA,TRUE,3,TRUE,"99,3"
,,,,,,,,MENGXIN2O,412209169,CHN,fishing,trawlers,GIN,CONAKRY,01/06/2025 20:15,4,01/08/2025 22:19,4,"2,1",DAKAR,TRUE,"168,625",SEN,FALSE,"IWC, ACAP, ICCAT, NAMMCO, SRFC",FALSE,NA,FALSE,NA,TRUE,100
,,,,,,,,KAO FONG NO817,416146700,TWN,fishing,drifting_longlines,SEN,DAKAR,8/23/24 8:11,4,2/25/25 6:46,4,"185,9",DAKAR,TRUE,"4,751,530,556",NA,TRUE,"ICCAT, ACAP, NAMMCO, IWC",TRUE,15,TRUE,82,NA,NA
,,,,,,,,GUOJIN901,412549196,CHN,fishing,trawlers,SEN,DAKAR,03/10/2025 19:31,4,3/28/25 4:26,4,"17,3",DAKAR,TRUE,"3,110,695,833",SEN,FALSE,"NAMMCO, ICCAT, SRFC, ACAP, IWC",TRUE,1,TRUE,3,TRUE,"96,9"
CHECK,,,,,Trawlers,,,YI FENG 26,412209123,CHN,fishing,trawlers,GNB,BISSAU,2/13/25 22:00,4,03/02/2025 15:03,4,"16,7",DAKAR,TRUE,"6,256,066,667","SEN, GNB",FALSE,"IWC, NAMMCO, SRFC, ACAP, ICCAT",FALSE,NA,TRUE,11,TRUE,"85,6"
CHECK,,,,CARRIER,NONE,,,TURK YILMAZ,271073480,TUR,carrier,carrier,GNB,BISSAU,1/18/25 17:56,4,1/19/25 22:21,4,"1,2",DAKAR,FALSE,NA,NA,FALSE,NA,FALSE,NA,FALSE,NA,NA,100
REMOVE ,not reefer,,,,,,,COSTA RICAN STAR,636013073,LBR,carrier,carrier,CIV,ABIDJAN,1/30/25 14:29,4,02/02/2025 17:14,4,"3,1",DAKAR,FALSE,NA,NA,FALSE,NA,FALSE,NA,FALSE,NA,TRUE,100
,,,,,,,,SHENGHAI16,412549335,CHN,fishing,trawlers,GIN,CONAKRY,01/01/2025 21:46,4,01/03/2025 11:18,4,"1,5",DAKAR,FALSE,NA,NA,FALSE,NA,FALSE,NA,FALSE,NA,TRUE,"82,1"
,,,,,,,,YIFENG21,412209011,CHN,fishing,trawlers,SEN,DAKAR,03/02/2025 00:06,4,3/15/25 1:44,4,13,DAKAR,TRUE,"2,257,555,556",SEN,FALSE,"NAMMCO, IWC, SRFC, ICCAT, ACAP",FALSE,NA,TRUE,3,TRUE,"12,4"
,,,,,,,,YIFENG10,412200999,CHN,fishing,trawlers,SEN,DAKAR,03/09/2025 16:48,4,3/23/25 4:09,4,"13,5",DAKAR,TRUE,"7,547,291,667","GNB, SEN",FALSE,"NAMMCO, IWC, SRFC, ACAP, ICCAT",FALSE,NA,TRUE,15,NA,"36,6"
,,,,,,,,YI FENG 8,412200997,CHN,fishing,trawlers,GNB,BISSAU,2/13/25 19:16,4,03/05/2025 10:34,4,"19,6",DAKAR,TRUE,"5,538,420,833","SEN, GNB",FALSE,"ACAP, ICCAT, SRFC, NAMMCO, IWC",FALSE,NA,TRUE,5,TRUE,"81,1"
,,,,,,,,ALBONIGA,224745000,ESP,fishing,tuna_purse_seines,CIV,ABIDJAN,2/23/25 13:05,4,3/25/25 5:00,3,"29,6",DAKAR,TRUE,"9,911,944,444","CIV, SLE",FALSE,"ACAP, SRFC, FCWC, NAMMCO, IWC, ICCAT",FALSE,NA,TRUE,5,TRUE,"17,3"
,,,,,,,,CHANG RONG 8,412549272,CHN,fishing,drifting_longlines,SEN,DAKAR,12/03/2024 16:59,4,1/13/25 2:54,4,"40,4",DAKAR,TRUE,"5,380,911,111",NA,TRUE,"IWC, ICCAT, NAMMCO, ACAP",FALSE,NA,TRUE,6,NA,NA
CHECK,,,,fishing,unknown,,,YUANYU22,412280993,CHN,fishing,unknown,GNB,BISSAU,2/19/25 16:29,4,2/21/25 11:44,4,"1,8",DAKAR,FALSE,NA,NA,FALSE,NA,FALSE,NA,FALSE,NA,NA,100
CHECK,,,,,unknown,,Keep - AIS gap from the 7/01/2025,ELSAAD,629009158,GMB,fishing,unknown,GMB,BANJUL,1/15/25 0:01,2,1/15/25 4:01,3,"0,2",DAKAR,FALSE,NA,NA,FALSE,NA,FALSE,NA,FALSE,NA,NA,NA
CHECK,,,,Fishing,Longliners,,,NATA 2,659034000,NAM,fishing,drifting_longlines,SEN,DAKAR,1/14/25 8:25,4,03/04/2025 12:07,4,"49,1",DAKAR,FALSE,NA,NA,FALSE,NA,FALSE,NA,TRUE,7,TRUE,"77,5"
,,,,,,,,YIFENG22,412209012,CHN,fishing,trawlers,SEN,DAKAR,03/04/2025 19:46,4,3/19/25 5:14,4,"14,4",DAKAR,TRUE,"25,546,875","GNB, SEN",FALSE,"ACAP, NAMMCO, IWC, SRFC, ICCAT",FALSE,NA,TRUE,11,TRUE,"56,2"
,,,,,,,,YANGMIN8002,412209196,CHN,fishing,trawlers,GNB,BISSAU,03/08/2025 16:08,4,03/09/2025 17:57,4,1,DAKAR,FALSE,NA,NA,FALSE,NA,FALSE,NA,FALSE,NA,TRUE,100
CHECK,,,,,Trawlers,,,HAIXIN28,412201872,CHN,fishing,trawlers,GNB,BISSAU,02/11/2025 23:20,4,2/28/25 9:55,3,"16,4",DAKAR,TRUE,"5,707,194,444","SEN, GNB",FALSE,"ACAP, NAMMCO, IWC, ICCAT, SRFC",FALSE,NA,TRUE,5,TRUE,"94,9"
,,,,,,,,MENG XIN21,412209171,CHN,fishing,trawlers,GIN,CONAKRY,12/31/24 19:03,4,01/03/2025 11:06,4,"2,7",DAKAR,FALSE,NA,NA,FALSE,NA,FALSE,NA,FALSE,NA,NA,NA
,,,,,,,,YIFENG21,412209011,CHN,fishing,trawlers,SEN,DAKAR,12/19/24 15:59,4,01/01/2025 01:21,4,"12,4",DAKAR,TRUE,"1,175,416,667",GNB,FALSE,"NAMMCO, SRFC, ACAP, IWC, ICCAT",FALSE,NA,TRUE,4,NA,NA
,,,,,,,,YIFENG22,412209012,CHN,fishing,trawlers,GNB,BISSAU,2/13/25 21:00,4,03/03/2025 09:59,4,"17,5",DAKAR,TRUE,"5,359,718,056","SEN, GNB",FALSE,"ICCAT, IWC, ACAP, SRFC, NAMMCO",FALSE,NA,TRUE,8,TRUE,"81,7"
,,,,,,,,SHENG HAI 17,412200978,CHN,fishing,trawlers,GIN,CONAKRY,01/03/2025 19:21,4,01/05/2025 03:53,4,"1,3",DAKAR,FALSE,NA,NA,FALSE,NA,FALSE,NA,FALSE,NA,TRUE,"15,2"
,,,,,,,,GUOJIN901,412549196,CHN,fishing,trawlers,SEN,DAKAR,2/13/25 17:31,4,2/26/25 17:59,4,13,DAKAR,TRUE,"3810,15",SEN,FALSE,"IWC, ICCAT, NAMMCO, ACAP, SRFC",TRUE,1,TRUE,2,NA,100
,,,,,,,,CROWN SAPPHIRE,311000855,BHS,carrier,carrier,RUS,VISTINO,01/09/2025 13:33,4,1/19/25 19:51,4,"10,3",DAKAR,FALSE,NA,NA,FALSE,NA,FALSE,NA,FALSE,NA,NA,"87,9"
,,,,,,,,MX22,412209172,CHN,fishing,trawlers,GIN,CONAKRY,01/06/2025 07:08,3,01/06/2025 11:24,3,"0,2",DAKAR,FALSE,NA,NA,FALSE,NA,FALSE,NA,FALSE,NA,TRUE,20
,,,,,,,,FU YUAN YU NO.7858,412440796,CHN,fishing,drifting_longlines,SEN,DAKAR,10/15/24 14:45,4,1/22/25 12:01,4,"98,9",DAKAR,TRUE,"2227,31",NA,TRUE,"IWC, ICCAT, ACAP",FALSE,NA,TRUE,10,NA,NA
CHECK,,,,,Trawlers,,,DOCE DE JULIO,224910000,ESP,fishing,trawlers,SEN,DAKAR,11/21/24 18:50,4,01/01/2025 09:25,4,"40,6",DAKAR,TRUE,"1,009,233,472","SEN, GNB",FALSE,"IWC, SRFC, NAMMCO, ACAP, ICCAT",FALSE,NA,TRUE,1,NA,NA
,,,,,,,,JOMAFRAN SEGUNDO,225995265,ESP,fishing,trawlers,MRT,CANSADO,3/24/25 19:45,4,3/26/25 13:52,4,"1,8",DAKAR,FALSE,NA,NA,FALSE,NA,FALSE,NA,FALSE,NA,TRUE,100
,,,,,,,,COSTA DE  HUELVA,224854000,ESP,fishing,trawlers,GNB,BISSAU,1/31/25 21:17,4,03/12/2025 14:49,4,"39,7",DAKAR,TRUE,"8,513,608,333",GNB,FALSE,"SRFC, ICCAT, NAMMCO, IWC, ACAP",FALSE,NA,FALSE,NA,TRUE,100
CHECK,,,,Fishing,Trawlers,,,EIGHTEEN,629009118,GMB,fishing,trawlers,SEN,DAKAR,1/29/25 17:29,4,03/07/2025 05:07,4,"36,5",DAKAR,FALSE,NA,NA,FALSE,NA,FALSE,NA,TRUE,20,TRUE,"76,5"
,,,,,,,,CURBEIRO,224106000,ESP,fishing,trawlers,ESP,BUEU,1/23/25 12:47,4,1/31/25 11:48,4,8,DAKAR,FALSE,NA,NA,FALSE,NA,FALSE,NA,FALSE,NA,TRUE,100
,,,,,,,,IRIS,629009068,GMB,fishing,trawlers,GMB,BANJUL,3/25/25 21:41,4,3/26/25 6:49,4,"0,4",DAKAR,FALSE,NA,NA,FALSE,NA,FALSE,NA,FALSE,NA,TRUE,100
,,,,,,,,RUITAIFENG88,412217977,CHN,carrier,carrier,GIN,CONAKRY,2/25/25 13:57,4,2/27/25 16:50,4,"2,1",DAKAR,FALSE,NA,NA,FALSE,NA,FALSE,NA,FALSE,NA,TRUE,100
,,,,,,,,YIFENG7,412200996,CHN,fishing,trawlers,SEN,DAKAR,3/24/25 20:28,4,3/27/25 2:47,4,"2,3",DAKAR,FALSE,NA,NA,FALSE,NA,FALSE,NA,TRUE,1,TRUE,"45,5"
,,,,,,,,MENG XIN17,412209112,CHN,fishing,trawlers,GIN,CONAKRY,01/08/2025 12:41,4,01/10/2025 09:59,4,"1,9",DAKAR,FALSE,NA,NA,FALSE,NA,FALSE,NA,FALSE,NA,TRUE,100
CHECK,,,,,Trawlers,,,DOCE DE JULIO,224910000,ESP,fishing,inconclusive,GNB,BISSAU,02/03/2025 13:43,4,03/10/2025 09:25,4,"34,8",DAKAR,TRUE,"7,629,352,778","SEN, GNB",FALSE,"SRFC, IWC, ACAP, NAMMCO, ICCAT",FALSE,NA,FALSE,NA,TRUE,"99,9"
,,,,,,,,FU YUAN YU 7853,412440815,CHN,fishing,drifting_longlines,SEN,DAKAR,01/09/2025 01:30,4,1/22/25 12:03,4,"13,4",DAKAR,TRUE,"7,834,916,667",SEN,TRUE,"IWC, ACAP, SRFC, ICCAT, NAMMCO",FALSE,NA,TRUE,2,TRUE,"99,4"
,,,,,,,,CURBEIRO,224106000,ESP,fishing,trawlers,SEN,DAKAR,02/02/2025 02:43,4,02/03/2025 06:27,4,"1,1",DAKAR,FALSE,NA,NA,FALSE,NA,FALSE,NA,FALSE,NA,NA,100
,,,,,,,,YINGMING8031,412209008,CHN,fishing,trawlers,GNB,BISSAU,03/12/2025 19:33,4,3/31/25 14:40,4,"18,8",DAKAR,TRUE,"3,913,243,056","SEN, GNB",FALSE,"ACAP, IWC, ICCAT, SRFC, NAMMCO",FALSE,NA,TRUE,5,TRUE,"95,4"
CHECK,,,,,unknown,,,SALVATORE PRIMO,62900238,GMB,fishing,unknown,GIN,CONAKRY,2/20/25 17:53,4,03/01/2025 13:23,3,"8,8",DAKAR,TRUE,"9,780,486,111","GMB, SEN, GIN",FALSE,"ICCAT, ACAP, SRFC, IWC, NAMMCO",FALSE,NA,TRUE,4,TRUE,100
CHECK,,,,fishing,Trawlers,,,YIFENG29,412209127,CHN,fishing,trawlers,SEN,DAKAR,03/05/2025 07:31,4,3/18/25 14:21,4,"13,3",DAKAR,FALSE,NA,NA,FALSE,NA,FALSE,NA,TRUE,12,TRUE,"52,2"
,,,,,,,,IRIS,629009068,GMB,fishing,trawlers,GMB,BANJUL,1/20/25 11:05,4,1/20/25 19:56,4,"0,3",DAKAR,FALSE,NA,NA,FALSE,NA,FALSE,NA,FALSE,NA,TRUE,100
,,,,,,,,KAO FONG NO.1,416128800,TWN,fishing,drifting_longlines,ZAF,CAPE TOWN,9/26/24 7:10,4,2/25/25 6:40,4,152,DAKAR,TRUE,"5,320,546,944",NA,TRUE,"NAMMCO, IWC, ACAP, ICCAT",TRUE,8,TRUE,8,NA,NA
,,,,,,,,TWENTY,629009232,GMB,fishing,trawlers,SEN,DAKAR,1/27/25 4:10,4,02/12/2025 10:53,4,"16,3",DAKAR,TRUE,"4,967,027,778",GMB,FALSE,"ICCAT, IWC, ACAP, SRFC, NAMMCO",FALSE,NA,TRUE,16,NA,"25,1"
CHECK,,,,,Trawlers,,,YANGMING8001,412209195,CHN,fishing,trawlers,SEN,DAKAR,12/15/24 22:46,4,01/01/2025 09:29,4,"16,4",DAKAR,TRUE,"1,281,280,556",GNB,FALSE,"NAMMCO, ICCAT, SRFC, IWC, ACAP",FALSE,NA,FALSE,NA,NA,NA
,,,,,,,,HAIXIN24,412201867,CHN,fishing,trawlers,GNB,BISSAU,02/12/2025 00:26,4,2/25/25 16:07,4,"13,6",DAKAR,TRUE,"1,634,701,389","SEN, GNB",FALSE,"NAMMCO, ICCAT, SRFC, ACAP, IWC",FALSE,NA,TRUE,10,TRUE,"50,5"
,,,,,,,,COSTA DE  HUELVA,224854000,ESP,fishing,trawlers,MRT,CANSADO,01/07/2025 20:55,4,01/09/2025 13:13,4,"1,7",DAKAR,FALSE,NA,NA,FALSE,NA,FALSE,NA,FALSE,NA,TRUE,100
REMOVE ,not reefer,,,,,,,CAMEROUN EXPRESS,563229800,SGP,other,other,CIV,ABIDJAN,02/11/2025 06:51,4,2/14/25 9:37,4,"3,1",DAKAR,FALSE,NA,NA,FALSE,NA,FALSE,NA,FALSE,NA,NA,100
,,,,,,,,YIFENG7,412200996,CHN,fishing,trawlers,SEN,DAKAR,03/08/2025 11:42,4,3/21/25 23:28,4,"13,5",DAKAR,TRUE,"4,676,055,556","SEN, GNB",FALSE,"IWC, ACAP, ICCAT, SRFC, NAMMCO",FALSE,NA,TRUE,10,TRUE,"28,9"
,,,,,,,,ALFONSO RIERA CUARTO,224026860,ESP,fishing,trawlers,GNB,BISSAU,02/06/2025 20:20,4,03/12/2025 19:06,4,"33,9",DAKAR,TRUE,"7,444,861,111",GNB,FALSE,"ACAP, ICCAT, IWC, SRFC, NAMMCO",FALSE,NA,TRUE,1,TRUE,100
,,,,,,,,TWENTY,629009232,GMB,fishing,trawlers,SEN,DAKAR,12/10/2024 20:48,3,1/22/25 15:44,4,"42,8",DAKAR,TRUE,"2,259,983,333",GMB,FALSE,"NAMMCO, ACAP, SRFC, IWC, ICCAT",FALSE,NA,TRUE,45,NA,NA
CHECK,,,,Fishing,Trawlers,,,EIGHTEEN,629009118,GMB,fishing,trawlers,SEN,DAKAR,3/16/25 1:07,4,3/17/25 6:56,4,"1,2",DAKAR,FALSE,NA,NA,FALSE,NA,FALSE,NA,FALSE,NA,NA,100
,,,,,,,,GUOJIN908,412549197,CHN,fishing,trawlers,SEN,DAKAR,2/27/25 4:19,4,03/05/2025 19:08,4,"6,6",DAKAR,TRUE,"1,299,733,333",SEN,FALSE,"ICCAT, ACAP, NAMMCO, IWC, SRFC",TRUE,1,TRUE,5,TRUE,"98,8"
,,,,,,,,YIFENG21,412209011,CHN,fishing,trawlers,GNB,BISSAU,2/14/25 3:46,4,2/28/25 15:46,4,"14,5",DAKAR,TRUE,"1,974,930,556","GNB, SEN",FALSE,"NAMMCO, ACAP, ICCAT, IWC, SRFC",FALSE,NA,TRUE,10,TRUE,"21,8"
,,,,,,,,YANGMING8007,412209199,CHN,fishing,trawlers,GNB,BISSAU,12/30/24 23:23,4,01/01/2025 00:42,4,1,DAKAR,FALSE,NA,NA,FALSE,NA,FALSE,NA,FALSE,NA,NA,NA
,,,,,,,,GUOJIN901,412549196,CHN,fishing,trawlers,SEN,DAKAR,2/27/25 1:53,4,03/08/2025 18:44,4,"9,7",DAKAR,TRUE,"2,825,633,333",SEN,FALSE,"ICCAT, NAMMCO, IWC, SRFC, ACAP",FALSE,NA,TRUE,5,TRUE,97
,,,,,,,,FRIOMAR,225989933,ESP,fishing,trawlers,MRT,CANSADO,2/26/25 19:41,4,2/28/25 16:45,3,"1,9",DAKAR,FALSE,NA,NA,FALSE,NA,FALSE,NA,FALSE,NA,TRUE,100
CHECK,,,,Fishing,Trawlers,,,EIGHTEEN,629009118,GMB,fishing,trawlers,SEN,DAKAR,3/14/25 11:49,4,3/14/25 15:12,4,"0,1",DAKAR,FALSE,NA,NA,FALSE,NA,FALSE,NA,FALSE,NA,TRUE,100
CHECK,,,,,Trawlers,,,HAIXIN28,412201872,CHN,fishing,trawlers,SEN,DAKAR,03/01/2025 17:11,3,3/19/25 11:53,4,"17,8",DAKAR,TRUE,"5,958,815,278","GNB, SEN",FALSE,"SRFC, NAMMCO, ACAP, IWC, ICCAT",FALSE,NA,TRUE,4,TRUE,96
,,,,,,,,HAIXIN27,412201871,CHN,fishing,trawlers,SEN,DAKAR,2/27/25 19:31,4,3/15/25 14:29,4,"15,8",DAKAR,TRUE,"1,475,069,444","SEN, GNB",FALSE,"SRFC, ICCAT, IWC, NAMMCO, ACAP",FALSE,NA,TRUE,9,TRUE,"45,8"
REMOVE ,not reefer,,,,,,,COLOMBIAN STAR,636014240,LBR,carrier,carrier,CIV,ABIDJAN,01/09/2025 17:01,4,01/12/2025 17:11,4,3,DAKAR,FALSE,NA,NA,FALSE,NA,FALSE,NA,FALSE,NA,NA,100
,,,,,,,,GUOJIN908,412549197,CHN,fishing,trawlers,SEN,DAKAR,04/10/2024 07:50,4,2/26/25 17:23,4,"322,4",DAKAR,TRUE,"3,717,275",SEN,FALSE,"IWC, SRFC, NAMMCO, ICCAT, ACAP",TRUE,1,TRUE,1,NA,NA
REMOVE ,not reefer,,,,,,,COTE DIVOIRE EXPRESS,563237900,SGP,other,other,CIV,ABIDJAN,2/25/25 21:56,4,2/28/25 17:58,4,"2,8",DAKAR,FALSE,NA,NA,FALSE,NA,FALSE,NA,FALSE,NA,NA,100
,,,,,,,,ALFONSO RIERA TERCER,224282000,ESP,fishing,trawlers,MRT,CANSADO,1/31/25 7:20,4,02/01/2025 21:11,4,"1,5",DAKAR,FALSE,NA,NA,FALSE,NA,FALSE,NA,FALSE,NA,TRUE,100
,,,,,,,,FU YUAN YU 7855,412440839,CHN,fishing,drifting_longlines,SEN,DAKAR,12/23/24 18:55,4,1/30/25 14:10,4,"37,8",DAKAR,TRUE,"1209,08",NA,TRUE,"ACAP, NAMMCO, IWC, ICCAT",FALSE,NA,TRUE,9,NA,NA
CHECK,,,,,Trawlers,,,HAIXIN28,412201872,CHN,fishing,trawlers,GNB,BISSAU,02/05/2025 22:03,3,02/06/2025 07:34,3,"0,4",DAKAR,FALSE,NA,NA,FALSE,NA,FALSE,NA,FALSE,NA,TRUE,30
,,,,,,,,YIFENG28,412209126,CHN,fishing,trawlers,SEN,DAKAR,3/23/25 3:49,4,3/31/25 21:44,4,"8,7",DAKAR,TRUE,"247,775","SEN, GNB",FALSE,"NAMMCO, ICCAT, SRFC, ACAP, IWC",FALSE,NA,TRUE,6,NA,"70,1"
,,,,,,,,COTE D IVOIRIAN STAR,636014241,LBR,carrier,carrier,CIV,ABIDJAN,1/16/25 22:07,4,1/20/25 2:02,4,"3,1",DAKAR,FALSE,NA,NA,FALSE,NA,FALSE,NA,FALSE,NA,NA,100
,,,,,,,,MENGXIN24,412209175,CHN,fishing,trawlers,GIN,CONAKRY,01/09/2025 13:04,4,01/10/2025 10:10,4,"0,9",DAKAR,FALSE,NA,NA,FALSE,NA,FALSE,NA,FALSE,NA,TRUE,"95,5"
,,,,,,,,YUAN YU 890,412549341,CHN,fishing,trawlers,GNB,BISSAU,1/25/25 15:41,4,1/27/25 4:41,4,"1,5",DAKAR,FALSE,NA,NA,FALSE,NA,FALSE,NA,FALSE,NA,TRUE,100
,,,,,,,,YUEN HORNG NO.2,416358000,TWN,fishing,drifting_longlines,CPV,MINDELO,9/18/24 16:40,4,01/08/2025 14:36,4,"111,9",DAKAR,TRUE,"6,449,489,167",SEN,TRUE,"IWC, SRFC, ACAP, ICCAT, NAMMCO",TRUE,3,TRUE,6,NA,NA
,,,,,,,,YIFENG21,412209011,CHN,fishing,trawlers,SEN,DAKAR,3/16/25 13:01,4,3/31/25 10:13,4,"14,9",DAKAR,TRUE,"2,303,069,444","GNB, SEN",FALSE,"NAMMCO, ICCAT, ACAP, IWC, SRFC",FALSE,NA,TRUE,11,NA,38
,,,,,,,,PEIX MAR VEINTINUEVE,224372000,ESP,fishing,trawlers,GNB,BISSAU,1/31/25 22:21,4,3/14/25 7:12,4,"41,3",DAKAR,TRUE,"8,875,941,667","SEN, GNB",FALSE,"ICCAT, SRFC, NAMMCO, IWC, ACAP",FALSE,NA,FALSE,NA,TRUE,"94,3"
,,,,,,,,LA PINTA R,224175000,ESP,fishing,trawlers,GAB,PORT GENTIL,2/19/25 11:30,4,2/28/25 11:39,4,9,DAKAR,FALSE,NA,NA,FALSE,NA,FALSE,NA,FALSE,NA,TRUE,"79,7"
,,,,,,,,HAI FENG 823,412660240,CHN,carrier,carrier,GNB,BISSAU,01/05/2025 07:21,4,01/06/2025 14:39,4,"1,3",DAKAR,FALSE,NA,NA,FALSE,NA,FALSE,NA,FALSE,NA,TRUE,100
CHECK,,,,,unknown,,,YUAN YU 889,412549339,CHN,fishing,unknown,GNB,BISSAU,1/25/25 17:06,4,1/27/25 5:29,4,"1,5",DAKAR,FALSE,NA,NA,FALSE,NA,FALSE,NA,FALSE,NA,TRUE,100
CHECK,,,,,unknown,,,YUAN YU 888,412549333,CHN,fishing,unknown,GNB,BISSAU,1/18/25 10:17,4,1/19/25 23:18,4,"1,5",DAKAR,FALSE,NA,NA,FALSE,NA,FALSE,NA,FALSE,NA,TRUE,100
REMOVE ,Research vessel ,,,,,,,ALHASSAN ALMARRAKCHI,242017400,MAR,fishing,inconclusive,SEN,DAKAR,1/24/25 20:03,4,1/25/25 17:35,4,"0,9",DAKAR,TRUE,"1,175,833,333",SEN,FALSE,"IWC, ACAP, ICCAT, NAMMCO, SRFC",FALSE,NA,FALSE,NA,NA,100
,,,,,,,,CIUDAD DE HUELVA,225987981,ESP,fishing,trawlers,SEN,DAKAR,11/21/24 18:47,4,01/01/2025 09:33,4,"40,6",DAKAR,TRUE,"9,380,461,111","SEN, GNB",FALSE,"IWC, NAMMCO, ICCAT, ACAP, SRFC",FALSE,NA,TRUE,2,NA,NA
,,,,,,,,RIODOMAR QUINTO,224394000,ESP,fishing,trawlers,MRT,CANSADO,2/13/25 20:15,4,2/15/25 21:39,4,2,DAKAR,FALSE,NA,NA,FALSE,NA,FALSE,NA,FALSE,NA,TRUE,100
CHECK,,,,Fishing,Trawlers,,,EIGHTEEN,629009118,GMB,fishing,trawlers,SEN,DAKAR,12/10/2024 01:17,4,1/23/25 10:21,4,"44,4",DAKAR,FALSE,NA,NA,FALSE,NA,FALSE,NA,TRUE,20,NA,NA
,,,,,,,,HAIXIN24,412201867,CHN,fishing,trawlers,SEN,DAKAR,2/26/25 9:05,4,2/27/25 6:32,4,"0,9",DAKAR,FALSE,NA,NA,FALSE,NA,FALSE,NA,FALSE,NA,TRUE,"4,5"
,,,,,,,,GOBER CUARTO,224068180,ESP,fishing,trawlers,MRT,CANSADO,02/05/2025 19:44,4,02/07/2025 19:02,4,2,DAKAR,FALSE,NA,NA,FALSE,NA,FALSE,NA,FALSE,NA,TRUE,100
CHECK,,,,Fishing,unknown,,,YI FENG 25,412209122,CHN,fishing,unknown,GNB,BISSAU,2/13/25 20:10,4,03/03/2025 22:38,4,"18,1",DAKAR,FALSE,NA,NA,FALSE,NA,FALSE,NA,TRUE,11,TRUE,"76,8"
,,,,,,,,MENGXIN28,412209179,CHN,fishing,trawlers,GIN,CONAKRY,01/02/2025 21:15,4,01/04/2025 19:33,4,"1,9",DAKAR,FALSE,NA,NA,FALSE,NA,FALSE,NA,FALSE,NA,TRUE,"91,5"
