s2id,iso3,label,gfw_sublabel,lat,lon,dock,distance_from_shore_m,port_or_anchorage,tmt_sublabel,GhanaEEZ
1023e145,TGO,LOME,LOME,6.1364940776741781,1.2768192388444284,TRUE,0,Port,Container terminal ,
1023e14f,TGO,LOME,LOME,6.1386768064706256,1.2821874664842068,TRUE,0,Port,Mole 1,
1023e151,TGO,LOME,LOME,6.1416143282626061,1.2827525257026369,TRUE,0,Port,Container terminal ,
1023e153,TGO,LOME,LOME,6.1425944095382707,1.2865696442408041,TRUE,1000,Port,Container terminal ,
1023e6ad,TGO,LOME,LOME,6.143208034,1.2894761987098453,TRUE,1000,Port,Fishing port,
1023e14d,TGO,LOME,LOME,6.1386713766215708,1.2862005782293982,TRUE,1000,Port,Port entrance,
1023e6b3,TGO,LOME,LOME,6.1393814598972822,1.2895565403613258,TRUE,1000,Port,Tanker,
10215f89,TGO,LOME,LOME,6.0954989101887964,1.2098305967373346,FALSE,2000,Anchorage ,Anchorage ,
1023e03b,TGO,LOME,LOME,6.0955221616124069,1.2237667523663962,FALSE,2000,Anchorage ,Anchorage ,
1023e025,TGO,LOME,LOME,6.0954173816199386,1.2191511344692461,FALSE,2000,Anchorage ,Anchorage ,
1023e0ef,TGO,LOME,LOME,6.0954462519437129,1.2625870031992639,FALSE,4000,Anchorage ,Anchorage ,
1023e0e7,TGO,LOME,LOME,6.1010653345255612,1.2672228791882445,FALSE,4000,Anchorage ,Anchorage ,
1023e0d7,TGO,LOME,LOME,6.1062148072148332,1.2820792191693804,FALSE,4000,Anchorage ,Anchorage ,
1023e05d,TGO,LOME,LOME,6.0901049126876288,1.2434318160169073,FALSE,4000,Anchorage ,Anchorage ,
1023e041,TGO,LOME,LOME,6.0904413575721064,1.2335958919484287,FALSE,4000,Anchorage ,Anchorage ,
1023e12b,TGO,LOME,LOME,6.1112195669936371,1.2867009835921057,FALSE,4000,Anchorage ,Anchorage ,
1023e08b,TGO,LOME,LOME,6.0853362457366469,1.2526998077741589,FALSE,4000,Anchorage ,Anchorage ,
1023e0e9,TGO,LOME,LOME,6.0952055357032329,1.2673891769337027,FALSE,4000,Anchorage ,Anchorage ,
1023e0dd,TGO,LOME,LOME,6.1003994532269417,1.2718779024272373,FALSE,4000,Anchorage ,Anchorage ,
1023e0e5,TGO,LOME,LOME,6.1008146132729975,1.2629066433298366,FALSE,4000,Anchorage ,Anchorage ,
1023e06b,TGO,LOME,LOME,6,1.2336239666881852,FALSE,4000,Anchorage ,Anchorage ,
1023e061,TGO,LOME,LOME,6.0852628770809725,1.2484181168451569,FALSE,4000,Anchorage ,Anchorage ,
1023e0d5,TGO,LOME,LOME,6.1062216109458261,1.2867993282799011,FALSE,4000,Anchorage ,Anchorage ,
1023e011,TGO,LOME,LOME,6.0798453524621019,1.2243284796035754,FALSE,4000,Anchorage ,Anchorage ,
1023e01d,TGO,LOME,LOME,6.0797550354144283,1.214595388744472,FALSE,4000,Anchorage ,Anchorage ,
1023e043,TGO,LOME,LOME,6,1,FALSE,4000,Anchorage ,Anchorage ,
1023e0d9,TGO,LOME,LOME,6.1060985133079164,1.2774854878683763,FALSE,4000,Anchorage ,Anchorage ,
1023e067,TGO,LOME,LOME,6.0850940277357832,1.2432867601031681,FALSE,4000,Anchorage ,Anchorage ,
1023e05f,TGO,LOME,LOME,6.0899937984101165,1.2481831026282315,FALSE,4000,Anchorage ,Anchorage ,
10215ff5,TGO,LOME,LOME OFFSHORE,6.0849858924618321,1.2094498311984596,FALSE,4000,Anchorage ,Anchorage ,
1023e727,TGO,LOME,LOME,6.1060523081983185,1.3010173538400109,FALSE,4000,Anchorage ,Anchorage ,
1023e6d9,TGO,LOME,LOME,6.1111209958797312,1.3008858446990106,FALSE,4000,Anchorage ,Anchorage ,
1023e0f5,TGO,LOME,LOME,6.0899644400118644,1,FALSE,4000,Anchorage ,Anchorage ,
1023e03f,TGO,LOME,LOME,6.0904320554072084,1.2288907824913715,FALSE,4000,Anchorage ,Anchorage ,
1023e129,TGO,LOME,LOME,6.1112730737693646,1.2820766657685552,FALSE,4000,Anchorage ,Anchorage ,
1023e6d5,TGO,LOME,LOME,6,1.2918337452156878,FALSE,4000,Anchorage ,Anchorage ,
1023e01b,TGO,LOME,LOME,6.0800276068380557,1.2192157726136608,FALSE,4000,Anchorage ,Anchorage ,
1023e72b,TGO,LOME,LOME,6.105809727572602,1.2912994843372803,FALSE,4000,Anchorage ,Anchorage ,
1023e015,TGO,LOME,LOME,6,1.2288233867004026,FALSE,4000,Anchorage ,Anchorage ,
1023e0c3,TGO,LOME,LOME,6.0954402923493323,1.2723761983434712,FALSE,4000,Anchorage ,Anchorage ,
1023e0f1,TGO,LOME,LOME,6.0959806528464435,1.2575521472064386,FALSE,4000,Anchorage ,Anchorage ,
1023e0fb,TGO,LOME,LOME,6,1.2579915903212677,FALSE,4000,Anchorage ,Anchorage ,
1023e729,TGO,LOME,LOME,6.1056691977684139,1.296439740636262,FALSE,4000,Anchorage ,Anchorage ,
1023e127,TGO,LOME,LOME,6.1112214303893886,1.2773328899355285,FALSE,4000,Anchorage ,Anchorage ,
1023e6d7,TGO,LOME,LOME,6.1116473162742491,1.2963068510380604,FALSE,4000,Anchorage ,Anchorage ,
1023e753,TGO,LOME,LOME,6,1.2914276658854231,FALSE,8000,Anchorage ,Anchorage ,
1023dfd3,TGO,LOME,LOME,6.0584434514633907,1.2478045082946876,FALSE,8000,Anchorage ,Anchorage ,
1023e75b,TGO,LOME,LOME,6.0741529980206064,1.3008583331418226,FALSE,8000,Anchorage ,Anchorage ,
1023df8f,TGO,LOME,LOME,6.0369561095376412,1.2193813175722057,FALSE,8000,Anchorage ,Anchorage ,Ghana EEZ
1023e741,TGO,LOME,LOME,6.0848836281067031,1.3059258133392933,FALSE,8000,Anchorage ,Anchorage ,
1023dfeb,TGO,LOME,LOME,6.0480777567846467,1.2289689985774346,FALSE,8000,Anchorage ,Anchorage ,
1023e757,TGO,LOME,LOME,6.0688707554831129,1.2960513906886568,FALSE,8000,Anchorage ,Anchorage ,
1023de21,TGO,LOME,LOME,6.0637537677251689,1.267489778130007,FALSE,8000,Anchorage ,Anchorage ,
1023e0ab,TGO,LOME,LOME,6.0688569801555952,1.2866212812257862,FALSE,8000,Anchorage ,Anchorage ,
1023de23,TGO,LOME,LOME,6.0584535383599647,1.267361710659977,FALSE,8000,Anchorage ,Anchorage ,
1023e759,TGO,LOME,LOME,6.0688522465526491,1.3010888830633931,FALSE,8000,Anchorage ,Anchorage ,
1023e755,TGO,LOME,LOME,6.0690813707860993,1.2914669430610606,FALSE,8000,Anchorage ,Anchorage ,
1023dfc1,TGO,LOME,LOME,6.0479104355693289,1.2339950026568962,FALSE,8000,Anchorage ,Anchorage ,
1023dfd5,TGO,LOME,LOME,6.0639314464429752,1.2481331819385317,FALSE,8000,Anchorage ,Anchorage ,
1023e0a5,TGO,LOME,LOME,6.0741981485651095,1.2770338757720658,FALSE,8000,Anchorage ,Anchorage ,
1023df93,TGO,LOME,LOME,6.0430076101785133,1.2241180290629696,FALSE,8000,Anchorage ,Anchorage ,
1023de1f,TGO,LOME,LOME,6.0639642273706347,1.2724092066316668,FALSE,8000,Anchorage ,Anchorage ,
1023df8d,TGO,LOME,LOME,6.042993289926498,1.2192857509962272,FALSE,8000,Anchorage ,Anchorage ,Ghana EEZ
1023e751,TGO,LOME,LOME,6,1.2961831794024252,FALSE,8000,Anchorage ,Anchorage ,
1023e743,TGO,LOME,LOME,6.0796927838203674,1.3057707349761629,FALSE,8000,Anchorage ,Anchorage ,
1023e0a9,TGO,LOME,LOME,6.0690742496156256,1.2819446470977767,FALSE,8000,Anchorage ,Anchorage ,
1023e769,TGO,LOME,LOME,6.0788945107843837,1,FALSE,8000,Anchorage ,Anchorage ,
1023e0a7,TGO,LOME,LOME,6.0695513610410465,1.2772654822273539,FALSE,8000,Anchorage ,Anchorage ,
1023de19,TGO,LOME,LOME,6,1,FALSE,8000,Anchorage ,Anchorage ,
1023dfcf,TGO,LOME,LOME,6.0528549809096805,1.2434162795984562,FALSE,8000,Anchorage ,Anchorage ,
1023de2f,TGO,LOME,LOME,6.0585821762706082,1.257784939694486,FALSE,8000,Anchorage ,Anchorage ,
1023de29,TGO,LOME,LOME,6.0636346456830079,1.2579447385202247,FALSE,8000,Anchorage ,Anchorage ,
10216021,TGO,LOME,LOME,6.042826673503181,1.2096477275040562,FALSE,8000,Anchorage ,Anchorage ,Ghana EEZ
1023de2d,TGO,LOME,LOME,6.0585077836978245,1.2530694583648438,FALSE,8000,Anchorage ,Anchorage ,
1023e76f,TGO,LOME,LOME,6.0796581566868939,1.3153451222535926,FALSE,8000,Anchorage ,Anchorage ,
1023e0af,TGO,LOME,LOME,6.0740629911982227,1.2820351481138519,FALSE,8000,Anchorage ,Anchorage ,
1023de2b,TGO,LOME,LOME,6.063742736582955,1.2529544144629603,FALSE,8000,Anchorage ,Anchorage ,
1023df89,TGO,LOME,LOME,6.0369903994189151,1.2151460012735893,FALSE,8000,Anchorage ,Anchorage ,Ghana EEZ
10216027,TGO,LOME,LOME,6.0372659916191624,1.2096801431536928,FALSE,8000,Anchorage ,Anchorage ,Ghana EEZ
1023dfc9,TGO,LOME,LOME,6.048045805906761,1.2435707531047209,FALSE,8000,Anchorage ,Anchorage ,
1023df8b,TGO,LOME,LOME,6.0426196784671067,1.2148089358220893,FALSE,8000,Anchorage ,Anchorage ,Ghana EEZ
1023dfe9,TGO,LOME,LOME,6.0533073911038695,1.2290675219414549,FALSE,8000,Anchorage ,Anchorage ,
1023dfc7,TGO,LOME,LOME,6.0480156879864051,1.238743887138678,FALSE,8000,Anchorage ,Anchorage ,
1023dfc3,TGO,LOME,LOME,6.0530975772693107,1.2339303148802894,FALSE,8000,Anchorage ,Anchorage ,
1023df91,TGO,LOME,LOME,6.0372797227850743,1.224227364689632,FALSE,8000,Anchorage ,Anchorage ,Ghana EEZ
1023e0ad,TGO,LOME,LOME,6.0742357114899761,1.2866033043971998,FALSE,8000,Anchorage ,Anchorage ,
1023dfc5,TGO,LOME,LOME,6.0532881841498813,1.2385938161779653,FALSE,8000,Anchorage ,Anchorage ,
1023e76d,TGO,LOME,LOME,6,1.3150957851649325,FALSE,8000,Anchorage ,Anchorage ,
1023de27,TGO,LOME,LOME,6,1.2628524759366371,FALSE,8000,Anchorage ,Anchorage ,
1023de25,TGO,LOME,LOME,6.0585428361910232,1.2626794832494492,FALSE,8000,Anchorage ,Anchorage ,
1023d8c5,TGO,LOME,LOME,5.9689689730454711,1.2382850657598579,FALSE,16000,Anchorage ,Anchorage ,Ghana EEZ
1023dc19,TGO,LOME,LOME,6.0007066926354256,1.2958936599794466,FALSE,16000,Anchorage ,Anchorage ,
1023dc61,TGO,LOME,LOME,6.0002459000105821,1.3249111140712571,FALSE,16000,Anchorage ,Anchorage ,
1023d933,TGO,LOME,LOME,6,1.2626452258760887,FALSE,16000,Anchorage ,Anchorage ,
1023d8b7,TGO,LOME,LOME,6,1.2291986004451569,FALSE,16000,Anchorage ,Anchorage ,Ghana EEZ
1023dc13,TGO,LOME,LOME,5.9951846591627724,1.3062117174352861,FALSE,16000,Anchorage ,Anchorage ,
1023dc65,TGO,LOME,LOME,5.9958095819078121,1.3200404447150418,FALSE,16000,Anchorage ,Anchorage ,
1023d8af,TGO,LOME,LOME,5.9741062756296213,1.2193964470955692,FALSE,16000,Anchorage ,Anchorage ,Ghana EEZ
1023dcf7,TGO,LOME,LOME,6.0105351983525894,1.3297086575433845,FALSE,16000,Anchorage ,Anchorage ,
1023dc69,TGO,LOME,LOME,6.0003155496158511,1.3153158925243809,FALSE,16000,Anchorage ,Anchorage ,
1023ded3,TGO,LOME,LOME,6,1.2577620400557614,FALSE,16000,Anchorage ,Anchorage ,
1023d92b,TGO,LOME,LOME,5.9796133529845861,1.2531261811258863,FALSE,16000,Anchorage ,Anchorage ,
1023d8b9,TGO,LOME,LOME,5.9687401302680687,1.2290949779255653,FALSE,16000,Anchorage ,Anchorage ,Ghana EEZ
1023dec9,TGO,LOME,LOME,5.9898444304774916,1.2675061257563731,FALSE,16000,Anchorage ,Anchorage ,
1023df2b,TGO,LOME,LOME,5.9845522961647681,1.2479128318387007,FALSE,16000,Anchorage ,Anchorage ,
1023deaf,TGO,LOME,LOME,5.989650191662145,1.281521054678898,FALSE,16000,Anchorage ,Anchorage ,
1023d8c7,TGO,LOME,LOME,5.9688261520914914,1.2332585900134894,FALSE,16000,Anchorage ,Anchorage ,Ghana EEZ
1023deb1,TGO,LOME,LOME,6,1.2769643653503606,FALSE,16000,Anchorage ,Anchorage ,
1023d8c9,TGO,LOME,LOME,5.9741294363938966,1.2339236708434356,FALSE,16000,Anchorage ,Anchorage ,Ghana EEZ
1023dc17,TGO,LOME,LOME,6.0008532331088453,1.300878411345568,FALSE,16000,Anchorage ,Anchorage ,
1023d8bb,TGO,LOME,LOME,5.9685893019525844,1.2245723819526397,FALSE,16000,Anchorage ,Anchorage ,Ghana EEZ
1023dc59,TGO,LOME,LOME,6.0109823703511021,1.3254999023098031,FALSE,16000,Anchorage ,Anchorage ,
1023dc11,TGO,LOME,LOME,5.995114962021689,1.3013776038718974,FALSE,16000,Anchorage ,Anchorage ,
1023d8b1,TGO,LOME,LOME,5.9744522782707712,1.2233839695113196,FALSE,16000,Anchorage ,Anchorage ,Ghana EEZ
1023dea7,TGO,LOME,LOME,5.994897277408147,1.2866222967204957,FALSE,16000,Anchorage ,Anchorage ,
1023dc67,TGO,LOME,LOME,6.0009488751732594,1.3206127953288116,FALSE,16000,Anchorage ,Anchorage ,
1023decd,TGO,LOME,LOME,6,1.2625093038723894,FALSE,16000,Anchorage ,Anchorage ,
1023dea9,TGO,LOME,LOME,5.9898238725393336,1.2865483574491525,FALSE,16000,Anchorage ,Anchorage ,
1023dc1d,TGO,LOME,LOME,5.9949338444323192,1.2914949808594232,FALSE,16000,Anchorage ,Anchorage ,
1023d8d5,TGO,LOME,LOME,5.978980814612993,1.2478380264999607,FALSE,16000,Anchorage ,Anchorage ,
1023d8db,TGO,LOME,LOME,5.9687628416958995,1.2435415748589238,FALSE,16000,Anchorage ,Anchorage ,Ghana EEZ
1023d8cf,TGO,LOME,LOME,5.9739388033788519,1.2388478580319391,FALSE,16000,Anchorage ,Anchorage ,Ghana EEZ
1023d92d,TGO,LOME,LOME,6,1.2575566846900397,FALSE,16000,Anchorage ,Anchorage ,
1023ded5,TGO,LOME,LOME,5.9839775378519624,1,FALSE,16000,Anchorage ,Anchorage ,
1023dc6b,TGO,LOME,LOME,6.000169158548263,1.3108411790428993,FALSE,16000,Anchorage ,Anchorage ,
1023deb7,TGO,LOME,LOME,5.9894126734145585,1.2720347984710783,FALSE,16000,Anchorage ,Anchorage ,
1023dc03,TGO,LOME,LOME,5.9898593796859991,1.2917845001079666,FALSE,16000,Anchorage ,Anchorage ,
1023dc15,TGO,LOME,LOME,5.999822279499452,1.3061328935074976,FALSE,16000,Anchorage ,Anchorage ,
1023d8a5,TGO,LOME,LOME,5.968675542869712,1.2195930300050306,FALSE,16000,Anchorage ,Anchorage ,Ghana EEZ
1023d8d1,TGO,LOME,LOME,5.9745127916480492,1.2436231318918469,FALSE,16000,Anchorage ,Anchorage ,Ghana EEZ
1023dec7,TGO,LOME,LOME,5.9952711065719688,1.2670789150600028,FALSE,15000,Anchorage ,Anchorage ,
1023debd,TGO,LOME,LOME,6.0002344623078141,1.2769645518580721,FALSE,15000,Anchorage ,Anchorage ,
10216207,TGO,LOME,LOME,5.9746890382581155,1.209589780374779,FALSE,15000,Anchorage ,Anchorage ,Ghana EEZ
1023df4d,TGO,LOME,LOME,5.9847823583331321,1.2245044219788073,FALSE,15000,Anchorage ,Anchorage ,Ghana EEZ
1023dc25,TGO,LOME,LOME,6.0106315132703854,1.2957350533990539,FALSE,15000,Anchorage ,Anchorage ,
1023dc57,TGO,LOME,LOME,6.0160949254959419,1,FALSE,15000,Anchorage ,Anchorage ,
1023debf,TGO,LOME,LOME,6.0002206445363022,1.2722724830490051,FALSE,15000,Anchorage ,Anchorage ,
1023dce3,TGO,LOME,LOME,6,1.3397459663956819,FALSE,15000,Anchorage ,Anchorage ,
1023dc39,TGO,LOME,LOME,6.0110236809906432,1.3057722630103203,FALSE,15000,Anchorage ,Anchorage ,
1023dc5b,TGO,LOME,LOME,6.0110348290812876,1.3203576757242985,FALSE,15000,Anchorage ,Anchorage ,
1023ded9,TGO,LOME,LOME,6,1.2530942422537963,FALSE,15000,Anchorage ,Anchorage ,
1023dc43,TGO,LOME,LOME,6.0052813502534637,1.3154250432591168,FALSE,15000,Anchorage ,Anchorage ,
1023ded7,TGO,LOME,LOME,5.9901266350552573,1.253097690056844,FALSE,15000,Anchorage ,Anchorage ,
1023dc5d,TGO,LOME,LOME,6.005386831877459,1.320525545092968,FALSE,15000,Anchorage ,Anchorage ,
1023decf,TGO,LOME,LOME,5.9897042037148136,1.2625504656794435,FALSE,15000,Anchorage ,Anchorage ,
1023dec1,TGO,LOME,LOME,6.0002067148772316,1.2674746632022762,FALSE,15000,Anchorage ,Anchorage ,
1023df29,TGO,LOME,LOME,5.9895030467929162,1.2478913336799438,FALSE,15000,Anchorage ,Anchorage ,
1023dc1f,TGO,LOME,LOME,5.9997812874806336,1.2918852591964516,FALSE,15000,Anchorage ,Anchorage ,
1023d8cd,TGO,LOME,LOME,5.9790232180765193,1.2383343092653714,FALSE,15000,Anchorage ,Anchorage ,Ghana EEZ
1023dcf9,TGO,LOME,LOME,6,1.3304258493288341,FALSE,15000,Anchorage ,Anchorage ,
1023dea1,TGO,LOME,LOME,6.0009540858398749,1.2867635190247413,FALSE,15000,Anchorage ,Anchorage ,
1023d8d3,TGO,LOME,LOME,5.9794422811439123,1.2438127555360841,FALSE,15000,Anchorage ,Anchorage ,Ghana EEZ
1023dce5,TGO,LOME,LOME,6.0160709466494104,1.3393547056141253,FALSE,15000,Anchorage ,Anchorage ,
1023dc3d,TGO,LOME,LOME,6,1.3010602568531806,FALSE,15000,Anchorage ,Anchorage ,
1023dc23,TGO,LOME,LOME,6.005559197182242,1.2962349775636572,FALSE,15000,Anchorage ,Anchorage ,
1023dc55,TGO,LOME,LOME,6.0217744752650857,1.3250286202045416,FALSE,15000,Anchorage ,Anchorage ,
1023dc45,TGO,LOME,LOME,6.0106196789982151,1.3154868380432558,FALSE,15000,Anchorage ,Anchorage ,
1023dc3f,TGO,LOME,LOME,6.0051662158462964,1.3055912530399263,FALSE,15000,Anchorage ,Anchorage ,
1023dc41,TGO,LOME,LOME,6.005412739620354,1.3109323460219953,FALSE,15000,Anchorage ,Anchorage ,
1023d8b3,TGO,LOME,LOME,5.9796579137143695,1.2243258561763524,FALSE,15000,Anchorage ,Anchorage ,Ghana EEZ
1023d8ad,TGO,LOME,LOME,5.979086631313959,1.2190590790098694,FALSE,15000,Anchorage ,Anchorage ,Ghana EEZ
1023debb,TGO,LOME,LOME,5.9953613979804441,1.2767168435435317,FALSE,15000,Anchorage ,Anchorage ,
1023deb9,TGO,LOME,LOME,5.9953250415660806,1.272376480448943,FALSE,15000,Anchorage ,Anchorage ,
1023dc5f,TGO,LOME,LOME,6.0055362539604005,1.3246659068421511,FALSE,15000,Anchorage ,Anchorage ,
1023df33,TGO,LOME,LOME,5.9846098431546313,1.2384860325853575,FALSE,15000,Anchorage ,Anchorage ,Ghana EEZ
1023dc47,TGO,LOME,LOME,6.0105483498739165,1.3104252963228864,FALSE,15000,Anchorage ,Anchorage ,
1023df2d,TGO,LOME,LOME,5.984537673261797,1.2439500046653469,FALSE,15000,Anchorage ,Anchorage ,
1023d8b5,TGO,LOME,LOME,6,1.2289169852440323,FALSE,15000,Anchorage ,Anchorage ,Ghana EEZ
1023dea5,TGO,LOME,LOME,5.9950403964470729,1.281841740472381,FALSE,15000,Anchorage ,Anchorage ,
1023ded1,TGO,LOME,LOME,5.989849552567529,1.2578229999599235,FALSE,15000,Anchorage ,Anchorage ,
1023dc3b,TGO,LOME,LOME,6.0106803050502862,1.3014564697662181,FALSE,15000,Anchorage ,Anchorage ,
1023df35,TGO,LOME,LOME,5.9848181449747457,1.2338810120798196,FALSE,15000,Anchorage ,Anchorage ,Ghana EEZ
1023de9f,TGO,LOME,LOME,6.0049818100638621,1.2870577625321449,FALSE,15000,Anchorage ,Anchorage ,
1023d8cb,TGO,LOME,LOME,5.9791839689476518,1.2334464873764952,FALSE,15000,Anchorage ,Anchorage ,Ghana EEZ
1023dcff,TGO,LOME,LOME,6.0217795833851735,1.3295245574182106,FALSE,15000,Anchorage ,Anchorage ,
1023df53,TGO,LOME,LOME,5.9842684250282367,1.2192873863528508,FALSE,15000,Anchorage ,Anchorage ,Ghana EEZ
1023dea3,TGO,LOME,LOME,6.0002371899738476,1.2818285332883033,FALSE,15000,Anchorage ,Anchorage ,
1023dfdd,TGO,LOME,LOME,6.0587977825112977,1.2339593182865776,FALSE,7000,Anchorage ,Anchorage ,
1023dff5,TGO,LOME,LOME,6.0480561153944379,1.2145764152710923,FALSE,7000,Anchorage ,Anchorage ,Ghana EEZ
1021601f,TGO,LOME,LOME,6.0472125603224018,1.209993361390765,FALSE,7000,Anchorage ,Anchorage ,Ghana EEZ
1023e07d,TGO,LOME,LOME,6.0744812064688531,1.2481554784024926,FALSE,7000,Anchorage ,Anchorage ,
1023e713,TGO,LOME,LOME,6.0901003996826715,1.3150681457947322,FALSE,7000,Anchorage ,Anchorage ,
1023dfd7,TGO,LOME,LOME,6.063586276417273,1.2432110020956701,FALSE,7000,Anchorage ,Anchorage ,
1023e0a3,TGO,LOME,LOME,6.0746387241333215,1.2720326068400496,FALSE,7000,Anchorage ,Anchorage ,
1023dfd9,TGO,LOME,LOME,6.0637505053096152,1.2388147678245507,FALSE,7000,Anchorage ,Anchorage ,
1023dff1,TGO,LOME,LOME,6,1.2194987220779956,FALSE,7000,Anchorage ,Anchorage ,Ghana EEZ
1021601d,TGO,LOME,LOME,6.0532481798653377,1.2101103486481137,FALSE,7000,Anchorage ,Anchorage ,Ghana EEZ
1023e747,TGO,LOME,LOME,6,1.3011381857852724,FALSE,7000,Anchorage ,Anchorage ,
1023dfef,TGO,LOME,LOME,6.052934166720215,1.2244185956189206,FALSE,7000,Anchorage ,Anchorage ,
1023e74b,TGO,LOME,LOME,6.084850008875577,1.2915417250949532,FALSE,7000,Anchorage ,Anchorage ,
1023e0b1,TGO,LOME,LOME,6.0798766224796958,1.2818998701679218,FALSE,7000,Anchorage ,Anchorage ,
1023e09d,TGO,LOME,LOME,6.0694194260286176,1,FALSE,7000,Anchorage ,Anchorage ,
1023dfdb,TGO,LOME,LOME,6.058604347018183,1.238316453885256,FALSE,7000,Anchorage ,Anchorage ,
1023dfe1,TGO,LOME,LOME,6.0640140040557151,1.2290243062035409,FALSE,7000,Anchorage ,Anchorage ,
1023dfdf,TGO,LOME,LOME,6,1.2335790955066526,FALSE,7000,Anchorage ,Anchorage ,
1023e081,TGO,LOME,LOME,6.0693376722479719,1.2528791828198853,FALSE,7000,Anchorage ,Anchorage ,
1023dfe7,TGO,LOME,LOME,6.0585204798675072,1.2290567821473075,FALSE,7000,Anchorage ,Anchorage ,
1023dfed,TGO,LOME,LOME,6.0479213235239371,1.2241308238999076,FALSE,7000,Anchorage ,Anchorage ,
1023e73f,TGO,LOME,LOME,6.0902206978953037,1.3058188321395845,FALSE,7000,Anchorage ,Anchorage ,
1023dfd1,TGO,LOME,LOME,6.0589834855897253,1.243278361261543,FALSE,7000,Anchorage ,Anchorage ,
1023e083,TGO,LOME,LOME,6.0689835929811755,1.2578616703580261,FALSE,7000,Anchorage ,Anchorage ,
1023e0b5,TGO,LOME,LOME,6.0848919748660029,1.2864155675558675,FALSE,7000,Anchorage ,Anchorage ,
1023e74d,TGO,LOME,LOME,6.079924147420023,1.291365581160973,FALSE,7000,Anchorage ,Anchorage ,
1023e715,TGO,LOME,LOME,6.0902259595021571,1.3104174562977122,FALSE,7000,Anchorage ,Anchorage ,
1023dff3,TGO,LOME,LOME,6.0479557118499718,1.2194333005840559,FALSE,7000,Anchorage ,Anchorage ,Ghana EEZ
1023e0bb,TGO,LOME,LOME,6,1.2771282082544237,FALSE,7000,Anchorage ,Anchorage ,
1023e085,TGO,LOME,LOME,6.0740035763931735,1.257701042252569,FALSE,7000,Anchorage ,Anchorage ,
1023e09f,TGO,LOME,LOME,6.0691284974182009,1.267369584121619,FALSE,7000,Anchorage ,Anchorage ,
1023e09b,TGO,LOME,LOME,6.0746213263468736,1.2625650727657076,FALSE,7000,Anchorage ,Anchorage ,
1023e0a1,TGO,LOME,LOME,6.0691333102528828,1.2721332523381537,FALSE,7000,Anchorage ,Anchorage ,
1023e07f,TGO,LOME,LOME,6.0690453680417287,1.2479755511019408,FALSE,7000,Anchorage ,Anchorage ,
1023e74f,TGO,LOME,LOME,6.0798608667392449,1.2960646319303439,FALSE,7000,Anchorage ,Anchorage ,
1023dff7,TGO,LOME,LOME,6.0534411558704191,1.2146399539196411,FALSE,7000,Anchorage ,Anchorage ,Ghana EEZ
1023e0b3,TGO,LOME,LOME,6.0797808650543024,1.2868981383626283,FALSE,7000,Anchorage ,Anchorage ,
1023e099,TGO,LOME,LOME,6.0744707398885369,1.2675492533840251,FALSE,7000,Anchorage ,Anchorage ,
1023e087,TGO,LOME,LOME,6.0742722331897747,1.2530086405600489,FALSE,7000,Anchorage ,Anchorage ,
1023e76b,TGO,LOME,LOME,6.0853991087175716,1.3107357661336723,FALSE,7000,Anchorage ,Anchorage ,
1023e745,TGO,LOME,LOME,6.0795711525178096,1.3011220435516195,FALSE,7000,Anchorage ,Anchorage ,
1023e0b9,TGO,LOME,LOME,6.0849835024482868,1.2768825455289554,FALSE,7000,Anchorage ,Anchorage ,
102161ff,TGO,LOME,LOME,5.9846950918713846,1.2092632733051338,FALSE,14000,Anchorage ,Anchorage ,Ghana EEZ
1023dc33,TGO,LOME,LOME,6.0214350081992567,1.3012029796534827,FALSE,14000,Anchorage ,Anchorage ,
1023dd1d,TGO,LOME,LOME,6.0267405207335312,1.3394083438427127,FALSE,14000,Anchorage ,Anchorage ,
1023dec3,TGO,LOME,LOME,6.0001849929011026,1.2625767496518576,FALSE,14000,Anchorage ,Anchorage ,
1023de97,TGO,LOME,LOME,6,1.2770026894424962,FALSE,14000,Anchorage ,Anchorage ,
1023dc51,TGO,LOME,LOME,6.0158810411035439,1.3203098940429026,FALSE,14000,Anchorage ,Anchorage ,
1023de99,TGO,LOME,LOME,6.0056546377214239,1.2814692458835031,FALSE,14000,Anchorage ,Anchorage ,
1023df21,TGO,LOME,LOME,6,1.2482654083691462,FALSE,14000,Anchorage ,Anchorage ,
1023dd05,TGO,LOME,LOME,6.0318110123416062,1.3346795713696733,FALSE,14000,Anchorage ,Anchorage ,
1023dc4f,TGO,LOME,LOME,6,1.3157237253512573,FALSE,14000,Anchorage ,Anchorage ,
1023dc49,TGO,LOME,LOME,6.016247510764571,1.3106878561055522,FALSE,14000,Anchorage ,Anchorage ,
1023dc53,TGO,LOME,LOME,6.0212380840634454,1.3204833629140018,FALSE,14000,Anchorage ,Anchorage ,
1023df27,TGO,LOME,LOME,5.9951470107104665,1.2481380184182453,FALSE,14000,Anchorage ,Anchorage ,
1023dc35,TGO,LOME,LOME,6.0213183641784962,1.3061819119901636,FALSE,14000,Anchorage ,Anchorage ,
1023df55,TGO,LOME,LOME,5.9844823249651435,1,FALSE,14000,Anchorage ,Anchorage ,Ghana EEZ
1023df49,TGO,LOME,LOME,5.9894722812968233,1.2294165212647719,FALSE,14000,Anchorage ,Anchorage ,Ghana EEZ
1023dc37,TGO,LOME,LOME,6.0164739429502259,1.3058279514130335,FALSE,14000,Anchorage ,Anchorage ,
1023dc31,TGO,LOME,LOME,6.0162220769624737,1.3015952200828156,FALSE,14000,Anchorage ,Anchorage ,
1023de91,TGO,LOME,LOME,6.0106363752151086,1.2773955630712677,FALSE,14000,Anchorage ,Anchorage ,
1023dd07,TGO,LOME,LOME,6.0319394255201182,1.3303439852657308,FALSE,14000,Anchorage ,Anchorage ,
1023dd03,TGO,LOME,LOME,6.0265840503577168,1.3347296493333063,FALSE,14000,Anchorage ,Anchorage ,
1023dc21,TGO,LOME,LOME,6.0054116711292078,1.2913923229574074,FALSE,14000,Anchorage ,Anchorage ,
1023df4b,TGO,LOME,LOME,5.9850507190794717,1.2290621579532905,FALSE,14000,Anchorage ,Anchorage ,Ghana EEZ
1023dc4b,TGO,LOME,LOME,6.0212878614388341,1.3105899491354187,FALSE,14000,Anchorage ,Anchorage ,
1023dc4d,TGO,LOME,LOME,6.0214401239446129,1.3156660588609574,FALSE,14000,Anchorage ,Anchorage ,
1023de9b,TGO,LOME,LOME,6.0110504180744746,1.2822111575278006,FALSE,14000,Anchorage ,Anchorage ,
1023df2f,TGO,LOME,LOME,5.9896157830746386,1.2435339739727564,FALSE,14000,Anchorage ,Anchorage ,
1023dc2d,TGO,LOME,LOME,6.0215542464144232,1.2962367675674982,FALSE,14000,Anchorage ,Anchorage ,
1023dec5,TGO,LOME,LOME,5.9951161198809322,1.2628970939777433,FALSE,14000,Anchorage ,Anchorage ,
1023dc2f,TGO,LOME,LOME,6.015947606322773,1.2964715575747878,FALSE,14000,Anchorage ,Anchorage ,
1023dd1b,TGO,LOME,LOME,6.0313477963841038,1.3397709450561557,FALSE,14000,Anchorage ,Anchorage ,
1023dedb,TGO,LOME,LOME,5.9952878080858794,1.2578367295340334,FALSE,14000,Anchorage ,Anchorage ,
1023dedf,TGO,LOME,LOME,6.0003790356760325,1.252723887547043,FALSE,14000,Anchorage ,Anchorage ,
1023dc27,TGO,LOME,LOME,6.0108199902355883,1.2913767036178456,FALSE,14000,Anchorage ,Anchorage ,
1023df37,TGO,LOME,LOME,5.9901473269245269,1.2338739144315716,FALSE,14000,Anchorage ,Anchorage ,Ghana EEZ
1023de9d,TGO,LOME,LOME,6,1.2867690646473862,FALSE,14000,Anchorage ,Anchorage ,
1023dedd,TGO,LOME,LOME,5.9997700449547162,1.2579462241774522,FALSE,14000,Anchorage ,Anchorage ,
1023ddab,TGO,LOME,LOME,6.0272256815480061,1.3251891128791051,FALSE,14000,Anchorage ,Anchorage ,
1023d8ab,TGO,LOME,LOME,5.9794558338698405,1.2141168655258372,FALSE,14000,Anchorage ,Anchorage ,Ghana EEZ
1023df51,TGO,LOME,LOME,5.9899037440245424,1.2196709122653024,FALSE,14000,Anchorage ,Anchorage ,Ghana EEZ
1023df4f,TGO,LOME,LOME,5.9898091748250142,1.2245067871381081,FALSE,14000,Anchorage ,Anchorage ,Ghana EEZ
1023df31,TGO,LOME,LOME,5.9897204134488113,1.2384594461017582,FALSE,14000,Anchorage ,Anchorage ,Ghana EEZ
1023deed,TGO,LOME,LOME,6.0108952600258876,1.2673641240950357,FALSE,13000,Anchorage ,Anchorage ,
1023dd0f,TGO,LOME,LOME,6.0372949832739824,1.3344645512270856,FALSE,13000,Anchorage ,Anchorage ,
1023df3b,TGO,LOME,LOME,5.9950837605545715,1.2383071451807495,FALSE,13000,Anchorage ,Anchorage ,Ghana EEZ
102161fb,TGO,LOME,LOME,5.9899315033500633,1.2051268279366638,FALSE,13000,Anchorage ,Anchorage ,Ghana EEZ
1023dda9,TGO,LOME,LOME,6.0316627096187005,1.3249735342874072,FALSE,13000,Anchorage ,Anchorage ,
1023df39,TGO,LOME,LOME,5.9955236712397495,1.2339085928457711,FALSE,13000,Anchorage ,Anchorage ,Ghana EEZ
102161e5,TGO,LOME,LOME,5.9944541262595763,1.2048242089896424,FALSE,13000,Anchorage ,Anchorage ,
1023dee1,TGO,LOME,LOME,6.0054377769800507,1.2527446475155524,FALSE,13000,Anchorage ,Anchorage ,
1023dd0b,TGO,LOME,LOME,6.042595529066328,1.3301773397990746,FALSE,13000,Anchorage ,Anchorage ,
1023df5b,TGO,LOME,LOME,5.9954802600676409,1.2192739501034304,FALSE,13000,Anchorage ,Anchorage ,Ghana EEZ
1023de85,TGO,LOME,LOME,6.0167843869310156,1.2814632562080566,FALSE,13000,Anchorage ,Anchorage ,
1023df43,TGO,LOME,LOME,6.0007447591045411,1.2246373204034438,FALSE,13000,Anchorage ,Anchorage ,Ghana EEZ
1023dee5,TGO,LOME,LOME,6.0106668567944812,1.2579102866442464,FALSE,13000,Anchorage ,Anchorage ,
1023ddd1,TGO,LOME,LOME,6.0319727951464106,1.2961555088809862,FALSE,13000,Anchorage ,Anchorage ,
1023ddd3,TGO,LOME,LOME,6.0268454227682824,1.2963797721999206,FALSE,13000,Anchorage ,Anchorage ,
1023dd09,TGO,LOME,LOME,6.0369796433292473,1.329926943236087,FALSE,13000,Anchorage ,Anchorage ,
1023ddb3,TGO,LOME,LOME,6.026555341540508,1.3157037089210206,FALSE,13000,Anchorage ,Anchorage ,
1023df23,TGO,LOME,LOME,6.0005178369408494,1.2435806601858714,FALSE,13000,Anchorage ,Anchorage ,
1023ddcd,TGO,LOME,LOME,6.0264320473582407,1.3007832469889806,FALSE,13000,Anchorage ,Anchorage ,
1023ddad,TGO,LOME,LOME,6.0265911664976359,1.3201679423603165,FALSE,13000,Anchorage ,Anchorage ,
1023df41,TGO,LOME,LOME,6.000207186602811,1.2287241600861112,FALSE,13000,Anchorage ,Anchorage ,Ghana EEZ
1023de87,TGO,LOME,LOME,6.0212348712984136,1.2817952299692432,FALSE,13000,Anchorage ,Anchorage ,
1023de8f,TGO,LOME,LOME,6,1.2770676555493308,FALSE,13000,Anchorage ,Anchorage ,
1023dd0d,TGO,LOME,LOME,6.042502867261744,1.3340362435841109,FALSE,13000,Anchorage ,Anchorage ,
1023df47,TGO,LOME,LOME,5.9954673231280564,1.2291582118027209,FALSE,13000,Anchorage ,Anchorage ,Ghana EEZ
1023df3d,TGO,LOME,LOME,6.000419800521712,1.2386839158282943,FALSE,13000,Anchorage ,Anchorage ,
1023dee9,TGO,LOME,LOME,6.0054910007317774,1.2627494171532947,FALSE,13000,Anchorage ,Anchorage ,
1023df1f,TGO,LOME,LOME,6.0055135838374545,1.2477641059673115,FALSE,13000,Anchorage ,Anchorage ,
1023ddcf,TGO,LOME,LOME,6.0315928874436882,1.3008450096901922,FALSE,13000,Anchorage ,Anchorage ,
1023ddcb,TGO,LOME,LOME,6.0265560607073247,1.3059443913790671,FALSE,13000,Anchorage ,Anchorage ,
1023dc2b,TGO,LOME,LOME,6.0217108706427931,1.2910349781697219,FALSE,13000,Anchorage ,Anchorage ,
1023df45,TGO,LOME,LOME,5.9954767310503865,1.2238124529813343,FALSE,13000,Anchorage ,Anchorage ,Ghana EEZ
1023dc29,TGO,LOME,LOME,6,1.2911038405031172,FALSE,13000,Anchorage ,Anchorage ,
1023df5d,TGO,LOME,LOME,6.0003283884561922,1.2196018669996707,FALSE,13000,Anchorage ,Anchorage ,Ghana EEZ
1023df1d,TGO,LOME,LOME,6.010970007711582,1.2481100188364167,FALSE,13000,Anchorage ,Anchorage ,
1023dda1,TGO,LOME,LOME,6,1.3255084443841887,FALSE,13000,Anchorage ,Anchorage ,
1023dda7,TGO,LOME,LOME,6.037378088157678,1.3251930894657651,FALSE,13000,Anchorage ,Anchorage ,
1023de93,TGO,LOME,LOME,6.0109117297300232,1.2724531858830175,FALSE,13000,Anchorage ,Anchorage ,
1023de95,TGO,LOME,LOME,6.0057536057803915,1.2722209358953811,FALSE,13000,Anchorage ,Anchorage ,
1023ddc9,TGO,LOME,LOME,6.0322812917279069,1.3060847686666268,FALSE,13000,Anchorage ,Anchorage ,
1023deef,TGO,LOME,LOME,6.011313489153129,1.2625424766048039,FALSE,13000,Anchorage ,Anchorage ,
1023ddb7,TGO,LOME,LOME,6.0321286918377544,1.3105733492570613,FALSE,13000,Anchorage ,Anchorage ,
1023ddb5,TGO,LOME,LOME,6.0267362495702947,1.3110892020850626,FALSE,13000,Anchorage ,Anchorage ,
1023ddaf,TGO,LOME,LOME,6.0324204176962564,1.3204241165930373,FALSE,13000,Anchorage ,Anchorage ,
1023dd13,TGO,LOME,LOME,6.0423367819372631,1.339168312361811,FALSE,13000,Anchorage ,Anchorage ,
1023ddb1,TGO,LOME,LOME,6.0320683438258387,1.3155518316357309,FALSE,13000,Anchorage ,Anchorage ,
1023df59,TGO,LOME,LOME,5.9952907683769974,1.2151166964197335,FALSE,13000,Anchorage ,Anchorage ,Ghana EEZ
1023df25,TGO,LOME,LOME,6,1.2433163780297953,FALSE,13000,Anchorage ,Anchorage ,
1023de83,TGO,LOME,LOME,6.0162482944068953,1.2862724249823434,FALSE,13000,Anchorage ,Anchorage ,
1023de89,TGO,LOME,LOME,6,1.2772251154996819,FALSE,13000,Anchorage ,Anchorage ,
1023deeb,TGO,LOME,LOME,6.0055231473760733,1.2676709909224049,FALSE,13000,Anchorage ,Anchorage ,
1023dee3,TGO,LOME,LOME,6.0110081528075074,1.2531144461485757,FALSE,13000,Anchorage ,Anchorage ,
1023df3f,TGO,LOME,LOME,6,1.2336758189731372,FALSE,13000,Anchorage ,Anchorage ,Ghana EEZ
1023de81,TGO,LOME,LOME,6.021260074564271,1.2867064710310276,FALSE,13000,Anchorage ,Anchorage ,
1023dee7,TGO,LOME,LOME,6.0055776213139733,1.2576290692531498,FALSE,13000,Anchorage ,Anchorage ,
1023e0e3,TGO,LOME,LOME,6.1054550472082791,1.2625848282571059,FALSE,3000,Anchorage ,Anchorage ,
1023e125,TGO,LOME,LOME,6.1165869677026556,1.2770046902656791,FALSE,3000,Anchorage ,Anchorage ,
1023e0e1,TGO,LOME,LOME,6.1060369483424184,1.2678670912277883,FALSE,3000,Anchorage ,Anchorage ,
1023e019,TGO,LOME,LOME,6.0852071715729918,1.2192068110507452,FALSE,3000,Anchorage ,Anchorage ,
1023e05b,TGO,LOME,LOME,6.0951425686319816,1.243175323757906,FALSE,3000,Anchorage ,Anchorage ,
1023e01f,TGO,LOME,LOME,6.0852199745737918,1.2147534580009851,FALSE,3000,Anchorage ,Anchorage ,
1023e023,TGO,LOME,LOME,6.090516856630467,1.2192602342599959,FALSE,3000,Anchorage ,Anchorage ,
1023e045,TGO,LOME,LOME,6,1.2390131629681387,FALSE,3000,Anchorage ,Anchorage ,
1023e03d,TGO,LOME,LOME,6.0903712021598446,1.2240471453889088,FALSE,3000,Anchorage ,Anchorage ,
10215ff3,TGO,LOME,LOME,6.0850837810682119,1.2053316103828644,FALSE,3000,Anchorage ,Anchorage ,Ghana EEZ
1023e017,TGO,LOME,LOME,6.0852565415031608,1.2241658337632104,FALSE,3000,Anchorage ,Anchorage ,
1023e059,TGO,LOME,LOME,6.0953079242355077,1.2484440474968745,FALSE,3000,Anchorage ,Anchorage ,
1023e6d3,TGO,LOME,LOME,6.1161010205770916,1.2912451891745538,FALSE,3000,Anchorage ,Anchorage ,
1023e121,TGO,LOME,LOME,6.1109845565236984,1.2723732728454944,FALSE,3000,Anchorage ,Anchorage ,
1023e047,TGO,LOME,LOME,6.0957939887121544,1.2336830832869063,FALSE,3000,Anchorage ,Anchorage ,
1023e0f7,TGO,LOME,LOME,6.0954080422904875,1.2532653303455179,FALSE,3000,Anchorage ,Anchorage ,
1023e039,TGO,LOME,LOME,6.0953755313337572,1.2287402142806603,FALSE,3000,Anchorage ,Anchorage ,
10215f8d,TGO,LOME,LOME,6.0906046214699323,1.2054036599039835,FALSE,3000,Anchorage ,Anchorage ,Ghana EEZ
1023e12d,TGO,LOME,LOME,6.1165744922597955,1.2865889524363336,FALSE,3000,Anchorage ,Anchorage ,
1023e0f9,TGO,LOME,LOME,6.1004458549190117,1.2529950156092038,FALSE,3000,Anchorage ,Anchorage ,
1023e0df,TGO,LOME,LOME,6.1058721661080133,1.2722275520886568,FALSE,3000,Anchorage ,Anchorage ,
10215f8b,TGO,LOME,LOME,6.0901961587084221,1.2098093117196074,FALSE,3000,Anchorage ,Anchorage ,
1023e021,TGO,LOME,LOME,6.0904988027235314,1.214524639143431,FALSE,3000,Anchorage ,Anchorage ,
1023dfe3,TGO,LOME,LOME,6.0640699466309638,1.2240781847697502,FALSE,6000,Anchorage ,Anchorage ,
1023e091,TGO,LOME,LOME,6.0794859714985172,1.2624572121905902,FALSE,6000,Anchorage ,Anchorage ,
1023dfe5,TGO,LOME,LOME,6.0590724137983907,1.2239415880769169,FALSE,6000,Anchorage ,Anchorage ,
1023e077,TGO,LOME,LOME,6.0692100786056082,1.2383105225226752,FALSE,6000,Anchorage ,Anchorage ,
1023e723,TGO,LOME,LOME,6.1005065011608863,1.3057677338278186,FALSE,6000,Anchorage ,Anchorage ,
1023e735,TGO,LOME,LOME,6.0902437008924792,1.2912879349077282,FALSE,6000,Anchorage ,Anchorage ,
1023e08f,TGO,LOME,LOME,6,1.2577427675936408,FALSE,6000,Anchorage ,Anchorage ,
1023e071,TGO,LOME,LOME,6.0742452869655228,1.2384843751178349,FALSE,6000,Anchorage ,Anchorage ,
1023e739,TGO,LOME,LOME,6.0903302560539245,1.3008571539021061,FALSE,6000,Anchorage ,Anchorage ,
1023e0cb,TGO,LOME,LOME,6.0901360505359028,1.2866760765172141,FALSE,6000,Anchorage ,Anchorage ,
1023e00d,TGO,LOME,LOME,6.0746928042253412,1.228855451903597,FALSE,6000,Anchorage ,Anchorage ,
1023e073,TGO,LOME,LOME,6.0747127894058215,1.2337492861929011,FALSE,6000,Anchorage ,Anchorage ,
1023e093,TGO,LOME,LOME,6.0848814826040263,1.2626518410093033,FALSE,6000,Anchorage ,Anchorage ,
1023e07b,TGO,LOME,LOME,6.0745882195044114,1.2433877668795961,FALSE,6000,Anchorage ,Anchorage ,
1023dffd,TGO,LOME,LOME,6,1.2195399880774731,FALSE,6000,Anchorage ,Anchorage ,
1023e0bf,TGO,LOME,LOME,6.0847647659089343,1.2722084234946198,FALSE,6000,Anchorage ,Anchorage ,
1023e719,TGO,LOME,LOME,6.1012862641058128,1.3105123952673829,FALSE,6000,Anchorage ,Anchorage ,
1023e075,TGO,LOME,LOME,6.0692053148484293,1.2340286467787838,FALSE,6000,Anchorage ,Anchorage ,
1023e0c9,TGO,LOME,LOME,6.090292298797066,1.2817307531194329,FALSE,6000,Anchorage ,Anchorage ,
1023e0c7,TGO,LOME,LOME,6.0902486776465574,1.2772132642809586,FALSE,6000,Anchorage ,Anchorage ,
1023e0b7,TGO,LOME,LOME,6.085170915553614,1.2818641951338789,FALSE,6000,Anchorage ,Anchorage ,
1023e717,TGO,LOME,LOME,6.0954330809370338,1.3102924313561828,FALSE,6000,Anchorage ,Anchorage ,
1023e737,TGO,LOME,LOME,6.0904161135040837,1.2963117436253186,FALSE,6000,Anchorage ,Anchorage ,
1023e00b,TGO,LOME,LOME,6.0689098976441667,1.2290780627752982,FALSE,6000,Anchorage ,Anchorage ,
1023dffb,TGO,LOME,LOME,6.0588285234893835,1.2195024711438516,FALSE,6000,Anchorage ,Anchorage ,
1023e73d,TGO,LOME,LOME,6.0955606391862709,1.3058563979625359,FALSE,6000,Anchorage ,Anchorage ,
1023e097,TGO,LOME,LOME,6.0797801464144365,1.2674416525445158,FALSE,6000,Anchorage ,Anchorage ,
1023e079,TGO,LOME,LOME,6.0690871634382937,1.2431446899961542,FALSE,6000,Anchorage ,Anchorage ,
1023e749,TGO,LOME,LOME,6,1.2964270559926117,FALSE,6000,Anchorage ,Anchorage ,
1023e0bd,TGO,LOME,LOME,6,1.2721545209383069,FALSE,6000,Anchorage ,Anchorage ,
1023dfff,TGO,LOME,LOME,6.0641648546828586,1.2146284490820698,FALSE,6000,Anchorage ,Anchorage ,Ghana EEZ
1023e08d,TGO,LOME,LOME,6.0849599714526015,1.2577482773648432,FALSE,6000,Anchorage ,Anchorage ,
1023dff9,TGO,LOME,LOME,6.0584659512885759,1.2147089888048639,FALSE,6000,Anchorage ,Anchorage ,Ghana EEZ
1023ddc5,TGO,LOME,LOME,6.0372271507070128,1.3012229707711749,FALSE,12000,Anchorage ,Anchorage ,
1023df65,TGO,LOME,LOME,6.0112105069539741,1.219409067472971,FALSE,12000,Anchorage ,Anchorage ,Ghana EEZ
1023dd9d,TGO,LOME,LOME,6.0532454962537372,1.3252588845486817,FALSE,12000,Anchorage ,Anchorage ,
102161e9,TGO,LOME,LOME,6.0004715175142564,1.2001717793197288,FALSE,12000,Anchorage ,Anchorage ,
1023defb,TGO,LOME,LOME,6,1.2575150010402443,FALSE,12000,Anchorage ,Anchorage ,
1023def1,TGO,LOME,LOME,6.0158215272145519,1.262619289934559,FALSE,12000,Anchorage ,Anchorage ,
1023def5,TGO,LOME,LOME,6.0215008718972935,1.2673974032858715,FALSE,12000,Anchorage ,Anchorage ,
1023ddb9,TGO,LOME,LOME,6.0368911979566793,1.310653644692727,FALSE,12000,Anchorage ,Anchorage ,
1023df6b,TGO,LOME,LOME,6,1,FALSE,12000,Anchorage ,Anchorage ,Ghana EEZ
1023def9,TGO,LOME,LOME,6.0212529099017091,1.2577698059632967,FALSE,12000,Anchorage ,Anchorage ,
102161e1,TGO,LOME,LOME,6.0002840439140055,1.2096567293521046,FALSE,12000,Anchorage ,Anchorage ,
102161e3,TGO,LOME,LOME,5.9952589432806986,1.2099320693835878,FALSE,12000,Anchorage ,Anchorage ,
1023deff,TGO,LOME,LOME,6.0216697423030094,1,FALSE,12000,Anchorage ,Anchorage ,
1023df69,TGO,LOME,LOME,6.0056907302462941,1.2242287404172878,FALSE,12000,Anchorage ,Anchorage ,Ghana EEZ
1023ddbd,TGO,LOME,LOME,6.0427573615584782,1.3157927270311651,FALSE,12000,Anchorage ,Anchorage ,
1023ddc7,TGO,LOME,LOME,6.0372429133480736,1.3061784993723111,FALSE,12000,Anchorage ,Anchorage ,
1023df15,TGO,LOME,LOME,6.0055135209754127,1.2336420492837981,FALSE,12000,Anchorage ,Anchorage ,Ghana EEZ
1023ddc1,TGO,LOME,LOME,6.0426842857623546,1.3058160422771097,FALSE,12000,Anchorage ,Anchorage ,
1023de63,TGO,LOME,LOME,6.0268192745991787,1.2770746644229205,FALSE,12000,Anchorage ,Anchorage ,
1023ddd5,TGO,LOME,LOME,6.0269381707119907,1.2914257897577772,FALSE,12000,Anchorage ,Anchorage ,
1023df19,TGO,LOME,LOME,6.0053079503463946,1.2434037441921513,FALSE,12000,Anchorage ,Anchorage ,
1023df03,TGO,LOME,LOME,6.0163903893536759,1.2480958754618456,FALSE,12000,Anchorage ,Anchorage ,
1023df6f,TGO,LOME,LOME,6.010909921797448,1.2243024129154372,FALSE,12000,Anchorage ,Anchorage ,Ghana EEZ
1023de7d,TGO,LOME,LOME,6.0266943224336105,1.2818855906200495,FALSE,12000,Anchorage ,Anchorage ,
1023de8d,TGO,LOME,LOME,6.0164058829029532,1.2721698299610373,FALSE,12000,Anchorage ,Anchorage ,
1023df13,TGO,LOME,LOME,6.0110169433037859,1.2338637746631993,FALSE,12000,Anchorage ,Anchorage ,Ghana EEZ
1023df6d,TGO,LOME,LOME,6.0107395985495291,1.2292501091761416,FALSE,12000,Anchorage ,Anchorage ,Ghana EEZ
1023defd,TGO,LOME,LOME,6.0161577205610977,1.2530658715414982,FALSE,12000,Anchorage ,Anchorage ,
1023ddbb,TGO,LOME,LOME,6.0371311287876361,1.3156081934586528,FALSE,12000,Anchorage ,Anchorage ,
1023dd75,TGO,LOME,LOME,6.0480406828125082,1.3297889993275496,FALSE,12000,Anchorage ,Anchorage ,
1023de8b,TGO,LOME,LOME,6.0212380466281914,1.2720387923115422,FALSE,12000,Anchorage ,Anchorage ,
1023de79,TGO,LOME,LOME,6.0321992013449943,1.286944954390921,FALSE,12000,Anchorage ,Anchorage ,
1023dd73,TGO,LOME,LOME,6.0474327110767518,1.3339713718820054,FALSE,12000,Anchorage ,Anchorage ,
1023df1b,TGO,LOME,LOME,6.0110850918901493,1.2432378190183955,FALSE,12000,Anchorage ,Anchorage ,
1023df01,TGO,LOME,LOME,6.0217934229038157,1.2484243332246072,FALSE,12000,Anchorage ,Anchorage ,
1023df5f,TGO,LOME,LOME,6.000571756988319,1.2147791052725847,FALSE,12000,Anchorage ,Anchorage ,Ghana EEZ
1023dddd,TGO,LOME,LOME,6.0423187710880981,1.2964329887697348,FALSE,12000,Anchorage ,Anchorage ,
1023ddd7,TGO,LOME,LOME,6.0318606338077174,1.2917747776055581,FALSE,12000,Anchorage ,Anchorage ,
1023de65,TGO,LOME,LOME,6.0321128902152479,1.2770574216326882,FALSE,12000,Anchorage ,Anchorage ,
1023ddc3,TGO,LOME,LOME,6.0425510083656393,1.3009922797783333,FALSE,12000,Anchorage ,Anchorage ,
1023def3,TGO,LOME,LOME,6.0160375594203384,1.2673391711764317,FALSE,12000,Anchorage ,Anchorage ,
1023dda3,TGO,LOME,LOME,6.0428704513721749,1.3201825948348438,FALSE,12000,Anchorage ,Anchorage ,
1023df67,TGO,LOME,LOME,6.0056181379339639,1.2199355510026877,FALSE,12000,Anchorage ,Anchorage ,Ghana EEZ
1023dd9f,TGO,LOME,LOME,6.0475396604006315,1.3253779201341298,FALSE,12000,Anchorage ,Anchorage ,
102161e7,TGO,LOME,LOME,6.0004401024847152,1.2051641150434624,FALSE,12000,Anchorage ,Anchorage ,
1023de7b,TGO,LOME,LOME,6,1.2817388336022701,FALSE,12000,Anchorage ,Anchorage ,
1023de7f,TGO,LOME,LOME,6.026802801887615,1.2868731769022215,FALSE,12000,Anchorage ,Anchorage ,
1023df17,TGO,LOME,LOME,6,1.2384075564557409,FALSE,12000,Anchorage ,Anchorage ,
1023dda5,TGO,LOME,LOME,6.0373681294699217,1.3204159031487044,FALSE,12000,Anchorage ,Anchorage ,
1023def7,TGO,LOME,LOME,6.0213480549242746,1.2624743846150031,FALSE,12000,Anchorage ,Anchorage ,
1023dddb,TGO,LOME,LOME,6.0374501654391581,1.2964012389671025,FALSE,12000,Anchorage ,Anchorage ,
1023df11,TGO,LOME,LOME,6,1.2385371499326694,FALSE,12000,Anchorage ,Anchorage ,
1023ddbf,TGO,LOME,LOME,6.0431767824108524,1.3107989740833965,FALSE,12000,Anchorage ,Anchorage ,
1023df0f,TGO,LOME,LOME,6.0160423144863753,1.2386851236902729,FALSE,11000,Anchorage ,Anchorage ,
1023dde7,TGO,LOME,LOME,6.0476087716476723,1.2965076535572646,FALSE,11000,Anchorage ,Anchorage ,
1023ddef,TGO,LOME,LOME,6.0531867208888057,1.3013166119006252,FALSE,11000,Anchorage ,Anchorage ,
1023dd79,TGO,LOME,LOME,6.0583764869998689,1.3293916504018706,FALSE,11000,Anchorage ,Anchorage ,
1023dde5,TGO,LOME,LOME,6.053340733701404,1.2960660214712409,FALSE,11000,Anchorage ,Anchorage ,
1023dd95,TGO,LOME,LOME,6.047766956355054,1.3106763453179773,FALSE,11000,Anchorage ,Anchorage ,
1023de55,TGO,LOME,LOME,6.0265990606170359,1.2531302308645891,FALSE,11000,Anchorage ,Anchorage ,
1023df09,TGO,LOME,LOME,6.0214125272151371,1.2384331699968383,FALSE,11000,Anchorage ,Anchorage ,
1023dddf,TGO,LOME,LOME,6.0428830001444895,1.2912688539122421,FALSE,11000,Anchorage ,Anchorage ,
1023dd9b,TGO,LOME,LOME,6.0531998861126981,1.320523488057002,FALSE,11000,Anchorage ,Anchorage ,
1023de73,TGO,LOME,LOME,6.0429190211670809,1.2818138566420778,FALSE,11000,Anchorage ,Anchorage ,
1023df61,TGO,LOME,LOME,6.0060053388788015,1.2146897284988827,FALSE,11000,Anchorage ,Anchorage ,Ghana EEZ
1023de77,TGO,LOME,LOME,6.0373113298875776,1.2867878669507278,FALSE,11000,Anchorage ,Anchorage ,
1023df07,TGO,LOME,LOME,6.021518783615134,1.2434585790106563,FALSE,11000,Anchorage ,Anchorage ,
1023dde9,TGO,LOME,LOME,6.0476773427581687,1.3010534936711962,FALSE,11000,Anchorage ,Anchorage ,
102161df,TGO,LOME,LOME,6.0062966631041164,1.2099526820109447,FALSE,11000,Anchorage ,Anchorage ,Ghana EEZ
1023de61,TGO,LOME,LOME,6.0267230786066408,1.2723770443310061,FALSE,11000,Anchorage ,Anchorage ,
1023df77,TGO,LOME,LOME,6.0216290193729805,1.2241655382584788,FALSE,11000,Anchorage ,Anchorage ,Ghana EEZ
1023df05,TGO,LOME,LOME,6.015965141047741,1.2433853861593305,FALSE,11000,Anchorage ,Anchorage ,
102161d9,TGO,LOME,LOME,6.0108943594949436,1.2097295154371077,FALSE,11000,Anchorage ,Anchorage ,Ghana EEZ
1023dd93,TGO,LOME,LOME,6.0532665489779962,1.3108874584231192,FALSE,11000,Anchorage ,Anchorage ,
1023de51,TGO,LOME,LOME,6,1.2579692571822159,FALSE,11000,Anchorage ,Anchorage ,
1023dd97,TGO,LOME,LOME,6.0477247131326806,1.3150194335279968,FALSE,11000,Anchorage ,Anchorage ,
1023ddd9,TGO,LOME,LOME,6.0374529654680877,1.2914510670287289,FALSE,11000,Anchorage ,Anchorage ,
1023dfad,TGO,LOME,LOME,6,1.248013270373844,FALSE,11000,Anchorage ,Anchorage ,
1023df79,TGO,LOME,LOME,6.021587539466851,1.2194607923457839,FALSE,11000,Anchorage ,Anchorage ,Ghana EEZ
1023de75,TGO,LOME,LOME,6.0428097689033029,1,FALSE,11000,Anchorage ,Anchorage ,
1023dded,TGO,LOME,LOME,6.0529730805526016,1.3058626098235748,FALSE,11000,Anchorage ,Anchorage ,
1023df63,TGO,LOME,LOME,6.0106480258685373,1.2148533339366738,FALSE,11000,Anchorage ,Anchorage ,Ghana EEZ
1023df0b,TGO,LOME,LOME,6.0217479878485154,1.2337963267514476,FALSE,11000,Anchorage ,Anchorage ,
1023de5d,TGO,LOME,LOME,6.0320118255452657,1.2675662695728975,FALSE,11000,Anchorage ,Anchorage ,
102161db,TGO,LOME,LOME,6.0112610030763083,1.2046248165299531,FALSE,11000,Anchorage ,Anchorage ,Ghana EEZ
102161dd,TGO,LOME,LOME,6.0053503173420371,1.2053332859967589,FALSE,11000,Anchorage ,Anchorage ,Ghana EEZ
1023dd91,TGO,LOME,LOME,6.0529555066484271,1.3154131159298967,FALSE,11000,Anchorage ,Anchorage ,
1023df71,TGO,LOME,LOME,6.0163306737988149,1.2241911144770481,FALSE,11000,Anchorage ,Anchorage ,Ghana EEZ
1023de5b,TGO,LOME,LOME,6.0320200237417172,1.2623233625448034,FALSE,11000,Anchorage ,Anchorage ,
1023de71,TGO,LOME,LOME,6.037305466271043,1.2819873010816549,FALSE,11000,Anchorage ,Anchorage ,
1023de5f,TGO,LOME,LOME,6.0266053820770011,1.2672375961908182,FALSE,11000,Anchorage ,Anchorage ,
1023ddeb,TGO,LOME,LOME,6.047931672115384,1.3056950914844654,FALSE,11000,Anchorage ,Anchorage ,
1023dfab,TGO,LOME,LOME,6.0270842341514168,1.2484686922427926,FALSE,11000,Anchorage ,Anchorage ,
1023de59,TGO,LOME,LOME,6.0267117980156595,1.262529842684706,FALSE,11000,Anchorage ,Anchorage ,
1023de67,TGO,LOME,LOME,6.0321322058293454,1.2721928835685596,FALSE,11000,Anchorage ,Anchorage ,
1023dd81,TGO,LOME,LOME,6.0636318480939133,1.3254059350597571,FALSE,11000,Anchorage ,Anchorage ,
1023de6d,TGO,LOME,LOME,6.042558917176569,1.2772453903233687,FALSE,11000,Anchorage ,Anchorage ,
1023df75,TGO,LOME,LOME,6.0216078713783068,1.2289670216538093,FALSE,11000,Anchorage ,Anchorage ,Ghana EEZ
1023df0d,TGO,LOME,LOME,6.0162110999379621,1.2336775464953711,FALSE,11000,Anchorage ,Anchorage ,
1023df73,TGO,LOME,LOME,6.0160824379468973,1.2288160370402481,FALSE,11000,Anchorage ,Anchorage ,Ghana EEZ
1023dd99,TGO,LOME,LOME,6.047574778351418,1.3197741398815128,FALSE,11000,Anchorage ,Anchorage ,
1023de53,TGO,LOME,LOME,6.031983553472152,1.252906662604875,FALSE,11000,Anchorage ,Anchorage ,
1023dd83,TGO,LOME,LOME,6.0587228527658734,1.3253191087377765,FALSE,11000,Anchorage ,Anchorage ,
1023de57,TGO,LOME,LOME,6,1,FALSE,11000,Anchorage ,Anchorage ,
1023df7b,TGO,LOME,LOME,6.0161832795813908,1.2192599181091324,FALSE,11000,Anchorage ,Anchorage ,Ghana EEZ
1023de6f,TGO,LOME,LOME,6.0373057553283331,1.276837983883804,FALSE,11000,Anchorage ,Anchorage ,
1023e0eb,TGO,LOME,LOME,6.0899292838947092,1.2674857242634661,FALSE,5000,Anchorage ,Anchorage ,
1023e0c1,TGO,LOME,LOME,6.0900685005586013,1.2722376617749718,FALSE,5000,Anchorage ,Anchorage ,
1023e0cf,TGO,LOME,LOME,6.0957299480350757,1.2820379851786579,FALSE,5000,Anchorage ,Anchorage ,
1023e721,TGO,LOME,LOME,6.1055672259131164,1.3054780106480983,FALSE,5000,Anchorage ,Anchorage ,
1023e007,TGO,LOME,LOME,6.0694011968004435,1.2194679655239666,FALSE,5000,Anchorage ,Anchorage ,
1023e0c5,TGO,LOME,LOME,6.0950406755151647,1.2768810489999893,FALSE,5000,Anchorage ,Anchorage ,
1023e0cd,TGO,LOME,LOME,6.0955321613417688,1.2867805457825241,FALSE,5000,Anchorage ,Anchorage ,
10215ff9,TGO,LOME,LOME,6.0749752176700262,1.2097046452184597,FALSE,5000,Anchorage ,Anchorage ,Ghana EEZ
1023e089,TGO,LOME,LOME,6.0799800410828109,1.2530360115528572,FALSE,5000,Anchorage ,Anchorage ,
1023e0d3,TGO,LOME,LOME,6.1006739832051382,1.2864635891111509,FALSE,5000,Anchorage ,Anchorage ,
1023e73b,TGO,LOME,LOME,6.0953853666101248,1.3010547761679128,FALSE,5000,Anchorage ,Anchorage ,
1023e009,TGO,LOME,LOME,6.0694084701582458,1.2240959420625215,FALSE,5000,Anchorage ,Anchorage ,
1023e063,TGO,LOME,LOME,6.0796137372755616,1.2483626034211903,FALSE,5000,Anchorage ,Anchorage ,
1023e001,TGO,LOME,LOME,6.0692544917968467,1.2147657179362019,FALSE,5000,Anchorage ,Anchorage ,
1023e733,TGO,LOME,LOME,6.0955156508586645,1.291609675140128,FALSE,5000,Anchorage ,Anchorage ,
1023e731,TGO,LOME,LOME,6.0952566214754995,1.2962914422333496,FALSE,5000,Anchorage ,Anchorage ,
1023e0d1,TGO,LOME,LOME,6.1009652157152967,1.2819984509029083,FALSE,5000,Anchorage ,Anchorage ,
1023e0db,TGO,LOME,LOME,6.1008928783574916,1.2772174132689198,FALSE,5000,Anchorage ,Anchorage ,
1023e065,TGO,LOME,LOME,6.0800158390782251,1.2433767259084381,FALSE,5000,Anchorage ,Anchorage ,
1023e725,TGO,LOME,LOME,6.1006514116960426,1.3014009280858798,FALSE,5000,Anchorage ,Anchorage ,
1023e06f,TGO,LOME,LOME,6,1.2389119802370274,FALSE,5000,Anchorage ,Anchorage ,
1023e72f,TGO,LOME,LOME,6.1003037248662615,1.2963456539146374,FALSE,5000,Anchorage ,Anchorage ,
1023e0f3,TGO,LOME,LOME,6.0901281114574433,1.2578602308359508,FALSE,5000,Anchorage ,Anchorage ,
1023e013,TGO,LOME,LOME,6.0798803489788718,1.2287218286932711,FALSE,5000,Anchorage ,Anchorage ,
1023e00f,TGO,LOME,LOME,6.0745094145904543,1.2244169856307365,FALSE,5000,Anchorage ,Anchorage ,
1023e005,TGO,LOME,LOME,6.0743810639546307,1.2193657966910336,FALSE,5000,Anchorage ,Anchorage ,
1023e0ed,TGO,LOME,LOME,6.0903809187122535,1.2627341884296626,FALSE,5000,Anchorage ,Anchorage ,
1023e72d,TGO,LOME,LOME,6.1009464465083756,1.2917350764061148,FALSE,5000,Anchorage ,Anchorage ,
1023e095,TGO,LOME,LOME,6.0852040465787649,1.2672323386140227,FALSE,5000,Anchorage ,Anchorage ,
1023e06d,TGO,LOME,LOME,6.0797151135473655,1.2335792250954285,FALSE,5000,Anchorage ,Anchorage ,
1023e069,TGO,LOME,LOME,6.0846278418324946,1.2386230483393816,FALSE,5000,Anchorage ,Anchorage ,
1023df7d,TGO,LOME,LOME,6.0163803522475323,1.2143837624144456,FALSE,10000,Anchorage ,Anchorage ,Ghana EEZ
1023dfaf,TGO,LOME,LOME,6.0318161356900895,1.2434254044320177,FALSE,10000,Anchorage ,Anchorage ,
1023de4b,TGO,LOME,LOME,6,1.252794914922108,FALSE,10000,Anchorage ,Anchorage ,
1023de11,TGO,LOME,LOME,6,1.276680219429932,FALSE,10000,Anchorage ,Anchorage ,
1023de47,TGO,LOME,LOME,6.0424234691794236,1.2626226259906745,FALSE,10000,Anchorage ,Anchorage ,
1023de43,TGO,LOME,LOME,6.0372009267715105,1.2674646799310212,FALSE,10000,Anchorage ,Anchorage ,
102161cf,TGO,LOME,LOME,6.0157998978148353,1.1998690027664158,FALSE,10000,Anchorage ,Anchorage ,Ghana EEZ
1023de45,TGO,LOME,LOME,6.0372657770113216,1.2625174627134084,FALSE,10000,Anchorage ,Anchorage ,
1023dd8f,TGO,LOME,LOME,6.0586118780396729,1.3154907456121436,FALSE,10000,Anchorage ,Anchorage ,
102161d5,TGO,LOME,LOME,6.021254522689989,1,FALSE,10000,Anchorage ,Anchorage ,Ghana EEZ
1023dfb3,TGO,LOME,LOME,6.0373876745345285,1.2482429659457337,FALSE,10000,Anchorage ,Anchorage ,
1023de0f,TGO,LOME,LOME,6.0528821950764558,1,FALSE,10000,Anchorage ,Anchorage ,
1023df99,TGO,LOME,LOME,6.0321296049223125,1.2292974067580791,FALSE,10000,Anchorage ,Anchorage ,
1023dfa9,TGO,LOME,LOME,6.0267594619070719,1.2432814326364459,FALSE,10000,Anchorage ,Anchorage ,
1023de4d,TGO,LOME,LOME,6.0375911814310665,1.2529837722027739,FALSE,10000,Anchorage ,Anchorage ,
1023de6b,TGO,LOME,LOME,6.042455992374844,1.2718974265004057,FALSE,10000,Anchorage ,Anchorage ,
1023dfa3,TGO,LOME,LOME,6.0320147705558256,1.2336935149569204,FALSE,10000,Anchorage ,Anchorage ,
1023de09,TGO,LOME,LOME,6.0529988330676572,1.2861485530353352,FALSE,10000,Anchorage ,Anchorage ,
1023dde1,TGO,LOME,LOME,6.0477240311474194,1.2913560112957285,FALSE,10000,Anchorage ,Anchorage ,
1023ddf3,TGO,LOME,LOME,6.0583698714849614,1.305922654528159,FALSE,10000,Anchorage ,Anchorage ,
1023de0b,TGO,LOME,LOME,6.047956925038334,1.2866985925701011,FALSE,10000,Anchorage ,Anchorage ,
1023df7f,TGO,LOME,LOME,6.0211058920120859,1.2145203023407196,FALSE,10000,Anchorage ,Anchorage ,Ghana EEZ
1023dfa7,TGO,LOME,LOME,6.0271544035959481,1.2387686840635719,FALSE,10000,Anchorage ,Anchorage ,
1023dd87,TGO,LOME,LOME,6.0635336384694742,1.320603970791568,FALSE,10000,Anchorage ,Anchorage ,
1023dde3,TGO,LOME,LOME,6.0529934548569813,1.2914599222666927,FALSE,10000,Anchorage ,Anchorage ,
1023dd8b,TGO,LOME,LOME,6.0639397052546631,1.3106569582160885,FALSE,10000,Anchorage ,Anchorage ,
1023de69,TGO,LOME,LOME,6.0369848965394981,1.2721862812979006,FALSE,10000,Anchorage ,Anchorage ,
1023dfa5,TGO,LOME,LOME,6.0322402452559176,1.2387951805856749,FALSE,10000,Anchorage ,Anchorage ,
1023dd8d,TGO,LOME,LOME,6.0583578172027615,1.3110178823197873,FALSE,10000,Anchorage ,Anchorage ,
1023dd89,TGO,LOME,LOME,6.0637142142286935,1.3153858891273862,FALSE,10000,Anchorage ,Anchorage ,
102161d1,TGO,LOME,LOME,6.016965160214272,1.2055105262808925,FALSE,10000,Anchorage ,Anchorage ,Ghana EEZ
1023de0d,TGO,LOME,LOME,6.047801596073838,1.2817644365264012,FALSE,10000,Anchorage ,Anchorage ,
1023de13,TGO,LOME,LOME,6.0475890559665206,1.2771854653427053,FALSE,10000,Anchorage ,Anchorage ,
1023de49,TGO,LOME,LOME,6.0427810681570495,1.2577962639656737,FALSE,10000,Anchorage ,Anchorage ,
1023dd85,TGO,LOME,LOME,6,1.3208512046218543,FALSE,10000,Anchorage ,Anchorage ,
1023de41,TGO,LOME,LOME,6.0426842287812663,1.2676675648446909,FALSE,10000,Anchorage ,Anchorage ,
1023ddf5,TGO,LOME,LOME,6.0639193804793479,1.3056964565395526,FALSE,10000,Anchorage ,Anchorage ,
102161d7,TGO,LOME,LOME,6.0161854381720445,1.2096975572833166,FALSE,10000,Anchorage ,Anchorage ,Ghana EEZ
1023df9f,TGO,LOME,LOME,6,1.2291957217790141,FALSE,10000,Anchorage ,Anchorage ,Ghana EEZ
1023dfa1,TGO,LOME,LOME,6.0269379133647636,1.2337130748124321,FALSE,10000,Anchorage ,Anchorage ,
1023de4f,TGO,LOME,LOME,6.0370164168065275,1.2579108744906791,FALSE,10000,Anchorage ,Anchorage ,
1023dfb5,TGO,LOME,LOME,6.0428797837713342,1.2484889211164367,FALSE,10000,Anchorage ,Anchorage ,
1023de05,TGO,LOME,LOME,6.0585716600766961,1.2819482850669819,FALSE,9000,Anchorage ,Anchorage ,
1023dfcb,TGO,LOME,LOME,6.0479014477150672,1.2481905126797175,FALSE,9000,Anchorage ,Anchorage ,
1023ddfd,TGO,LOME,LOME,6.0583700923883974,1.2914308992729289,FALSE,9000,Anchorage ,Anchorage ,
1023df9d,TGO,LOME,LOME,6.026499227586581,1.2243011356224489,FALSE,9000,Anchorage ,Anchorage ,Ghana EEZ
10216029,TGO,LOME,LOME,6.0323121781432567,1.2098246980578375,FALSE,9000,Anchorage ,Anchorage ,Ghana EEZ
1023de15,TGO,LOME,LOME,6.047913355458558,1.2724340527256173,FALSE,9000,Anchorage ,Anchorage ,
1023e765,TGO,LOME,LOME,6.0743584127599384,1.315509661421232,FALSE,9000,Anchorage ,Anchorage ,
1023df81,TGO,LOME,LOME,6.0270016556234856,1.2143715739745398,FALSE,9000,Anchorage ,Anchorage ,Ghana EEZ
1023de37,TGO,LOME,LOME,6.0479271712409117,1.2580141462170147,FALSE,9000,Anchorage ,Anchorage ,
1023de39,TGO,LOME,LOME,6.0478891923861005,1.2625919496079983,FALSE,9000,Anchorage ,Anchorage ,
1021602b,TGO,LOME,LOME,6,1.2099294747804998,FALSE,9000,Anchorage ,Anchorage ,Ghana EEZ
1023dfbd,TGO,LOME,LOME,6.0374624722720061,1.2335787148092814,FALSE,9000,Anchorage ,Anchorage ,
1023e77f,TGO,LOME,LOME,6.068319149040426,1.3246672574367693,FALSE,9000,Anchorage ,Anchorage ,
1023de07,TGO,LOME,LOME,6.0586169463638839,1.2863945774436483,FALSE,9000,Anchorage ,Anchorage ,
1023df95,TGO,LOME,LOME,6.0428063941483092,1.2288687604070974,FALSE,9000,Anchorage ,Anchorage ,
1023df87,TGO,LOME,LOME,6.0323637977306754,1.2144730271921182,FALSE,9000,Anchorage ,Anchorage ,Ghana EEZ
1021602f,TGO,LOME,LOME,6.0325862620873094,1.2053777354543922,FALSE,9000,Anchorage ,Anchorage ,Ghana EEZ
1023ddf9,TGO,LOME,LOME,6.0638612620148127,1.2962312040245605,FALSE,9000,Anchorage ,Anchorage ,
1023de31,TGO,LOME,LOME,6.0528467271267639,1.2578556230583047,FALSE,9000,Anchorage ,Anchorage ,
1023df97,TGO,LOME,LOME,6.0375382897744458,1.2290512803718543,FALSE,9000,Anchorage ,Anchorage ,
1023ddf1,TGO,LOME,LOME,6.0585753828932392,1.3011191039106391,FALSE,9000,Anchorage ,Anchorage ,
1023e77b,TGO,LOME,LOME,6.0739250350099274,1.3202204756081046,FALSE,9000,Anchorage ,Anchorage ,
1023e767,TGO,LOME,LOME,6.074363083748171,1.3104915033057885,FALSE,9000,Anchorage ,Anchorage ,
1023de3b,TGO,LOME,LOME,6.0531338706211821,1.2625539333901434,FALSE,9000,Anchorage ,Anchorage ,
1023de3f,TGO,LOME,LOME,6.048125410320158,1.2674489470078598,FALSE,9000,Anchorage ,Anchorage ,
1023ddff,TGO,LOME,LOME,6.0639966275336423,1.2913759214396923,FALSE,9000,Anchorage ,Anchorage ,
1023dfcd,TGO,LOME,LOME,6.0529686723887988,1.2480490546843501,FALSE,9000,Anchorage ,Anchorage ,
1023de01,TGO,LOME,LOME,6.0641055878450851,1.2867030142573774,FALSE,9000,Anchorage ,Anchorage ,
1023de33,TGO,LOME,LOME,6.0531015763137681,1.2525565469955933,FALSE,9000,Anchorage ,Anchorage ,
1023dfb1,TGO,LOME,LOME,6.0373511661065367,1.2433642949289641,FALSE,9000,Anchorage ,Anchorage ,
1023de03,TGO,LOME,LOME,6.0635808918983924,1.2818667515525934,FALSE,9000,Anchorage ,Anchorage ,
1023dfb9,TGO,LOME,LOME,6,1.2385708397333333,FALSE,9000,Anchorage ,Anchorage ,
1023e763,TGO,LOME,LOME,6.0687116670335586,1.3156012317649826,FALSE,9000,Anchorage ,Anchorage ,
1023dfb7,TGO,LOME,LOME,6.0423506591704488,1.243526721905087,FALSE,9000,Anchorage ,Anchorage ,
1023e77d,TGO,LOME,LOME,6.0688740323205312,1.3203497367355082,FALSE,9000,Anchorage ,Anchorage ,
1023e75f,TGO,LOME,LOME,6.0685938370390859,1.3058992962729359,FALSE,9000,Anchorage ,Anchorage ,
1023ddf7,TGO,LOME,LOME,6.0636991004901359,1.3009258257347041,FALSE,9000,Anchorage ,Anchorage ,
1023e761,TGO,LOME,LOME,6.0690666109875453,1.3107890150505626,FALSE,9000,Anchorage ,Anchorage ,
1023de17,TGO,LOME,LOME,6.0530713686295092,1.2722530220510373,FALSE,9000,Anchorage ,Anchorage ,
1023df9b,TGO,LOME,LOME,6.0323267524726365,1.2241728445119531,FALSE,9000,Anchorage ,Anchorage ,Ghana EEZ
1023ddfb,TGO,LOME,LOME,6.0584568007955761,1.2961363019889383,FALSE,9000,Anchorage ,Anchorage ,
1023df85,TGO,LOME,LOME,6.0318364651809979,1.2192486936742195,FALSE,9000,Anchorage ,Anchorage ,Ghana EEZ
1023dfbb,TGO,LOME,LOME,6.0374294157489228,1.2383135912396153,FALSE,9000,Anchorage ,Anchorage ,
1023e75d,TGO,LOME,LOME,6.0741838058296977,1.3058727758493212,FALSE,9000,Anchorage ,Anchorage ,
1023df83,TGO,LOME,LOME,6.0268695359354449,1.2191653448635935,FALSE,9000,Anchorage ,Anchorage ,Ghana EEZ
1023de3d,TGO,LOME,LOME,6.0532072211641994,1.2675406321801412,FALSE,9000,Anchorage ,Anchorage ,
1023de1d,TGO,LOME,LOME,6.0639676777045768,1.2769690163512692,FALSE,9000,Anchorage ,Anchorage ,
1023dfbf,TGO,LOME,LOME,6.0423520239300066,1.2338615014964518,FALSE,9000,Anchorage ,Anchorage ,
1021602d,TGO,LOME,LOME,6.0270658336927632,1.2045973139585051,FALSE,9000,Anchorage ,Anchorage ,Ghana EEZ
1023de1b,TGO,LOME,LOME,6,1.2769048761120394,FALSE,9000,Anchorage ,Anchorage ,
1023de35,TGO,LOME,LOME,6.0478097397018278,1.2528374972214771,FALSE,9000,Anchorage ,Anchorage ,
1023d923,TGO,LOME,LOME,6,1.2573181277832033,FALSE,18000,Anchorage ,Anchorage ,
1023d88f,TGO,LOME,LOME,5.9477178194206335,1.225106282549727,FALSE,18000,Anchorage ,Anchorage ,Ghana EEZ
1023d893,TGO,LOME,LOME,6,1.2287199388980308,FALSE,18000,Anchorage ,Anchorage ,Ghana EEZ
1023d88d,TGO,LOME,LOME,6,1.2280531245987363,FALSE,18000,Anchorage ,Anchorage ,Ghana EEZ
1023d8e5,TGO,LOME,LOME,5.9532756831903058,1.2435126927125637,FALSE,18000,Anchorage ,Anchorage ,Ghana EEZ
1023d8ed,TGO,LOME,LOME,5.9532189290277389,1.2334179742964788,FALSE,18000,Anchorage ,Anchorage ,Ghana EEZ
1023d947,TGO,LOME,LOME,5.9689618146266463,1.2722796925256961,FALSE,18000,Anchorage ,Anchorage ,
1023d949,TGO,LOME,LOME,5.9738737096691779,1.2717006314970607,FALSE,18000,Anchorage ,Anchorage ,
1023d94f,TGO,LOME,LOME,5.9740602214990579,1.2768940070991914,FALSE,18000,Anchorage ,Anchorage ,
1023d957,TGO,LOME,LOME,6,1.2869589172976812,FALSE,18000,Anchorage ,Anchorage ,
1023d93d,TGO,LOME,LOME,5.9631186470409538,1.2630380164330159,FALSE,18000,Anchorage ,Anchorage ,
1023dc09,TGO,LOME,LOME,5.9845003990890975,1.3013644493726431,FALSE,18000,Anchorage ,Anchorage ,
1023dc6f,TGO,LOME,LOME,5.9948228625157922,1.3150024254441306,FALSE,18000,Anchorage ,Anchorage ,
1023d945,TGO,LOME,LOME,5.9689154786435568,1.2766006575067104,FALSE,18000,Anchorage ,Anchorage ,
1023dc07,TGO,LOME,LOME,5.9844670626370853,1.2962172683491433,FALSE,18000,Anchorage ,Anchorage ,
1023d937,TGO,LOME,LOME,5.9738774185579748,1.2670679749109859,FALSE,18000,Anchorage ,Anchorage ,
1023d939,TGO,LOME,LOME,5.9690593561518837,1.2672056101469242,FALSE,18000,Anchorage ,Anchorage ,
1023d8df,TGO,LOME,LOME,5.9635639942954413,1.2480247891781482,FALSE,18000,Anchorage ,Anchorage ,Ghana EEZ
1023d8ef,TGO,LOME,LOME,5.9530316736000621,1.2393834737092244,FALSE,18000,Anchorage ,Anchorage ,Ghana EEZ
1023d921,TGO,LOME,LOME,5.9636869718945063,1.2527534956128188,FALSE,18000,Anchorage ,Anchorage ,
1023d951,TGO,LOME,LOME,5.9740012193200656,1.281752686581707,FALSE,18000,Anchorage ,Anchorage ,
1023d8e1,TGO,LOME,LOME,5.9584791534467314,1.2482289686844112,FALSE,18000,Anchorage ,Anchorage ,Ghana EEZ
1023d895,TGO,LOME,LOME,6,1.2294314951654974,FALSE,17000,Anchorage ,Anchorage ,Ghana EEZ
1023d8dd,TGO,LOME,LOME,5.9629444360485326,1.2435288310646881,FALSE,17000,Anchorage ,Anchorage ,Ghana EEZ
1023d94b,TGO,LOME,LOME,5.9794544112964312,1.272154507755197,FALSE,17000,Anchorage ,Anchorage ,
1023d8a3,TGO,LOME,LOME,5.9637089421615661,1.2194200516211793,FALSE,17000,Anchorage ,Anchorage ,Ghana EEZ
1023d8eb,TGO,LOME,LOME,5.9579539397516781,1.2335884388888816,FALSE,17000,Anchorage ,Anchorage ,Ghana EEZ
1023dc1b,TGO,LOME,LOME,5.9948934776693017,1.2960802795736883,FALSE,17000,Anchorage ,Anchorage ,
1023d8e9,TGO,LOME,LOME,5.9582578803422912,1.2390896688227824,FALSE,17000,Anchorage ,Anchorage ,Ghana EEZ
1023d927,TGO,LOME,LOME,5.968834501862335,1.253356304614891,FALSE,17000,Anchorage ,Anchorage ,
1023decb,TGO,LOME,LOME,5.9847455712685784,1.2672472053613093,FALSE,17000,Anchorage ,Anchorage ,
1023d8d9,TGO,LOME,LOME,5.9693495640174481,1.2487127265527274,FALSE,17000,Anchorage ,Anchorage ,Ghana EEZ
1023d897,TGO,LOME,LOME,5.9586336047495347,1.2240682073127316,FALSE,17000,Anchorage ,Anchorage ,Ghana EEZ
1023d935,TGO,LOME,LOME,5.9793088540336141,1.2678822258631277,FALSE,17000,Anchorage ,Anchorage ,
1023d8c1,TGO,LOME,LOME,5.9631641467768155,1.2335520412549159,FALSE,17000,Anchorage ,Anchorage ,Ghana EEZ
1023d8d7,TGO,LOME,LOME,6,1,FALSE,17000,Anchorage ,Anchorage ,
1023d953,TGO,LOME,LOME,5.9792982023287342,1.2822246658974616,FALSE,17000,Anchorage ,Anchorage ,
1023d8c3,TGO,LOME,LOME,6,1.2387128461443606,FALSE,17000,Anchorage ,Anchorage ,Ghana EEZ
1023d94d,TGO,LOME,LOME,5.9788033383083858,1.2771768592532657,FALSE,17000,Anchorage ,Anchorage ,
1023dc0d,TGO,LOME,LOME,5.9898627011415213,1.306141521470553,FALSE,17000,Anchorage ,Anchorage ,
1023deb5,TGO,LOME,LOME,5.984597520155253,1.2722236856955536,FALSE,17000,Anchorage ,Anchorage ,
1023d8e7,TGO,LOME,LOME,5.9579162212872276,1.2435753547009043,FALSE,17000,Anchorage ,Anchorage ,Ghana EEZ
1023dc01,TGO,LOME,LOME,5.9847548473241829,1.2917294495846781,FALSE,17000,Anchorage ,Anchorage ,
1023d931,TGO,LOME,LOME,5.9739815548731086,1.262869919520591,FALSE,17000,Anchorage ,Anchorage ,
1023d8bd,TGO,LOME,LOME,5.9632366755384938,1.2237739396140461,FALSE,17000,Anchorage ,Anchorage ,Ghana EEZ
1023dc73,TGO,LOME,LOME,5.9894074864871394,1.3112097066534714,FALSE,17000,Anchorage ,Anchorage ,
1023deab,TGO,LOME,LOME,6,1.2864994535802188,FALSE,17000,Anchorage ,Anchorage ,
1023dead,TGO,LOME,LOME,6,1.2824433968644637,FALSE,17000,Anchorage ,Anchorage ,
1023dc05,TGO,LOME,LOME,5.9902668581295329,1.2966056358480349,FALSE,17000,Anchorage ,Anchorage ,
1023d8bf,TGO,LOME,LOME,5.9632831028364581,1.2294399716262918,FALSE,17000,Anchorage ,Anchorage ,Ghana EEZ
1023d925,TGO,LOME,LOME,5.9682456574459657,1.258341355692596,FALSE,17000,Anchorage ,Anchorage ,
1023d93b,TGO,LOME,LOME,5.9688334578878957,1.2622653876108569,FALSE,17000,Anchorage ,Anchorage ,
1023d955,TGO,LOME,LOME,5.979459187824518,1.2865094496083691,FALSE,17000,Anchorage ,Anchorage ,
1023d891,TGO,LOME,LOME,5.9530025376572544,1.2240561080693784,FALSE,17000,Anchorage ,Anchorage ,Ghana EEZ
1023d92f,TGO,LOME,LOME,5.9740018721811623,1.2583623862066236,FALSE,17000,Anchorage ,Anchorage ,
1023d929,TGO,LOME,LOME,5.9736491736450725,1.2535743963853518,FALSE,17000,Anchorage ,Anchorage ,
1023dc0f,TGO,LOME,LOME,5.9899301786474091,1.300674132830127,FALSE,17000,Anchorage ,Anchorage ,
1023dc6d,TGO,LOME,LOME,5.9948836773140881,1.3109570954899568,FALSE,17000,Anchorage ,Anchorage ,
1023deb3,TGO,LOME,LOME,5.9843051816462554,1.2770152309603047,FALSE,17000,Anchorage ,Anchorage ,